postId	champ	balise	hote	url
1003	chapoHtml	img	musicontempo.free.fr	http://musicontempo.free.fr/salvayre_le_bravo_dedicace.jpg
1007	corpsHtml	object	operacritiques.free.fr	http://operacritiques.free.fr/css/dewplayer.swf?son=http://musicontempo.free.fr/picro.mp3
1009	corpsHtml	object	operacritiques.free.fr	http://operacritiques.free.fr/css/dewplayer.swf?son=http://musicontempo.free.fr/contremet2.mp3
1009	chapoHtml	object	operacritiques.free.fr	http://operacritiques.free.fr/css/dewplayer.swf?son=http://musicontempo.free.fr/circolo.mp3
1009	chapoHtml	object	operacritiques.free.fr	http://operacritiques.free.fr/css/dewplayer.swf?son=http://musicontempo.free.fr/circolo_perduto.mp3
1009	chapoHtml	lien	musicontempo.free.fr	http://musicontempo.free.fr/non.mp3
101	corpsHtml	object	operacritiques.free.fr	http://operacritiques.free.fr/css/dewplayer-multi.swf?son=http://operacritiques.free.fr/css/sons/wagram_imaginaire.mp3
1011	corpsHtml	audio	musicontempo.free.fr	http://musicontempo.free.fr/funebre_inbal.mp3
1011	corpsHtml	audio	musicontempo.free.fr	http://musicontempo.free.fr/funebre_kubelik.mp3
1011	chapoHtml	img	musicontempo.free.fr	http://musicontempo.free.fr/siegfried_marche_funebre.jpg
1011	chapoHtml	audio	musicontempo.free.fr	http://musicontempo.free.fr/funebre_furtie.mp3
1011	notesHtml	object	operacritiques.free.fr	http://operacritiques.free.fr/css/dewplayer.swf?son=http://musicontempo.free.fr/funebre_inbal.mp3
1011	notesHtml	object	operacritiques.free.fr	http://operacritiques.free.fr/css/dewplayer.swf?son=http://musicontempo.free.fr/funebre_kubelik.mp3
1012	chapoHtml	img	musicontempo.free.fr	http://musicontempo.free.fr/yves_nat.jpg
1017	corpsHtml	img	musicontempo.free.fr	http://musicontempo.free.fr/eschyle_prodromides_perses_prat.jpg
1017	corpsHtml	img	musicontempo.free.fr	http://musicontempo.free.fr/eschyle_prodromides_perses_prat_3.jpg
1017	chapoHtml	img	musicontempo.free.fr	http://musicontempo.free.fr/eschyle_prodromides_perses_prat_5.jpg
1017	chapoHtml	img	musicontempo.free.fr	http://musicontempo.free.fr/eschyle_prodromides_perses_prat_6.jpg
1017	chapoHtml	img	musicontempo.free.fr	http://musicontempo.free.fr/eschyle_prodromides_perses_prat_4.jpg
1017	chapoHtml	img	musicontempo.free.fr	http://musicontempo.free.fr/eschyle_prodromides_perses_prat_2.jpg
1022	corpsHtml	object	operacritiques.free.fr	http://operacritiques.free.fr/css/dewplayer.swf?son=http://musicontempo.free.fr/alma_waldseligkeit.mp3
1024	corpsHtml	object	operacritiques.free.fr	http://operacritiques.free.fr/css/dewplayer.swf?son=http://musicontempo.free.fr/alma_waldseligkeit_2.mp3
1024	chapoHtml	img	musicontempo.free.fr	http://musicontempo.free.fr/alma_schindler_mahler_2.jpg
1030	corpsHtml	img	illiweb.com	http://illiweb.com/fa/i/smiles/icon_viking.png
1030	chapoHtml	img	musicontempo.free.fr	http://musicontempo.free.fr/daniel_barenboim_west_eastern_divan_orchestra_2008.jpg
1031	corpsHtml	object	operacritiques.free.fr	http://operacritiques.free.fr/css/dewplayer.swf?son=http://www.norbert-sheila.co.uk/audio/thais.mp3
1032	corpsHtml	object	operacritiques.free.fr	http://operacritiques.free.fr/css/dewplayer.swf?son=http://musicontempo.free.fr/no_artist_renee_fleming.mp3
1041	chapoHtml	object	operacritiques.free.fr	http://operacritiques.free.fr/css/dewplayer.swf?son=http://operacritiques.free.fr/css/images/reyer_salammbo_dlm.mp3
1043	corpsHtml	img	jiwa.fr	http://jiwa.fr/static/img/album/210/126610.jpg
1043	corpsHtml	embed	jiwa.fr	http://jiwa.fr/res/widget/monotitle.swf?trackId=978470&skin=round&volumePreview=FF9900&volume=FF9900&tint=E5DCB1;0;0;0
1043	corpsHtml	img	counters.gigya.com	http://counters.gigya.com/wildfire/IMP/CXNID=2000002.0NXC/bT*xJmx*PTEyMjM1MTkzODYwNjUmcHQ9MTIyMzUxOTM5MjYxMiZwPTMwODM*MSZkPSZuPSZnPTEmdD*mbz1hMTcwMzYzNzY3Mzc*OTEyOWE2Zjc4NzY1YjgxMzE*OA==.gif
1047	chapoHtml	embed	www.deezer.com	http://www.deezer.com/embedded/widget.swf?path=12228329&lang=fr&colorBack=0x525252&colorVolume=0x00CCFF&colorScrollbar=0x666666&colorText=0xFFFFFF&autoplay=0&autoShuffle=0&id=3707252
1048	corpsHtml	img	upload.wikimedia.org	http://upload.wikimedia.org/wikipedia/commons/3/38/Claude_Lorrain_002.jpg
1048	chapoHtml	img	www.artisteclair.com	http://www.artisteclair.com/files/peint-11.jpg
1049	corpsHtml	embed	www.deezer.com	http://www.deezer.com/embedded/small-widget-v2.swf?idSong=798952&colorBackground=0x525252&textColor1=0xFFFFFF&colorVolume=0x39D1FD&autoplay=0
1050	chapoHtml	object	operacritiques.free.fr	http://operacritiques.free.fr/css/dewplayer.swf?son=http://musicontempo.free.fr/mignon_harfner.mp3
1050	chapoHtml	lien	musicontempo.free.fr	http://musicontempo.free.fr/mignon_harfner.pdf
1056	chapoHtml	embed	www.deezer.com	http://www.deezer.com/embedded/widget.swf?path=12942308&lang=fr&colorBack=0x525252&colorVolume=0x00CCFF&colorScrollbar=0x666666&colorText=0xFFFFFF&autoplay=0&autoShuffle=0&id=3707252
1057	chapoHtml	img	musicontempo.free.fr	http://musicontempo.free.fr/palais_garnier_opera_de_paris.jpg
1058	chapoHtml	object	operacritiques.free.fr	http://operacritiques.free.fr/css/dewplayer.swf?son=http://musicontempo.free.fr/reyer_salammbo_marseille.mp3
1058	chapoHtml	object	operacritiques.free.fr	http://operacritiques.free.fr/css/dewplayer.swf?son=http://operacritiques.free.fr/css/images/reyer_salammbo_dlm.mp3
1059	corpsHtml	object	operacritiques.free.fr	http://operacritiques.free.fr/css/dewplayer.swf?son=http://musicontempo.free.fr/erwin_schulhoff_flammen_opera_de_waart_interlude_1_2.mp3
1059	corpsHtml	lien	imagesforum.doctissimo.fr	http://imagesforum.doctissimo.fr/mesimages/1223143/bebe-pieuvre.jpg
1059	chapoHtml	img	www.rgrossmusicautograph.com	http://www.rgrossmusicautograph.com/72/schulhoff72.jpg
1060	corpsHtml	img	musicontempo.free.fr	http://musicontempo.free.fr/bach_levy.jpg
1061	chapoHtml	img	musicontempo.free.fr	http://musicontempo.free.fr/robert.jpg
1062	corpsHtml	object	operacritiques.free.fr	http://operacritiques.free.fr/css/dewplayer.swf?son=http://musicontempo.free.fr/john_antill_corroboree.mp3
1063	corpsHtml	object	operacritiques.free.fr	http://operacritiques.free.fr/css/dewplayer.swf?son=http://musicontempo.free.fr/lully_cadmus_hermione_rousset.mp3
1063	chapoHtml	object	operacritiques.free.fr	http://operacritiques.free.fr/css/dewplayer.swf?son=http://musicontempo.free.fr/lully_cadmus_hermione_dumestre.mp3
1064	corpsHtml	img	musicontempo.free.fr	http://musicontempo.free.fr/ives_symphonies_bernstein.jpg
1065	corpsHtml	img	ec1.images-amazon.com	http://ec1.images-amazon.com/images/P/B000025Q05.03._AA240_SCLZZZZZZZ_.jpg
1065	corpsHtml	img	jiwa.fr	http://jiwa.fr/static/img/album/210/126610.jpg
1065	chapoHtml	img	ecx.images-amazon.com	http://ecx.images-amazon.com/images/I/41HM4YDQ86L._SL500_AA240_.jpg
1067	corpsHtml	object	operacritiques.free.fr	http://operacritiques.free.fr/css/dewplayer.swf?son=http://operacritiques.free.fr/css/images/dielorelei_e.mp3
1067	corpsHtml	object	operacritiques.free.fr	http://operacritiques.free.fr/css/dewplayer.swf?son=http://operacritiques.free.fr/css/images/tristan_1.mp3
1067	corpsHtml	object	operacritiques.free.fr	http://operacritiques.free.fr/css/dewplayer.swf?son=http://operacritiques.free.fr/css/images/begegnet.mp3
1067	corpsHtml	object	operacritiques.free.fr	http://operacritiques.free.fr/css/dewplayer.swf?son=http://operacritiques.free.fr/css/images/tristan_2.mp3
1069	corpsHtml	img	www.webthea.com	http://www.webthea.com/actualites/IMG/cache-233x350/3-34-233x350.jpg
1075	chapoHtml	img	piloris.free.fr	http://piloris.free.fr/lhote/photo0068.jpg
1076	chapoHtml	object	operacritiques.free.fr	http://operacritiques.free.fr/css/dewplayer.swf?son=http://musicontempo.free.fr/dongio.mp3
1076	chapoHtml	object	operacritiques.free.fr	http://operacritiques.free.fr/css/dewplayer.swf?son=http://musicontempo.free.fr/zampa_juan.mp3
1078	corpsHtml	img	ecx.images-amazon.com	http://ecx.images-amazon.com/images/I/41eSOPnlqkL._SL500_AA240_.jpg
1078	chapoHtml	img	ecx.images-amazon.com	http://ecx.images-amazon.com/images/I/419xs94kTDL._SL500_AA240_.jpg
1078	chapoHtml	embed	www.deezer.com	http://www.deezer.com/embedded/widget.swf?path=14491449&lang=FR&colorBack=0x990066&colorVolume=0x003D31&colorScrollbar=0x005C5C&colorText=0xFFFFFF&autoplay=0&autoShuffle=0&id=3707252
1081	corpsHtml	lien	musicontempo.free.fr	http://musicontempo.free.fr/lully_bacchus.mp3
1083	corpsHtml	object	operacritiques.free.fr	http://operacritiques.free.fr/css/dewplayer.swf?son=http://musicontempo.free.fr/bach_amadis_de_gaule_colloque.mp3
1083	chapoHtml	object	operacritiques.free.fr	http://operacritiques.free.fr/css/dewplayer.swf?son=http://musicontempo.free.fr/bach_amadis_de_gaule_duel.mp3
1083	chapoHtml	object	operacritiques.free.fr	http://operacritiques.free.fr/css/dewplayer.swf?son=http://musicontempo.free.fr/bach_amadis_de_gaule_aveu.mp3
1085	corpsHtml	object	operacritiques.free.fr	http://operacritiques.free.fr/css/dewplayer.swf?son=http://musicontempo.free.fr/leeuw_tremolo.mp3
1085	corpsHtml	object	operacritiques.free.fr	http://operacritiques.free.fr/css/dewplayer.swf?son=http://musicontempo.free.fr/genvrin_non_tremolo.mp3
1090	corpsHtml	object	operacritiques.free.fr	http://operacritiques.free.fr/css/dewplayer.swf?son=http://musicontempo.free.fr/humour_css/ss_pianistes.mp3
1090	corpsHtml	object	operacritiques.free.fr	http://operacritiques.free.fr/css/dewplayer.swf?son=http://musicontempo.free.fr/humour_css/mozart_spass.mp3
1090	corpsHtml	object	operacritiques.free.fr	http://operacritiques.free.fr/css/dewplayer.swf?son=http://musicontempo.free.fr/humour_css/ades_caccia.mp3
1090	corpsHtml	object	operacritiques.free.fr	http://operacritiques.free.fr/css/dewplayer.swf?son=http://musicontempo.free.fr/humour_css/damase_colombe.mp3
1090	corpsHtml	object	operacritiques.free.fr	http://operacritiques.free.fr/css/dewplayer.swf?son=http://musicontempo.free.fr/humour_css/krasa_bellini.mp3
1090	corpsHtml	object	operacritiques.free.fr	http://operacritiques.free.fr/css/dewplayer.swf?son=http://musicontempo.free.fr/humour_css/bridge_marche_militaire.mp3
1090	corpsHtml	object	operacritiques.free.fr	http://operacritiques.free.fr/css/dewplayer.swf?son=http://musicontempo.free.fr/humour_css/glass.mp3
1090	chapoHtml	object	operacritiques.free.fr	http://operacritiques.free.fr/css/dewplayer.swf?son=http://musicontempo.free.fr/humour_css/lully_cadmus.mp3
1090	chapoHtml	object	operacritiques.free.fr	http://operacritiques.free.fr/css/dewplayer.swf?son=http://musicontempo.free.fr/humour_css/damase_eugene.mp3
1090	chapoHtml	object	operacritiques.free.fr	http://operacritiques.free.fr/css/dewplayer.swf?son=http://musicontempo.free.fr/humour_css/holliger_prince.mp3
1090	chapoHtml	object	operacritiques.free.fr	http://operacritiques.free.fr/css/dewplayer.swf?son=http://musicontempo.free.fr/humour_css/ekstroem.mp3
1090	chapoHtml	object	operacritiques.free.fr	http://operacritiques.free.fr/css/dewplayer.swf?son=http://musicontempo.free.fr/humour_css/auber_nuit.mp3
1090	chapoHtml	object	operacritiques.free.fr	http://operacritiques.free.fr/css/dewplayer.swf?son=http://musicontempo.free.fr/humour_css/aboulker_petibon.mp3
1090	chapoHtml	object	operacritiques.free.fr	http://operacritiques.free.fr/css/dewplayer.swf?son=http://musicontempo.free.fr/humour_css/j.strauss_polka_paysans.mp3
1092	corpsHtml	object	operacritiques.free.fr	http://operacritiques.free.fr/css/dewplayer.swf?son=http://musicontempo.free.fr/saint_gilles.mp3
1093	corpsHtml	img	musicontempo.free.fr	http://musicontempo.free.fr/richard_strauss_elektra_sawallisch_marton_studer_1.jpg
1093	corpsHtml	img	musicontempo.free.fr	http://musicontempo.free.fr/richard_strauss_elektra_sawallisch_marton_studer_reedition.jpg
1093	chapoHtml	img	musicontempo.free.fr	http://musicontempo.free.fr/richard_strauss_elektra_rose_pauly_rosa.jpg
1095	corpsHtml	object	operacritiques.free.fr	http://operacritiques.free.fr/css/dewplayer.swf?son=http://musicontempo.free.fr/sombre_destinee.mp3
1096	corpsHtml	img	ecx.images-amazon.com	http://ecx.images-amazon.com/images/I/51j9l4RbI-L._SL500_AA240_.jpg
1096	chapoHtml	img	ecx.images-amazon.com	http://ecx.images-amazon.com/images/I/5189TFueq8L._SL500_AA240_.jpg
1098	corpsHtml	object	operacritiques.free.fr	http://operacritiques.free.fr/css/dewplayer.swf?son=http://musicontempo.free.fr/lesueur_operas_la_caverne_le_sueur_pruvot.mp3
1099	chapoHtml	img	www.london-architecture.info	http://www.london-architecture.info/St_Stephen_Walbrook(3).jpg
1103	corpsHtml	lien	musicontempo.free.fr	http://musicontempo.free.fr/serenade.mp3
1104	chapoHtml	img	ecx.images-amazon.com	http://ecx.images-amazon.com/images/I/51DPHDXTK0L._SL500_AA240_.jpg
1105	chapoHtml	img	ecx.images-amazon.com	http://ecx.images-amazon.com/images/I/51R58WA8FKL._SL500_AA240_.jpg
1107	corpsHtml	img	ecx.images-amazon.com	http://ecx.images-amazon.com/images/I/41EssRSjadL._SL500_AA242_PIkin-dp-500,BottomRight,-21,38_AA280_SH20_OU01_.jpg
1107	corpsHtml	img	www.musicalpress.org	http://www.musicalpress.org/Livres/Serrou.jpg
1107	chapoHtml	img	ecx.images-amazon.com	http://ecx.images-amazon.com/images/I/414DA2H3JJL._SL500_AA240_.jpg
1107	chapoHtml	img	ecx.images-amazon.com	http://ecx.images-amazon.com/images/I/51ZmvFXuBFL._SL500_AA240_.jpg
1107	chapoHtml	object	operacritiques.free.fr	http://operacritiques.free.fr/css/dewplayer.swf?son=http://musicontempo.free.fr/intermezzo_nibelung.mp3
1107	chapoHtml	object	operacritiques.free.fr	http://operacritiques.free.fr/css/dewplayer.swf?son=http://musicontempo.free.fr/enclume.mp3
1110	corpsHtml	img	www.operajaponica.org	http://www.operajaponica.org/graphics/photos/france/compiegne/compiegnedinorah/compiegnedinorah1.jpg
1110	corpsHtml	img	www.imineo.com	http://www.imineo.com/movie_imgs/2c_large/dinorah-vod.jpg
1110	corpsHtml	lien	musicontempo.free.fr	http://musicontempo.free.fr/non.mp3
1110	chapoHtml	img	users.skynet.be	http://users.skynet.be/sb248981/compiegne.jpg
1112	corpsHtml	img	george.onslow.free.fr	http://george.onslow.free.fr/cd3.jpg
1112	corpsHtml	img	george.onslow.free.fr	http://george.onslow.free.fr/4cd1.jpg
1112	corpsHtml	img	graphics.musicme.com	http://graphics.musicme.com/jpg343/3487549901789.jpg
1112	corpsHtml	img	george.onslow.googlepages.com	http://george.onslow.googlepages.com/PV7050511web.jpg/PV7050511web-full.jpg
1112	corpsHtml	img	graphics.musicme.com	http://graphics.musicme.com/jpg343/0761203715121.jpg
1112	corpsHtml	img	george.onslow.free.fr	http://george.onslow.free.fr/cd1.jpg
1112	corpsHtml	img	graphics.musicme.com	http://graphics.musicme.com/jpg343/u0809274953629.jpg
1113	chapoHtml	img	ecx.images-amazon.com	http://ecx.images-amazon.com/images/I/51F7pi9vLsL._SL500_AA240_.jpg
1114	corpsHtml	object	operacritiques.free.fr	http://operacritiques.free.fr/css/dewplayer.swf?son=http://musicontempo.free.fr/alti.mp3
1114	chapoHtml	object	operacritiques.free.fr	http://operacritiques.free.fr/css/dewplayer.swf?son=http://musicontempo.free.fr/violini.mp3
1116	corpsHtml	object	operacritiques.free.fr	http://operacritiques.free.fr/css/dewplayer.swf?son=http://operacritiques.free.fr/css/images/samson_dalida_dalila.mp3
1117	corpsHtml	object	operacritiques.free.fr	http://operacritiques.free.fr/css/dewplayer.swf?son=http://operacritiques.free.fr/css/images/rencontre_elvira.mp3
1117	corpsHtml	object	operacritiques.free.fr	http://operacritiques.free.fr/css/dewplayer.swf?son=http://operacritiques.free.fr/css/images/rencontre_ritta.mp3
1119	corpsHtml	img	www.ocms-music.org.uk	http://www.ocms-music.org.uk/OCMS-2007-8/SarahWilliamson-low.jpg
1121	corpsHtml	object	operacritiques.free.fr	http://operacritiques.free.fr/css/dewplayer.swf?son=http://operacritiques.free.fr/css/images/jacquet_allemande_d.mp3
1121	corpsHtml	object	operacritiques.free.fr	http://operacritiques.free.fr/css/dewplayer.swf?son=http://operacritiques.free.fr/css/images/jacquet_chaconne_a.mp3
1121	corpsHtml	object	operacritiques.free.fr	http://operacritiques.free.fr/css/dewplayer.swf?son=http://operacritiques.free.fr/css/images/jacquet_chaconne_d.mp3
1122	corpsHtml	lien	operacritiques.free.fr	http://operacritiques.free.fr/css/sons/dlm_jacquet_.mp3
1122	corpsHtml	lien	operacritiques.free.fr	http://operacritiques.free.fr/css/sons/dlm_telaire_.mp3
1122	corpsHtml	lien	operacritiques.free.fr	http://operacritiques.free.fr/css/sons/dlm_basson_.mp3
1122	corpsHtml	lien	operacritiques.free.fr	http://operacritiques.free.fr/css/sons/dlm_dardanus_.mp3
1133	corpsHtml	object	operacritiques.free.fr	http://operacritiques.free.fr/css/dewplayer.swf?son=http://operacritiques.free.fr/css/sons/ernst_toch_fugue_geographie.mp3
1134	corpsHtml	object	operacritiques.free.fr	http://operacritiques.free.fr/css/dewplayer.swf?son=http://operacritiques.free.fr/css/sons/orlowski.mp3
1137	corpsHtml	object	operacritiques.free.fr	http://operacritiques.free.fr/css/dewplayer.swf?son=http://operacritiques.free.fr/css/sons/france_24.mp3
1138	chapoHtml	object	operacritiques.free.fr	http://operacritiques.free.fr/css/dewplayer.swf?son=http://operacritiques.free.fr/css/sons/hamerik_1b.mp3
1138	chapoHtml	object	operacritiques.free.fr	http://operacritiques.free.fr/css/dewplayer.swf?son=http://operacritiques.free.fr/css/sons/nielsen_1a.mp3
1146	corpsHtml	object	operacritiques.free.fr	http://operacritiques.free.fr/css/dewplayer.swf?son=http://operacritiques.free.fr/css/sons/walkuere_css.mp3
1146	corpsHtml	object	operacritiques.free.fr	http://operacritiques.free.fr/css/dewplayer.swf?son=http://operacritiques.free.fr/css/sons/valkyrie_css.mp3
1149	chapoHtml	img	graphics8.nytimes.com	http://graphics8.nytimes.com/images/2005/07/28/arts/Eichler184.jpg
1151	chapoHtml	img	www.kv-staatsopernchor.at	http://www.kv-staatsopernchor.at/breitwand/gezeichneten_salz05_uhlig.jpg
1151	chapoHtml	embed	www.youtube.com	http://www.youtube.com/v/_IMU4rfCUtE&hl=fr&fs=1
1152	corpsHtml	object	operacritiques.free.fr	http://operacritiques.free.fr/css/dewplayer.swf?son=http://operacritiques.free.fr/css/sons/herode_antipas.mp3
1153	corpsHtml	img	ecx.images-amazon.com	http://ecx.images-amazon.com/images/I/51NewJ7K1pL._SL500_AA240_.jpg
1155	corpsHtml	img	www.jpc.de	http://www.jpc.de/cmsimage/id/1085935.jpg
1156	chapoHtml	embed	www.wat.tv	http://www.wat.tv/swf2/588577CRhHv0y2162842
1157	corpsHtml	object	operacritiques.free.fr	http://operacritiques.free.fr/css/dewplayer.swf?son=http://operacritiques.free.fr/css/sons/kolossal.mp3
1158	chapoHtml	img	www.signandsight.com	http://www.signandsight.com/cdata/artikel/285/66_gezei31xxxx.jpg
1159	corpsHtml	img	images-jp.amazon.com	http://images-jp.amazon.com/images/P/B0000255ES.09.MZZZZZZZ.jpg
1160	chapoHtml	img	ecx.images-amazon.com	http://ecx.images-amazon.com/images/I/51X6CA8JCDL._SL500_AA240_.jpg
1160	chapoHtml	object	operacritiques.free.fr	http://operacritiques.free.fr/css/dewplayer.swf?son=http://operacritiques.free.fr/css/sons/chopin_nocturne_garrick_ohlsson.mp3
1161	corpsHtml	img	www.playbillarts.com	http://www.playbillarts.com/images/photos/SvetlanovA200.jpg
1163	chapoHtml	object	operacritiques.free.fr	http://operacritiques.free.fr/css/dewplayer.swf?son=http://operacritiques.free.fr/css/sons/tiefland.mp3
1163	chapoHtml	img	www.esounds.com	http://www.esounds.com/esounds/img/packshots/5099923448292-lf.jpg
1164	chapoHtml	img	ecx.images-amazon.com	http://ecx.images-amazon.com/images/I/51XGXXBMC7L._SL500_AA240_.jpg
1166	corpsHtml	embed	www.youtube.com	http://www.youtube.com/v/onJb-F-KQ&hl=fr&fs=1
1166	notesHtml	embed	www.youtube.com	http://www.youtube.com/v/onJb-F-KQ&hl=fr&fs=1
1167	corpsHtml	img	expositions.bnf.fr	http://expositions.bnf.fr/voix/images/img_ecoute/04.png
1167	corpsHtml	img	expositions.bnf.fr	http://expositions.bnf.fr/voix/images/img_ecoute/15.png
1167	corpsHtml	img	expositions.bnf.fr	http://expositions.bnf.fr/voix/images/img_ecoute/08.png
1169	corpsHtml	img	www.cuartetoquiroga.com	http://www.cuartetoquiroga.com/es/system/files/images/quiroga1.preview.jpg
1173	corpsHtml	object	operacritiques.free.fr	http://operacritiques.free.fr/css/dewplayer.swf?son=http://operacritiques.free.fr/css/sons/pelleas_boris_1.mp3
1173	corpsHtml	object	operacritiques.free.fr	http://operacritiques.free.fr/css/dewplayer.swf?son=http://operacritiques.free.fr/css/sons/pelleas_boris_2.mp3
1173	chapoHtml	object	operacritiques.free.fr	http://operacritiques.free.fr/css/dewplayer.swf?son=http://operacritiques.free.fr/css/sons/boris_acte_1.mp3
1174	chapoHtml	img	multimedia.fnac.com	http://multimedia.fnac.com/multimedia/images_produits/ZoomPE/1/7/5/0028947780571.jpg
1181	corpsHtml	img	multimedia.fnac.com	http://multimedia.fnac.com/multimedia/images_produits/ZoomPE/5/2/9/0636943111925.jpg
1181	corpsHtml	object	operacritiques.free.fr	http://operacritiques.free.fr/css/dewplayer.swf?son=http://musicontempo.free.fr/pastropbien.mp3
1181	corpsHtml	lien	209.85.229.132	http://209.85.229.132/search?q=cache:a7VSXDZDsGIJ:www.revues-plurielles.org/_uploads/pdf/12_85_9.pdf
1181	chapoHtml	img	ecx.images-amazon.com	http://ecx.images-amazon.com/images/I/41A0PDFG58L._SL500_AA240_.jpg
1182	corpsHtml	img	www.brunodelaigue.com	http://www.brunodelaigue.com/images/peer_gynt_mars_2009_actu.jpg
1183	chapoHtml	img	ecx.images-amazon.com	http://ecx.images-amazon.com/images/I/41G1J4G5W8L._SL500_AA240_.jpg
1187	corpsHtml	embed	www.youtube.com	http://www.youtube.com/v/3Qb8P-l8t3s&hl=fr&fs=1
1187	corpsHtml	embed	www.youtube.com	http://www.youtube.com/v/vzQgbhnbf_I&hl=fr&fs=1
1188	corpsHtml	img	graphics.musicme.com	http://graphics.musicme.com/jpg343/u0795041964229.jpg
1188	corpsHtml	img	www.warnerclassicsandjazz.com	http://www.warnerclassicsandjazz.com/assets/news/images/glazunov_47.jpg
119	corpsHtml	img	operacritiques.free.fr	http://operacritiques.free.fr/stigmatesopera.jpg
1190	corpsHtml	object	operacritiques.free.fr	http://operacritiques.free.fr/css/dewplayer.swf?son=http://operacritiques.free.fr/css/sons/toutestfini.mp3
1193	corpsHtml	object	operacritiques.free.fr	http://operacritiques.free.fr/css/dewplayer.swf?son=http://operacritiques.free.fr/css/sons/freischuetz_ouverture.mp3
1193	corpsHtml	object	operacritiques.free.fr	http://operacritiques.free.fr/css/dewplayer.swf?son=http://operacritiques.free.fr/css/sons/oberon_ouverture.mp3
1193	corpsHtml	object	operacritiques.free.fr	http://operacritiques.free.fr/css/dewplayer.swf?son=http://operacritiques.free.fr/css/sons/vampyr_ouverture.mp3
1193	corpsHtml	object	operacritiques.free.fr	http://operacritiques.free.fr/css/dewplayer.swf?son=http://operacritiques.free.fr/css/sons/feen_ouverture.mp3
1193	corpsHtml	object	operacritiques.free.fr	http://operacritiques.free.fr/css/dewplayer.swf?son=http://operacritiques.free.fr/css/sons/hollaender_ouverture.mp3
1193	corpsHtml	lien	operacritiques.free.fr	http://operacritiques.free.fr/css/sons/vampyr_ouverture.mp3
1193	chapoHtml	object	operacritiques.free.fr	http://operacritiques.free.fr/css/dewplayer.swf?son=http://operacritiques.free.fr/css/sons/cabalette_florinda.mp3
1193	chapoHtml	object	operacritiques.free.fr	http://operacritiques.free.fr/css/dewplayer.swf?son=http://operacritiques.free.fr/css/sons/ponctuation_gernot.mp3
1193	chapoHtml	object	operacritiques.free.fr	http://operacritiques.free.fr/css/dewplayer.swf?son=http://operacritiques.free.fr/css/sons/vampyr_ponctuation.mp3
1193	chapoHtml	lien	operacritiques.free.fr	http://operacritiques.free.fr/css/sons/vampyr_ponctuation.mp3
1194	corpsHtml	audio	operacritiques.free.fr	http://operacritiques.free.fr/css/sons/prononciation_delunsch.mp3
1194	corpsHtml	audio	operacritiques.free.fr	http://operacritiques.free.fr/css/sons/prononciation_netrebko.mp3
1194	corpsHtml	audio	operacritiques.free.fr	http://operacritiques.free.fr/css/sons/prononciation_keenlyside.mp3
1194	corpsHtml	audio	operacritiques.free.fr	http://operacritiques.free.fr/css/sons/prononciation_christoff.mp3
1194	corpsHtml	audio	operacritiques.free.fr	http://operacritiques.free.fr/css/sons/prononciation_addis.mp3
1194	corpsHtml	audio	operacritiques.free.fr	http://operacritiques.free.fr/css/sons/prononciation_allen.mp3
1194	corpsHtml	audio	operacritiques.free.fr	http://operacritiques.free.fr/css/sons/prononciation_hendricks.mp3
1194	corpsHtml	audio	operacritiques.free.fr	http://operacritiques.free.fr/css/sons/prononciation_burden.mp3
1194	chapoHtml	audio	operacritiques.free.fr	http://operacritiques.free.fr/css/sons/prononciation_panzera.mp3
1194	chapoHtml	audio	operacritiques.free.fr	http://operacritiques.free.fr/css/sons/prononciation_hunt-lieberson.mp3
1194	chapoHtml	audio	operacritiques.free.fr	http://operacritiques.free.fr/css/sons/prononciation_sutherland.mp3
1194	notesHtml	object	operacritiques.free.fr	http://operacritiques.free.fr/css/dewplayer.swf?son=http://operacritiques.free.fr/css/sons/prononciation_panzera.mp3
1194	notesHtml	object	operacritiques.free.fr	http://operacritiques.free.fr/css/dewplayer.swf?son=http://operacritiques.free.fr/css/sons/prononciation_hunt-lieberson.mp3
1194	notesHtml	object	operacritiques.free.fr	http://operacritiques.free.fr/css/dewplayer.swf?son=http://operacritiques.free.fr/css/sons/prononciation_sutherland.mp3
1194	notesHtml	object	operacritiques.free.fr	http://operacritiques.free.fr/css/dewplayer.swf?son=http://operacritiques.free.fr/css/sons/prononciation_delunsch.mp3
1194	notesHtml	object	operacritiques.free.fr	http://operacritiques.free.fr/css/dewplayer.swf?son=http://operacritiques.free.fr/css/sons/prononciation_netrebko.mp3
1194	notesHtml	object	operacritiques.free.fr	http://operacritiques.free.fr/css/dewplayer.swf?son=http://operacritiques.free.fr/css/sons/prononciation_keenlyside.mp3
1194	notesHtml	object	operacritiques.free.fr	http://operacritiques.free.fr/css/dewplayer.swf?son=http://operacritiques.free.fr/css/sons/prononciation_christoff.mp3
1194	notesHtml	object	operacritiques.free.fr	http://operacritiques.free.fr/css/dewplayer.swf?son=http://operacritiques.free.fr/css/sons/prononciation_addis.mp3
1194	notesHtml	object	operacritiques.free.fr	http://operacritiques.free.fr/css/dewplayer.swf?son=http://operacritiques.free.fr/css/sons/prononciation_allen.mp3
1194	notesHtml	object	operacritiques.free.fr	http://operacritiques.free.fr/css/dewplayer.swf?son=http://operacritiques.free.fr/css/sons/prononciation_hendricks.mp3
1194	notesHtml	object	operacritiques.free.fr	http://operacritiques.free.fr/css/dewplayer.swf?son=http://operacritiques.free.fr/css/sons/prononciation_burden.mp3
1195	corpsHtml	object	operacritiques.free.fr	http://operacritiques.free.fr/css/dewplayer.swf?son=http://operacritiques.free.fr/css/sons/gernot_1.mp3
1195	corpsHtml	object	operacritiques.free.fr	http://operacritiques.free.fr/css/dewplayer.swf?son=http://operacritiques.free.fr/css/sons/gernot_2.mp3
1195	corpsHtml	object	operacritiques.free.fr	http://operacritiques.free.fr/css/dewplayer.swf?son=http://operacritiques.free.fr/css/sons/gernot_3.mp3
1195	corpsHtml	object	operacritiques.free.fr	http://operacritiques.free.fr/css/dewplayer.swf?son=http://operacritiques.free.fr/css/sons/arindal_vents.mp3
1195	corpsHtml	object	operacritiques.free.fr	http://operacritiques.free.fr/css/dewplayer.swf?son=http://operacritiques.free.fr/css/sons/ada_bois.mp3
1195	corpsHtml	object	operacritiques.free.fr	http://operacritiques.free.fr/css/dewplayer.swf?son=http://operacritiques.free.fr/css/sons/groma_cors.mp3
1195	corpsHtml	object	operacritiques.free.fr	http://operacritiques.free.fr/css/dewplayer.swf?son=http://operacritiques.free.fr/css/sons/ada_bois.mp3
1195	corpsHtml	object	operacritiques.free.fr	http://operacritiques.free.fr/css/dewplayer.swf?son=http://operacritiques.free.fr/css/sons/gernot_1.mp3
1195	corpsHtml	object	operacritiques.free.fr	http://operacritiques.free.fr/css/dewplayer.swf?son=http://operacritiques.free.fr/css/sons/gernot_2.mp3
1195	corpsHtml	object	operacritiques.free.fr	http://operacritiques.free.fr/css/dewplayer.swf?son=http://operacritiques.free.fr/css/sons/gernot_3.mp3
1195	corpsHtml	object	operacritiques.free.fr	http://operacritiques.free.fr/css/dewplayer.swf?son=http://operacritiques.free.fr/css/sons/leitmotiv_sorciere.mp3
1195	chapoHtml	object	operacritiques.free.fr	http://operacritiques.free.fr/css/dewplayer.swf?son=http://operacritiques.free.fr/css/sons/feen_co_hollaender.mp3
1195	chapoHtml	object	operacritiques.free.fr	http://operacritiques.free.fr/css/dewplayer.swf?son=http://operacritiques.free.fr/css/sons/feen_hollaender.mp3
1195	chapoHtml	object	operacritiques.free.fr	http://operacritiques.free.fr/css/dewplayer.swf?son=http://operacritiques.free.fr/css/sons/arindal_wotan_colere.mp3
1201	corpsHtml	object	operacritiques.free.fr	http://operacritiques.free.fr/css/dewplayer.swf?son=http://operacritiques.free.fr/css/sons/braunfels_popopopopo.mp3
1201	corpsHtml	object	operacritiques.free.fr	http://operacritiques.free.fr/css/dewplayer.swf?son=http://operacritiques.free.fr/css/sons/braunfels_entree.mp3
1209	corpsHtml	embed	www.youtube.com	http://www.youtube.com/v/wVScN8FuwHc&hl=fr&fs=1
1216	chapoHtml	object	operacritiques.free.fr	http://operacritiques.free.fr/css/dewplayer.swf?son=http://operacritiques.free.fr/css/sons/warum_2.mp3
122	corpsHtml	img	operacritiques.free.fr	http://operacritiques.free.fr/stigmatesabeille.jpg
1220	chapoHtml	object	operacritiques.free.fr	http://operacritiques.free.fr/css/dewplayer.swf?son=http://operacritiques.free.fr/css/sons/ma_qual_mai.mp3
1220	chapoHtml	object	operacritiques.free.fr	http://operacritiques.free.fr/css/dewplayer.swf?son=http://operacritiques.free.fr/css/sons/fate_coraggio.mp3
1221	chapoHtml	object	operacritiques.free.fr	http://operacritiques.free.fr/css/dewplayer.swf?son=http://operacritiques.free.fr/css/sons/fiesque_dans_le_livre.mp3
1224	chapoHtml	object	operacritiques.free.fr	http://operacritiques.free.fr/css/dewplayer.swf?son=http://operacritiques.free.fr/css/sons/friedenstag.mp3
1228	corpsHtml	object	operacritiques.free.fr	http://operacritiques.free.fr/css/dewplayer.swf?son=http://operacritiques.free.fr/css/sons/fervaal_shocking.mp3
1229	corpsHtml	img	www.arkivmusic.com	http://www.arkivmusic.com/graphics/covers/non-muze/full/87825.jpg
1231	corpsHtml	img	ultras71.ul.funpic.de	http://ultras71.ul.funpic.de/wp-content/files/2006/12/hdorf01.jpg
1246	corpsHtml	embed	www.youtube.com	http://www.youtube.com/v/az2vWrm_JpA&hl=fr&fs=1
1246	corpsHtml	object	operacritiques.free.fr	http://operacritiques.free.fr/css/dewplayer-multi.swf?son=http://operacritiques.free.fr/css/sons/bildnis_2nd.mp3
1251	corpsHtml	lien	musicontempo.free.fr	http://musicontempo.free.fr/mouton_tablatures.pdf
1253	corpsHtml	lien	gallica.bnf.fr	http://gallica.bnf.fr/ark:/12148/bpt6k37182q.pdf
1257	corpsHtml	object	operacritiques.free.fr	http://operacritiques.free.fr/css/dewplayer-multi.swf?son=http://operacritiques.free.fr/css/tchg/warum_willst_du_dlm.mp3
1257	corpsHtml	object	operacritiques.free.fr	http://operacritiques.free.fr/css/dewplayer-multi.swf?son=http://operacritiques.free.fr/css/tchg/warum_willst_du_dlm_2.mp3
1257	corpsHtml	object	operacritiques.free.fr	http://operacritiques.free.fr/css/dewplayer.swf?son=http://operacritiques.free.fr/css/sons/di_petto.mp3
1257	corpsHtml	object	operacritiques.free.fr	http://operacritiques.free.fr/css/dewplayer.swf?son=http://operacritiques.free.fr/css/sons/falsetto_2.mp3
1257	corpsHtml	object	operacritiques.free.fr	http://operacritiques.free.fr/css/dewplayer.swf?son=http://operacritiques.free.fr/css/sons/falsetto.mp3
1257	corpsHtml	lien	operacritiques.free.fr	http://operacritiques.free.fr/css/sons/warum_willst_du_dlm.mp3
1257	corpsHtml	lien	operacritiques.free.fr	http://operacritiques.free.fr/css/sons/warum_willst_du_dlm_2.mp3
1258	corpsHtml	object	operacritiques.free.fr	http://operacritiques.free.fr/css/dewplayer-multi.swf?son=http://operacritiques.free.fr/css/die_nacht_a_dlm.mp3|/css/die_nacht_b_dlm.mp3
1258	corpsHtml	lien	operacritiques.free.fr	http://operacritiques.free.fr/css/die_nacht_a_dlm.mp3
1258	corpsHtml	lien	operacritiques.free.fr	http://operacritiques.free.fr/css/die_nacht_b_dlm.mp3
1258	chapoHtml	object	operacritiques.free.fr	http://operacritiques.free.fr/css/dewplayer-multi.swf?son=http://operacritiques.free.fr/css/die_nacht_a_dlm.mp3|http://operacritiques.free.fr/css/die_nacht_b_dlm.mp3
1261	corpsHtml	audio	operacritiques.free.fr	http://operacritiques.free.fr/css/sons/hors_scene_don_carlos.mp3
1261	corpsHtml	audio	operacritiques.free.fr	http://operacritiques.free.fr/css/sons/hors_scene_turandot.mp3
1261	corpsHtml	audio	operacritiques.free.fr	http://operacritiques.free.fr/css/sons/hors_scene_thesee.mp3
1261	corpsHtml	audio	operacritiques.free.fr	http://operacritiques.free.fr/css/sons/hors_scene_don_carlos.mp3
1261	corpsHtml	audio	operacritiques.free.fr	http://operacritiques.free.fr/css/sons/hors_scene_turandot.mp3
1261	corpsHtml	audio	operacritiques.free.fr	http://operacritiques.free.fr/css/sons/hors_scene_thesee.mp3
1261	notesHtml	object	operacritiques.free.fr	http://operacritiques.free.fr/css/dewplayer-multi.swf?son=http://operacritiques.free.fr/css/sons/hors_scene_don_carlos.mp3|http://operacritiques.free.fr/css/sons/hors_scene_turandot.mp3|http://operacr
1261	notesHtml	object	operacritiques.free.fr	http://operacritiques.free.fr/css/dewplayer-multi.swf?son=http://operacritiques.free.fr/css/sons/hors_scene_don_carlos.mp3
1261	notesHtml	object	operacritiques.free.fr	http://operacritiques.free.fr/css/dewplayer-multi.swf?son=http://operacritiques.free.fr/css/sons/hors_scene_turandot.mp3
1261	notesHtml	object	operacritiques.free.fr	http://operacritiques.free.fr/css/dewplayer-multi.swf?son=http://operacritiques.free.fr/css/sons/hors_scene_thesee.mp3
1266	chapoHtml	object	operacritiques.free.fr	http://operacritiques.free.fr/css/dewplayer-multi.swf?son=http://operacritiques.free.fr/css/sons/suggeritori.mp3|http://operacritiques.free.fr/css/sons/suggeritori_2.mp3
1267	corpsHtml	object	operacritiques.free.fr	http://operacritiques.free.fr/css/dewplayer.swf?son=http://operacritiques.free.fr/css/clara_wieck_schumann_volkslied_dlm.mp3
1267	corpsHtml	object	operacritiques.free.fr	http://operacritiques.free.fr/css/dewplayer.swf?son=http://operacritiques.free.fr/css/clara_wieck_schumann_volkslied_dlm.mp3
1267	corpsHtml	lien	operacritiques.free.fr	http://operacritiques.free.fr/css/clara_wieck_schumann_volkslied_dlm.mp3
1268	chapoHtml	object	operacritiques.free.fr	http://operacritiques.free.fr/css/dewplayer-multi.swf?son=http://operacritiques.free.fr/css/sons/mysteres_paris.mp3
1271	corpsHtml	object	operacritiques.free.fr	http://operacritiques.free.fr/css/dewplayer-multi.swf?son=http://operacritiques.free.fr/css/sons/chourineur.mp3
1271	corpsHtml	audio	operacritiques.free.fr	http://operacritiques.free.fr/css/sons/chourineur.mp3
1271	chapoHtml	object	operacritiques.free.fr	http://operacritiques.free.fr/css/dewplayer-multi.swf?son=http://operacritiques.free.fr/css/sons/wozzeck_gurlitt_1.mp3|http://operacritiques.free.fr/css/sons/wozzeck_gurlitt_2.mp3
1271	chapoHtml	audio	operacritiques.free.fr	http://operacritiques.free.fr/css/sons/wozzeck_gurlitt_1.mp3
1271	chapoHtml	audio	operacritiques.free.fr	http://operacritiques.free.fr/css/sons/wozzeck_gurlitt_2.mp3
1272	corpsHtml	object	operacritiques.free.fr	http://operacritiques.free.fr/css/dewplayer-multi.swf?son=http://operacritiques.free.fr/css/sons/montagnards.mp3
1273	corpsHtml	object	operacritiques.free.fr	http://operacritiques.free.fr/css/dewplayer-multi.swf?son=http://operacritiques.free.fr/css/sons/dupont_cheyhoub_mime.mp3|http://musicontempo.free.fr/enclume.mp3|http://operacritiques.free.fr/css/sons
1274	corpsHtml	object	sa.kewego.com	http://sa.kewego.com/swf/p3/epix.swf
1275	corpsHtml	object	www.wat.tv	http://www.wat.tv/swf2/216831c61im9X2621951
1275	chapoHtml	object	operacritiques.free.fr	http://operacritiques.free.fr/css/dewplayer-multi.swf?son=http://operacritiques.free.fr/css/images/combattimento_beasley.mp3
1276	chapoHtml	object	www.wat.tv	http://www.wat.tv/swf2/216831c61im9X2621951
1278	corpsHtml	object	www.wat.tv	http://www.wat.tv/swf2/132966H4Yol4d2628069
1278	corpsHtml	embed	www.dailymotion.com	http://www.dailymotion.com/swf/x57qz7_richard-strauss-der-rosenkavalier_music&related=1
1278	corpsHtml	lien	musicontempo.free.fr	http://musicontempo.free.fr/chacun.mp3
1278	chapoHtml	object	www.wat.tv	http://www.wat.tv/swf2/288336hJp9bRx2627390
1279	corpsHtml	lien	operacritiques.free.fr	http://operacritiques.free.fr/css/sons/moimoietmoi.mp3
1285	chapoHtml	object	operacritiques.free.fr	http://operacritiques.free.fr/css/dewplayer-multi.swf?son=http://operacritiques.free.fr/css/sons/jeunesse_lully.mp3
1285	chapoHtml	object	operacritiques.free.fr	http://operacritiques.free.fr/css/dewplayer-multi.swf?son=http://operacritiques.free.fr/css/sons/jeunesse_gretry.mp3
1285	chapoHtml	object	operacritiques.free.fr	http://operacritiques.free.fr/css/dewplayer-multi.swf?son=http://operacritiques.free.fr/css/sons/jeunesse_boieldieu.mp3
1285	chapoHtml	object	operacritiques.free.fr	http://operacritiques.free.fr/css/dewplayer-multi.swf?son=http://operacritiques.free.fr/css/sons/jeunesse_gounod.mp3
1285	chapoHtml	object	operacritiques.free.fr	http://operacritiques.free.fr/css/dewplayer-multi.swf?son=http://operacritiques.free.fr/css/sons/jeunesse_martinu.mp3
1285	chapoHtml	object	operacritiques.free.fr	http://operacritiques.free.fr/css/dewplayer-multi.swf?son=http://operacritiques.free.fr/css/sons/jeunesse_damase.mp3
1286	chapoHtml	object	operacritiques.free.fr	http://operacritiques.free.fr/css/dewplayer-multi.swf?son=http://operacritiques.free.fr/css/sons/fureur_majeure.mp3
1287	chapoHtml	object	operacritiques.free.fr	http://operacritiques.free.fr/css/dewplayer-multi.swf?son=http://operacritiques.free.fr/css/sons/fleuve_armide.mp3
1288	chapoHtml	object	operacritiques.free.fr	http://operacritiques.free.fr/css/dewplayer-multi.swf?son=http://operacritiques.free.fr/css/sons/carmen_merimee_1.mp3|http://operacritiques.free.fr/css/sons/carmen_merimee_2.mp3
1290	chapoHtml	object	operacritiques.free.fr	http://operacritiques.free.fr/css/dewplayer-multi.swf?son=http://operacritiques.free.fr/css/sons/carmen_i_3-6.mp3
1291	corpsHtml	object	operacritiques.free.fr	http://operacritiques.free.fr/css/dewplayer-multi.swf?son=http://operacritiques.free.fr/css/sons/carmen_quintette_contrebandiers_karajan_1982.mp3
1293	chapoHtml	object	operacritiques.free.fr	http://operacritiques.free.fr/css/dewplayer-multi.swf?son=http://operacritiques.free.fr/css/sons/bx_lucano.mp3|http://operacritiques.free.fr/css/sons/bx_proces_drusilla.mp3|http://operacritiques.free.
1294	corpsHtml	object	operacritiques.free.fr	http://operacritiques.free.fr/css/dewplayer-multi.swf?son=http://operacritiques.free.fr/css/sons/gaillard_violoniste.mp3
1294	corpsHtml	embed	www.youtube.com	http://www.youtube.com/v/dhOCx6t6EkI&color1=0xb1b1b1&color2=0xcfcfcf&hl=fr&feature=player_embedded&fs=1
1295	corpsHtml	object	operacritiques.free.fr	http://operacritiques.free.fr/css/dewplayer.swf?son=http://operacritiques.free.fr/css/sons/nab_viva_italia.mp3
1300	corpsHtml	object	operacritiques.free.fr	http://operacritiques.free.fr/css/dewplayer-multi.swf?son=http://operacritiques.free.fr/css/sons/nonnes_mousquetaires.mp3
1300	corpsHtml	object	operacritiques.free.fr	http://operacritiques.free.fr/css/dewplayer-multi.swf?son=http://operacritiques.free.fr/css/sons/ballet_robert.mp3
1300	corpsHtml	object	operacritiques.free.fr	http://operacritiques.free.fr/css/dewplayer-multi.swf?son=http://operacritiques.free.fr/css/sons/ruthven_1.mp3|http://operacritiques.free.fr/css/sons/ruthven_2.mp3
1301	corpsHtml	embed	www.youtube.com	http://www.youtube.com/v/b85hn8rJvgw&hl=fr&fs=1&
1301	corpsHtml	embed	www.youtube.com	http://www.youtube.com/v/oiziGLe1jBw&color1=0xb1b1b1&color2=0xcfcfcf&hl=fr&feature=player_embedded&fs=1
1301	corpsHtml	embed	www.youtube.com	http://www.youtube.com/v/bfIVnzpj1vM&hl=fr&fs=1&
1303	corpsHtml	img	1.bp.blogspot.com	http://1.bp.blogspot.com/_FBXGhy-QmVw/RetkqSoKucI/AAAAAAAAAnk/UDPilMjJwvI/s320/card711.JPG
1303	chapoHtml	img	2.bp.blogspot.com	http://2.bp.blogspot.com/_FBXGhy-QmVw/ReZKz4POjuI/AAAAAAAAAmU/wTkPYTTlwTg/s320/card705.JPG
1304	chapoHtml	object	operacritiques.free.fr	http://operacritiques.free.fr/css/dewplayer-multi.swf?son=http://operacritiques.free.fr/css/sons/koechlin_quintette_piano_2.mp3
1305	corpsHtml	object	operacritiques.free.fr	http://operacritiques.free.fr/css/dewplayer-multi.swf?son=http://operacritiques.free.fr/css/sons/selbstverstuemmlung.mp3
1306	chapoHtml	object	operacritiques.free.fr	http://operacritiques.free.fr/css/dewplayer-multi.swf?son=http://operacritiques.free.fr/css/sons/conti_follia.mp3
1308	chapoHtml	object	operacritiques.free.fr	http://operacritiques.free.fr/css/dewplayer-multi.swf?son=http://operacritiques.free.fr/css/sons/carmen_karajan_1955.mp3
1312	corpsHtml	embed	www.youtube.com	http://www.youtube.com/v/rEJQahqH1iQ&hl=fr&fs=1&
1313	corpsHtml	object	operacritiques.free.fr	http://operacritiques.free.fr/css/dewplayer-multi.swf?son=http://operacritiques.free.fr/css/sons/vampyr_neven.mp3
1315	corpsHtml	object	operacritiques.free.fr	http://operacritiques.free.fr/css/dewplayer-multi.swf?son=http://operacritiques.free.fr/css/sons/arabella_entree.mp3
1316	corpsHtml	object	operacritiques.free.fr	http://operacritiques.free.fr/css/dewplayer-multi.swf?son=http://operacritiques.free.fr/css/sons/in_fine.mp3
1318	chapoHtml	embed	www.youtube.com	http://www.youtube.com/v/YC84wEqMqAM&hl=fr&fs=1&
1323	chapoHtml	object	operacritiques.free.fr	http://operacritiques.free.fr/css/dewplayer-multi.swf?son=http://operacritiques.free.fr/css/sons/marschner_vampyr_giaour.mp3
1325	corpsHtml	object	operacritiques.free.fr	http://operacritiques.free.fr/css/dewplayer-multi.swf?son=http://operacritiques.free.fr/css/sons/vampyr_melodram_nimsgern.mp3
1325	corpsHtml	object	operacritiques.free.fr	http://operacritiques.free.fr/css/dewplayer-multi.swf?son=http://operacritiques.free.fr/css/sons/vampyr_ballade_tomowa-sintow.mp3
1326	corpsHtml	object	operacritiques.free.fr	http://operacritiques.free.fr/css/dewplayer-multi.swf?son=http://operacritiques.free.fr/css/sons/vampyr_melodram_nimsgern.mp3
1326	corpsHtml	object	operacritiques.free.fr	http://operacritiques.free.fr/css/dewplayer-multi.swf?son=http://operacritiques.free.fr/css/sons/vampyr_ballade_tomowa-sintow.mp3
1328	corpsHtml	object	operacritiques.free.fr	http://operacritiques.free.fr/css/dewplayer-multi.swf?son=http://operacritiques.free.fr/css/sons/reviens_reviens.mp3
1330	corpsHtml	object	operacritiques.free.fr	http://operacritiques.free.fr/css/dewplayer-multi.swf?son=http://operacritiques.free.fr/css/sons/oppresse_fiesque.mp3
1330	corpsHtml	object	operacritiques.free.fr	http://operacritiques.free.fr/css/dewplayer-multi.swf?son=http://operacritiques.free.fr/css/sons/halevy_tyrans_a.mp3|http://operacritiques.free.fr/css/sons/halevy_tyrans_b.mp3
1332	corpsHtml	embed	www.dailymotion.com	http://www.dailymotion.com/swf/xwcn6_beethoven-symphony-n9-ii_creation&related=0
1332	corpsHtml	embed	www.dailymotion.com	http://www.dailymotion.com/swf/xwczv_beethoven-symphony-n9-iv_creation&related=0
1340	corpsHtml	embed	www.youtube.com	http://www.youtube.com/v/_C09k_1fk_o&hl=fr&fs=1&
1340	corpsHtml	object	www.wat.tv	http://www.wat.tv/swf2/114582SC3cMa82922111
1351	corpsHtml	embed	www.youtube.com	http://www.youtube.com/v/9zlr_HelvSo&hl=fr&fs=1&
1353	corpsHtml	object	operacritiques.free.fr	http://operacritiques.free.fr/css/dewplayer.swf?son=http://operacritiques.free.fr/css/sons/capriccio_ronsard.mp3
1354	chapoHtml	object	operacritiques.free.fr	http://operacritiques.free.fr/css/dewplayer.swf?son=http://operacritiques.free.fr/css/sons/capriccio_metastase.mp3
1356	chapoHtml	object	operacritiques.free.fr	http://operacritiques.free.fr/css/dewplayer.swf?son=http://operacritiques.free.fr/css/sons/zender_winterreise.mp3
1369	corpsHtml	embed	www.youtube.com	http://www.youtube.com/v/w8kiMCeudLg&hl=fr&fs=1&
1374	chapoHtml	img	ecx.images-amazon.com	http://ecx.images-amazon.com/images/I/31Y4JFWNE0L._SL500_AA240_.jpg
1376	corpsHtml	object	operacritiques.free.fr	http://operacritiques.free.fr/css/dewplayer-multi.swf?son=http://operacritiques.free.fr/css/sons/podcast_melodie_origz.mp3
1376	chapoHtml	object	operacritiques.free.fr	http://operacritiques.free.fr/css/dewplayer-multi.swf?son=http://operacritiques.free.fr/css/sons/podcast_melodiez.mp3
1376	chapoHtml	lien	operacritiques.free.fr	http://operacritiques.free.fr/css/sons/podcast_melodiez.mp3
1377	chapoHtml	img	ecx.images-amazon.com	http://ecx.images-amazon.com/images/I/51jhyPCYwLL._SL500_AA280_.jpg
1378	corpsHtml	object	operacritiques.free.fr	http://operacritiques.free.fr/css/dewplayer-multi.swf?son=http://operacritiques.free.fr/css/sons/xavier_busatto_improvisation_5e_beethoven_glass.mp3
139	corpsHtml	iframe	www.youtube.com	http://www.youtube.com/embed/Jm3D4iQNoHw
139	corpsHtml	img	meyerbeer.free.fr	http://meyerbeer.free.fr/GRIMI_fichiers/image001.jpg
1394	corpsHtml	object	operacritiques.free.fr	http://operacritiques.free.fr/css/dewplayer-multi.swf?son=http://operacritiques.free.fr/css/sons/rysanekschrei.mp3
1394	corpsHtml	object	operacritiques.free.fr	http://operacritiques.free.fr/css/dewplayer-multi.swf?son=http://operacritiques.free.fr/css/sons/caballeschrei.mp3
1399	chapoHtml	object	operacritiques.free.fr	http://operacritiques.free.fr/css/dewplayer-multi.swf?son=http://operacritiques.free.fr/css/sons/gossec_thesee.mp3
14	corpsHtml	lien	operacritiques.online.fr	http://operacritiques.online.fr/dotclear/lerma.ogg
14	corpsHtml	lien	operacritiques.online.fr	http://operacritiques.online.fr/dotclear/lerma.wav
1408	corpsHtml	object	operacritiques.free.fr	http://operacritiques.free.fr/css/dewplayer-multi.swf?son=http://operacritiques.free.fr/css/sons/elektra_wahr.mp3
1408	corpsHtml	object	operacritiques.free.fr	http://operacritiques.free.fr/css/dewplayer-multi.swf?son=http://operacritiques.free.fr/css/sons/korngold_elektra.mp3
1408	corpsHtml	object	operacritiques.free.fr	http://operacritiques.free.fr/css/dewplayer-multi.swf?son=http://operacritiques.free.fr/css/sons/meyerbeer_pompompom.mp3
1408	corpsHtml	object	operacritiques.free.fr	http://operacritiques.free.fr/css/dewplayer-multi.swf?son=http://operacritiques.free.fr/css/sons/korngold_robert_poum_poum_poum.mp3
1408	corpsHtml	object	operacritiques.free.fr	http://operacritiques.free.fr/css/dewplayer-multi.swf?son=http://operacritiques.free.fr/css/sons/meyerbeer_nonnes.mp3
1408	corpsHtml	object	operacritiques.free.fr	http://operacritiques.free.fr/css/dewplayer-multi.swf?son=http://operacritiques.free.fr/css/sons/korngold_robert_nonnes.mp3
1408	chapoHtml	object	operacritiques.free.fr	http://operacritiques.free.fr/css/dewplayer-multi.swf?son=http://operacritiques.free.fr/css/sons/korngold_robert.mp3
1415	chapoHtml	img	www.colline.fr	http://www.colline.fr/pics/0.86539400%201258038902-thumb.jpg
1426	corpsHtml	audio	operacritiques.free.fr	http://operacritiques.free.fr/css/sons/vibrato_los_angeles.mp3
1426	corpsHtml	audio	operacritiques.free.fr	http://operacritiques.free.fr/css/sons/vibrato_popp.mp3
1426	corpsHtml	audio	operacritiques.free.fr	http://operacritiques.free.fr/css/sons/vibrato_panzarella.mp3
1426	corpsHtml	audio	operacritiques.free.fr	http://operacritiques.free.fr/css/sons/gabriel_sade_vibrato.mp3
1426	chapoHtml	audio	operacritiques.free.fr	http://operacritiques.free.fr/css/sons/janowitz_non-vibrato.mp3
1426	chapoHtml	audio	operacritiques.free.fr	http://operacritiques.free.fr/css/sons/janowitz_vibrato.mp3
1426	chapoHtml	audio	operacritiques.free.fr	http://operacritiques.free.fr/css/sons/vibrato_kozena.mp3
1426	chapoHtml	audio	operacritiques.free.fr	http://operacritiques.free.fr/css/sons/kutuzov_ramey.mp3
1426	chapoHtml	audio	operacritiques.free.fr	http://operacritiques.free.fr/css/sons/vibrato_jeanette_macdonald.mp3
1426	chapoHtml	audio	operacritiques.free.fr	http://operacritiques.free.fr/css/sons/vibrato_kristine_ciesinski.mp3
1426	notesHtml	object	operacritiques.free.fr	http://operacritiques.free.fr/css/dewplayer-multi.swf?son=http://operacritiques.free.fr/css/sons/janowitz_non-vibrato.mp3
1426	notesHtml	object	operacritiques.free.fr	http://operacritiques.free.fr/css/dewplayer-multi.swf?son=http://operacritiques.free.fr/css/sons/janowitz_vibrato.mp3
1426	notesHtml	object	operacritiques.free.fr	http://operacritiques.free.fr/css/dewplayer-multi.swf?son=http://operacritiques.free.fr/css/sons/vibrato_kozena.mp3
1426	notesHtml	object	operacritiques.free.fr	http://operacritiques.free.fr/css/dewplayer-multi.swf?son=http://operacritiques.free.fr/css/sons/kutuzov_ramey.mp3
1426	notesHtml	object	operacritiques.free.fr	http://operacritiques.free.fr/css/dewplayer-multi.swf?son=http://operacritiques.free.fr/css/sons/vibrato_jeanette_macdonald.mp3
1426	notesHtml	object	operacritiques.free.fr	http://operacritiques.free.fr/css/dewplayer-multi.swf?son=http://operacritiques.free.fr/css/sons/vibrato_kristine_ciesinski.mp3
1426	notesHtml	object	operacritiques.free.fr	http://operacritiques.free.fr/css/dewplayer-multi.swf?son=http://operacritiques.free.fr/css/sons/vibrato_los_angeles.mp3
1426	notesHtml	object	operacritiques.free.fr	http://operacritiques.free.fr/css/dewplayer-multi.swf?son=http://operacritiques.free.fr/css/sons/vibrato_popp.mp3
1426	notesHtml	object	operacritiques.free.fr	http://operacritiques.free.fr/css/dewplayer-multi.swf?son=http://operacritiques.free.fr/css/sons/vibrato_panzarella.mp3
1426	notesHtml	object	operacritiques.free.fr	http://operacritiques.free.fr/css/dewplayer-multi.swf?son=http://operacritiques.free.fr/css/sons/gabriel_sade_vibrato.mp3
143	corpsHtml	object	operacritiques.free.fr	http://operacritiques.free.fr/css/dewplayer-multi.swf?son=http://operacritiques.free.fr/css/sons/wirtshaus_dlm.mp3
1430	corpsHtml	embed	www.youtube.com	http://www.youtube.com/v/zeoT66v4EHg&hl=fr_FR&fs=1&
1432	corpsHtml	lien	operacritiques.free.fr	http://operacritiques.free.fr/css/tchg/schubert_wiegenlied_dlm.mp3
1432	chapoHtml	object	operacritiques.free.fr	http://operacritiques.free.fr/css/dewplayer-multi.swf?son=http://operacritiques.free.fr/css/tchg/schubert_wiegenlied_dlm.mp3
1435	corpsHtml	object	operacritiques.free.fr	http://operacritiques.free.fr/css/dewplayer-multi.swf?son=http://operacritiques.free.fr/css/sons/allemonde_grotte.mp3
1435	corpsHtml	object	operacritiques.free.fr	http://operacritiques.free.fr/css/dewplayer-multi.swf?son=http://operacritiques.free.fr/css/sons/allemonde_cachemaille.mp3
1441	chapoHtml	object	operacritiques.free.fr	http://operacritiques.free.fr/css/dewplayer-multi.swf?son=http://operacritiques.free.fr/css/sons/fanfare.mp3
1442	corpsHtml	embed	www.youtube.com	http://www.youtube.com/v/-_xj2kpK0XQ&hl=fr_FR&fs=1&
1442	corpsHtml	embed	www.dailymotion.com	http://www.dailymotion.com/swf/x1lwpd&related=0
1442	corpsHtml	embed	www.youtube.com	http://www.youtube.com/v/og00o5zlD10&hl=fr_FR&fs=1&
1442	corpsHtml	embed	www.youtube.com	http://www.youtube.com/v/t1VlWGkqeu8&hl=fr_FR&fs=1
1442	corpsHtml	embed	www.youtube.com	http://www.youtube.com/v/iJfpVDB-EJs&hl=fr_FR&fs=1&
1442	corpsHtml	embed	www.youtube.com	http://www.youtube.com/v/BfVZRevRKv8&hl=fr_FR&fs=1&
1442	corpsHtml	embed	www.youtube.com	http://www.youtube.com/v/bN_WYs-85KQ&hl=fr_FR&fs=1&
1442	corpsHtml	embed	www.youtube.com	http://www.youtube.com/v/Prh3Fxnmy9Q&hl=fr_FR&fs=1&
1442	corpsHtml	embed	www.youtube.com	http://www.youtube.com/v/4JkYT2fvfmY&hl=fr_FR&fs=1&
1443	corpsHtml	object	operacritiques.free.fr	http://operacritiques.free.fr/css/dewplayer-multi.swf?son=http://musicontempo.free.fr/chosta6.mp3
1443	corpsHtml	object	operacritiques.free.fr	http://operacritiques.free.fr/css/dewplayer-multi.swf?son=http://operacritiques.free.fr/css/sons/fin_tchai_chosta.mp3
1443	corpsHtml	object	operacritiques.free.fr	http://operacritiques.free.fr/css/dewplayer-multi.swf?son=http://operacritiques.free.fr/css/sons/fin_tchai_chosta_motifs.mp3
1443	corpsHtml	object	operacritiques.free.fr	http://operacritiques.free.fr/css/dewplayer-multi.swf?son=http://operacritiques.free.fr/css/sons/chosta7.mp3
1443	corpsHtml	object	operacritiques.free.fr	http://operacritiques.free.fr/css/dewplayer-multi.swf?son=http://operacritiques.free.fr/css/sons/chosta8.mp3
1443	corpsHtml	object	operacritiques.free.fr	http://operacritiques.free.fr/css/dewplayer-multi.swf?son=http://operacritiques.free.fr/css/sons/fin_tchai_chosta_fusee.mp3
1443	corpsHtml	object	operacritiques.free.fr	http://operacritiques.free.fr/css/dewplayer-multi.swf?son=http://operacritiques.free.fr/css/sons/chosta9.mp3
1443	corpsHtml	object	operacritiques.free.fr	http://operacritiques.free.fr/css/dewplayer-multi.swf?son=http://operacritiques.free.fr/css/sons/fin_tchai_chosta_suraigu.mp3
1443	corpsHtml	object	operacritiques.free.fr	http://operacritiques.free.fr/css/dewplayer-multi.swf?son=http://operacritiques.free.fr/css/sons/fin_tchai_chosta_timbales.mp3
1443	corpsHtml	object	operacritiques.free.fr	http://operacritiques.free.fr/css/dewplayer-multi.swf?son=http://operacritiques.free.fr/css/sons/chosta10.mp3
1444	corpsHtml	object	operacritiques.free.fr	http://operacritiques.free.fr/css/dewplayer-multi.swf?son=http://operacritiques.free.fr/css/sons/nuptial_deforme.mp3
1445	corpsHtml	object	operacritiques.free.fr	http://operacritiques.free.fr/css/dewplayer-multi.swf?son=http://operacritiques.free.fr/css/sons/dongiosubj.mp3
1445	corpsHtml	object	operacritiques.free.fr	http://operacritiques.free.fr/css/dewplayer-multi.swf?son=http://operacritiques.free.fr/css/sons/gretrysubj.mp3
1447	corpsHtml	embed	www.youtube.com	http://www.youtube.com/v/yScg02DM-jY&hl=fr_FR&fs=1&
1447	corpsHtml	embed	www.youtube.com	http://www.youtube.com/v/iXQzJZCpaKA&hl=fr_FR&fs=1&
1447	corpsHtml	object	operacritiques.free.fr	http://operacritiques.free.fr/css/dewplayer-multi.swf?son=http://operacritiques.free.fr/css/sons/inconstante.mp3
1447	corpsHtml	embed	www.youtube.com	http://www.youtube.com/v/elN33DkU5sA&hl=fr_FR&fs=1&
1447	corpsHtml	embed	www.youtube.com	http://www.youtube.com/v/Tv6q39gjLcg&hl=fr_FR&fs=1&
1447	corpsHtml	embed	www.youtube.com	http://www.youtube.com/v/hgUD2v8TimY&hl=fr_FR&fs=1&
1447	corpsHtml	embed	www.youtube.com	http://www.youtube.com/v/woh8UHdjl1M&hl=fr_FR&fs=1&
1447	corpsHtml	embed	www.youtube.com	http://www.youtube.com/v/UjwCihodMis&hl=fr_FR&fs=1&
1447	corpsHtml	object	operacritiques.free.fr	http://operacritiques.free.fr/css/dewplayer-multi.swf?son=http://operacritiques.free.fr/css/sons/byrd_jeu_de_luth.mp3
1448	corpsHtml	embed	www.youtube.com	http://www.youtube.com/v/-SD8XJYPMRQ&hl=fr_FR&fs=1&
1448	corpsHtml	embed	www.youtube.com	http://www.youtube.com/v/dycdkklCdjM&hl=fr_FR&fs=1&
1452	corpsHtml	object	operacritiques.free.fr	http://operacritiques.free.fr/css/dewplayer-multi.swf?son=http://operacritiques.free.fr/css/sons/monteverdi_auric.mp3
1452	corpsHtml	object	operacritiques.free.fr	http://operacritiques.free.fr/css/dewplayer-multi.swf?son=http://operacritiques.free.fr/css/sons/auric_lohengrin.mp3
1452	chapoHtml	object	operacritiques.free.fr	http://operacritiques.free.fr/css/dewplayer-multi.swf?son=http://operacritiques.free.fr/css/sons/auric_monteverdi.mp3
1453	corpsHtml	object	operacritiques.free.fr	http://operacritiques.free.fr/css/dewplayer-multi.swf?son=http://operacritiques.free.fr/css/sons/nasal_domingo.mp3
1453	corpsHtml	object	operacritiques.free.fr	http://operacritiques.free.fr/css/dewplayer-multi.swf?son=http://operacritiques.free.fr/css/sons/nasal_robin.mp3
1453	corpsHtml	object	operacritiques.free.fr	http://operacritiques.free.fr/css/dewplayer-multi.swf?son=http://operacritiques.free.fr/css/sons/nasal_mesple.mp3
1453	corpsHtml	object	operacritiques.free.fr	http://operacritiques.free.fr/css/dewplayer-multi.swf?son=http://operacritiques.free.fr/css/sons/nasal_ratti_sciutti.mp3
1453	corpsHtml	object	operacritiques.free.fr	http://operacritiques.free.fr/css/dewplayer-multi.swf?son=http://operacritiques.free.fr/css/sons/nasal_ilitsch.mp3
1453	corpsHtml	object	operacritiques.free.fr	http://operacritiques.free.fr/css/dewplayer-multi.swf?son=http://operacritiques.free.fr/css/sons/nasal_baltsa.mp3
1453	corpsHtml	object	operacritiques.free.fr	http://operacritiques.free.fr/css/dewplayer-multi.swf?son=http://operacritiques.free.fr/css/sons/nasal_visse.mp3
1453	corpsHtml	object	operacritiques.free.fr	http://operacritiques.free.fr/css/dewplayer-multi.swf?son=http://operacritiques.free.fr/css/sons/nasal_stolze.mp3
1453	corpsHtml	object	operacritiques.free.fr	http://operacritiques.free.fr/css/dewplayer-multi.swf?son=http://operacritiques.free.fr/css/sons/nasal_florez.mp3
1453	corpsHtml	object	operacritiques.free.fr	http://operacritiques.free.fr/css/dewplayer-multi.swf?son=http://operacritiques.free.fr/css/sons/nasal_heppner.mp3
1453	corpsHtml	object	operacritiques.free.fr	http://operacritiques.free.fr/css/dewplayer-multi.swf?son=http://operacritiques.free.fr/css/sons/nasal_vickers.mp3
1453	corpsHtml	object	operacritiques.free.fr	http://operacritiques.free.fr/css/dewplayer-multi.swf?son=http://operacritiques.free.fr/css/sons/nasal_panzera.mp3
1453	corpsHtml	object	operacritiques.free.fr	http://operacritiques.free.fr/css/dewplayer-multi.swf?son=http://operacritiques.free.fr/css/sons/nasal_moll.mp3
1453	corpsHtml	object	operacritiques.free.fr	http://operacritiques.free.fr/css/dewplayer-multi.swf?son=http://operacritiques.free.fr/css/sons/nasal_salminen.mp3
1453	corpsHtml	object	operacritiques.free.fr	http://operacritiques.free.fr/css/dewplayer-multi.swf?son=http://operacritiques.free.fr/css/sons/joues_callas.mp3
1453	corpsHtml	object	operacritiques.free.fr	http://operacritiques.free.fr/css/dewplayer-multi.swf?son=http://operacritiques.free.fr/css/sons/joues_larmore.mp3
1453	corpsHtml	object	operacritiques.free.fr	http://operacritiques.free.fr/css/dewplayer-multi.swf?son=http://operacritiques.free.fr/css/sons/joues_prina.mp3
1453	chapoHtml	object	operacritiques.free.fr	http://operacritiques.free.fr/css/dewplayer-multi.swf?son=http://operacritiques.free.fr/css/sons/equilibre_standard.mp3
1453	chapoHtml	object	operacritiques.free.fr	http://operacritiques.free.fr/css/dewplayer-multi.swf?son=http://operacritiques.free.fr/css/sons/engorge.mp3
1453	chapoHtml	object	operacritiques.free.fr	http://operacritiques.free.fr/css/dewplayer-multi.swf?son=http://operacritiques.free.fr/css/sons/engorge_goerne.mp3
1453	chapoHtml	object	operacritiques.free.fr	http://operacritiques.free.fr/css/dewplayer-multi.swf?son=http://operacritiques.free.fr/css/sons/engorge_prey.mp3
1453	chapoHtml	object	operacritiques.free.fr	http://operacritiques.free.fr/css/dewplayer-multi.swf?son=http://operacritiques.free.fr/css/sons/engorge_borodina.mp3
1453	chapoHtml	object	operacritiques.free.fr	http://operacritiques.free.fr/css/dewplayer-multi.swf?son=http://operacritiques.free.fr/css/sons/nasal.mp3
1454	corpsHtml	object	operacritiques.free.fr	http://operacritiques.free.fr/css/dewplayer-multi.swf?son=http://operacritiques.free.fr/css/sons/tosca_circulaire_2.mp3
1454	corpsHtml	object	operacritiques.free.fr	http://operacritiques.free.fr/css/dewplayer-multi.swf?son=http://operacritiques.free.fr/css/sons/tosca_circulaire_a.mp3
1454	corpsHtml	object	operacritiques.free.fr	http://operacritiques.free.fr/css/dewplayer-multi.swf?son=http://operacritiques.free.fr/css/sons/tosca_circulaire_b.mp3
1474	corpsHtml	object	operacritiques.free.fr	http://operacritiques.free.fr/css/dewplayer-multi.swf?son=http://operacritiques.free.fr/css/sons/sigurd_orig.mp3
1474	corpsHtml	object	operacritiques.free.fr	http://operacritiques.free.fr/css/dewplayer-multi.swf?son=http://operacritiques.free.fr/css/sons/sigurd_filt.mp3
1474	corpsHtml	lien	operacritiques.free.fr	http://operacritiques.free.fr/css/sons/sigurd_orig.mp3
1474	corpsHtml	lien	operacritiques.free.fr	http://operacritiques.free.fr/css/sons/sigurd_filt.mp3
1476	chapoHtml	object	operacritiques.free.fr	http://operacritiques.free.fr/css/dewplayer-multi.swf?son=http://operacritiques.free.fr/css/sons/atys_est_trop_heureux.mp3
1483	chapoHtml	object	operacritiques.free.fr	http://operacritiques.free.fr/css/dewplayer-multi.swf?son=http://operacritiques.free.fr/css/sons/bellini_malinconia.mp3
1489	notesHtml	object	operacritiques.free.fr	http://operacritiques.free.fr/css/dewplayer-multi.swf?son=http://operacritiques.free.fr/css/sons/ourrias_dlm.mp3
1489	notesHtml	object	operacritiques.free.fr	http://operacritiques.free.fr/css/dewplayer-multi.swf?son=http://operacritiques.free.fr/css/sons/gomez_dlm.mp3
1489	notesHtml	object	operacritiques.free.fr	http://operacritiques.free.fr/css/dewplayer-multi.swf?son=http://operacritiques.free.fr/css/sons/quidonccommande_dlm.mp3
1489	notesHtml	object	operacritiques.free.fr	http://operacritiques.free.fr/css/dewplayer-multi.swf?son=http://operacritiques.free.fr/css/sons/blanchefleur_dlm.mp3
1489	notesHtml	object	operacritiques.free.fr	http://operacritiques.free.fr/css/dewplayer-multi.swf?son=http://operacritiques.free.fr/css/sons/blancrocher_dlm.mp3
1489	notesHtml	object	operacritiques.free.fr	http://operacritiques.free.fr/css/dewplayer-multi.swf?son=http://operacritiques.free.fr/css/sons/mermet_jeanne_richard_dlm.mp3
1489	notesHtml	object	operacritiques.free.fr	http://operacritiques.free.fr/css/dewplayer-multi.swf?son=http://operacritiques.free.fr/css/sons/ss_hviii_air_gomez_dlm.mp3
1489	notesHtml	object	operacritiques.free.fr	http://operacritiques.free.fr/css/dewplayer-multi.swf?son=http://operacritiques.free.fr/css/sons/thomas_hamlet_scene_spectre_dlm.mp3
1489	notesHtml	object	operacritiques.free.fr	http://operacritiques.free.fr/css/dewplayer-multi.swf?son=http://operacritiques.free.fr/css/sons/thomas_hamlet_acte_v_dlm.mp3
1489	notesHtml	object	operacritiques.free.fr	http://operacritiques.free.fr/css/dewplayer-multi.swf?son=http://operacritiques.free.fr/css/sons/dlm_reyer_sigurd_grand_duo_et_grand_final_acte_IV.mp3
1489	notesHtml	object	operacritiques.free.fr	http://operacritiques.free.fr/css/dewplayer-multi.swf?son=http://operacritiques.free.fr/css/sons/serse_fr.mp3
1489	notesHtml	object	operacritiques.free.fr	http://operacritiques.free.fr/css/dewplayer-multi.swf?son=http://operacritiques.free.fr/css/sons/almirene_fr.mp3
1489	notesHtml	object	operacritiques.free.fr	http://operacritiques.free.fr/css/dewplayer-multi.swf?son=http://operacritiques.free.fr/css/sons/sigurd_duo_inedit.mp3
1489	notesHtml	object	operacritiques.free.fr	http://operacritiques.free.fr/css/dewplayer-multi.swf?son=http://operacritiques.free.fr/css/sons/halevy_tyrans.mp3
1489	notesHtml	object	operacritiques.free.fr	http://operacritiques.free.fr/css/dewplayer-multi.swf?son=http://operacritiques.free.fr/css/sons/hamlet_dlm_i.mp3
1489	notesHtml	object	operacritiques.free.fr	http://operacritiques.free.fr/css/dewplayer-multi.swf?son=http://operacritiques.free.fr/css/sons/hamlet_dlm_v.mp3
1489	notesHtml	object	operacritiques.free.fr	http://operacritiques.free.fr/css/dewplayer-multi.swf?son=http://operacritiques.free.fr/css/sons/sigurd_orig.mp3
1489	notesHtml	object	operacritiques.free.fr	http://operacritiques.free.fr/css/dewplayer-multi.swf?son=http://operacritiques.free.fr/css/sons/sigurd_filt.mp3
1489	notesHtml	object	operacritiques.free.fr	http://operacritiques.free.fr/css/dewplayer-multi.swf?son=http://operacritiques.free.fr/css/sons/robert_bertram_nonnes_dlm.mp3
1489	notesHtml	object	operacritiques.free.fr	http://operacritiques.free.fr/css/dewplayer-multi.swf?son=http://operacritiques.free.fr/css/tchg/schubert_wiegenlied_dlm.mp3
1489	notesHtml	object	operacritiques.free.fr	http://operacritiques.free.fr/css/dewplayer-multi.swf?son=http://operacritiques.free.fr/css/sons/paladilhe_patrie_scene_patriotique.mp3
1489	notesHtml	object	operacritiques.free.fr	http://operacritiques.free.fr/css/dewplayer-multi.swf?son=http://operacritiques.free.fr/css/sons/wirtshaus_dlm.mp3
1489	notesHtml	object	operacritiques.free.fr	http://operacritiques.free.fr/css/dewplayer-multi.swf?son=http://operacritiques.free.fr/css/tchg/warum_willst_du_dlm.mp3
1489	notesHtml	object	operacritiques.free.fr	http://operacritiques.free.fr/css/dewplayer-multi.swf?son=http://operacritiques.free.fr/css/clara_wieck_schumann_volkslied_dlm.mp3
1489	notesHtml	object	operacritiques.free.fr	http://operacritiques.free.fr/css/dewplayer-multi.swf?son=http://operacritiques.free.fr/css/die_nacht_a_dlm.mp3
1489	notesHtml	object	operacritiques.free.fr	http://operacritiques.free.fr/css/dewplayer-multi.swf?son=http://operacritiques.free.fr/css/die_nacht_b_dlm.mp3
1489	notesHtml	object	operacritiques.free.fr	http://operacritiques.free.fr/css/dewplayer-multi.swf?son=http://operacritiques.free.fr/css/sons/wotanfr1.mp3
1489	notesHtml	object	operacritiques.free.fr	http://operacritiques.free.fr/css/dewplayer-multi.swf?son=http://operacritiques.free.fr/css/sons/wotanfr2.mp3
1489	notesHtml	object	operacritiques.free.fr	http://operacritiques.free.fr/css/dewplayer-multi.swf?son=http://operacritiques.free.fr/css/sons/wotanfr3.mp3
1489	notesHtml	object	operacritiques.free.fr	http://operacritiques.free.fr/css/dewplayer-multi.swf?son=http://operacritiques.free.fr/css/sons/walkuere_css.mp3
1489	notesHtml	object	operacritiques.free.fr	http://operacritiques.free.fr/css/dewplayer-multi.swf?son=http://operacritiques.free.fr/css/sons/valkyrie_css.mp3
1489	notesHtml	object	operacritiques.free.fr	http://operacritiques.free.fr/css/dewplayer-multi.swf?son=http://operacritiques.free.fr/css/sons/decaux_aug.mp3
1489	notesHtml	object	operacritiques.free.fr	http://operacritiques.free.fr/css/dewplayer-multi.swf?son=http://operacritiques.free.fr/css/images/reyer_salammbo_dlm.mp3
1494	chapoHtml	object	operacritiques.free.fr	http://operacritiques.free.fr/css/dewplayer-multi.swf?son=http://operacritiques.free.fr/css/sons/extrait_colombe.mp3
1496	corpsHtml	iframe	videos.publicsenat.fr	http://videos.publicsenat.fr/vodiFrame.php?idE=64520
1505	corpsHtml	object	operacritiques.free.fr	http://operacritiques.free.fr/css/dewplayer-multi.swf?son=http://operacritiques.free.fr/css/sons/serviteurs_dlm.mp3
1505	corpsHtml	lien	operacritiques.free.fr	http://operacritiques.free.fr/css/sons/serviteurs_dlm.mp3
1517	corpsHtml	lien	musicontempo.free.fr	http://musicontempo.free.fr/pastropbien.mp3
1518	corpsHtml	object	operacritiques.free.fr	http://operacritiques.free.fr/css/dewplayer-multi.swf?son=http://operacritiques.free.fr/css/sons/verdi_rigoletto_trio_orage.mp3
1520	corpsHtml	object	operacritiques.free.fr	http://operacritiques.free.fr/css/dewplayer-multi.swf?son=http://operacritiques.free.fr/css/sons/rysoor_recit.mp3
1520	corpsHtml	object	operacritiques.free.fr	http://operacritiques.free.fr/css/dewplayer-multi.swf?son=http://operacritiques.free.fr/css/sons/paladilhe_patrie_scene_patriotique.mp3
1527	corpsHtml	embed	www.youtube.com	http://www.youtube.com/v/cT3lTdD-yyo&hl=fr_FR&fs=1&
1529	corpsHtml	embed	www.youtube.com	http://www.youtube.com/v/FY8rErqsxvE&hl=fr_FR&fs=1&
1529	corpsHtml	embed	www.youtube.com	http://www.youtube.com/v/8Jmo4SLv97c&hl=fr_FR&fs=1&
1529	corpsHtml	embed	www.youtube.com	http://www.youtube.com/v/UhIMWNNY2LY&hl=fr_FR&fs=1&
1530	corpsHtml	object	operacritiques.free.fr	http://operacritiques.free.fr/css/dewplayer-multi.swf?son=http://operacritiques.free.fr/css/sons/zampa_final_acte_2.mp3
1530	corpsHtml	object	operacritiques.free.fr	http://operacritiques.free.fr/css/dewplayer-multi.swf?son=http://operacritiques.free.fr/css/sons/zampa_orgue.mp3
1530	corpsHtml	object	operacritiques.free.fr	http://operacritiques.free.fr/css/dewplayer-multi.swf?son=http://operacritiques.free.fr/css/sons/zampa_air_clef_fa.mp3
1530	corpsHtml	object	operacritiques.free.fr	http://operacritiques.free.fr/css/dewplayer-multi.swf?son=http://operacritiques.free.fr/css/sons/zampa_etendue.mp3
1532	corpsHtml	embed	www.youtube.com	http://www.youtube.com/v/z1XDr3ZzK0A&hl=fr_FR&fs=1&
1535	corpsHtml	object	operacritiques.free.fr	http://operacritiques.free.fr/css/dewplayer-multi.swf?son=http://operacritiques.free.fr/css/sons/quel_mystere.mp3
1540	corpsHtml	embed	www.youtube.com	http://www.youtube.com/v/W5MgHnED5-8&hl=fr_FR&fs=1&
1552	chapoHtml	object	operacritiques.free.fr	http://operacritiques.free.fr/css/dewplayer-multi.swf?son=http://operacritiques.free.fr/css/sons/gothoni_mein.mp3
1554	chapoHtml	embed	www.youtube.com	http://www.youtube.com/v/k_vE5JO3Vk0&hl=fr_FR&fs=1&
1555	chapoHtml	iframe	videos.publicsenat.fr	http://videos.publicsenat.fr/vodiFrame.php?idE=65242
1555	chapoHtml	object	operacritiques.free.fr	http://operacritiques.free.fr/css/dewplayer-multi.swf?son=http://operacritiques.free.fr/css/sons/fza_duo.mp3
1555	chapoHtml	object	operacritiques.free.fr	http://operacritiques.free.fr/css/dewplayer-multi.swf?son=http://operacritiques.free.fr/css/sons/fza_ouv.mp3
1556	corpsHtml	embed	www.youtube.com	http://www.youtube.com/v/67NqUdPCXaw&hl=fr_FR&fs=1
1556	corpsHtml	object	operacritiques.free.fr	http://operacritiques.free.fr/css/dewplayer-multi.swf?son=http://operacritiques.free.fr/css/sons/thomas_psyche_scene_air_dlm.mp3
1570	corpsHtml	embed	www.youtube.com	http://www.youtube.com/v/ZSDrE5E-TKg&hl=fr_FR&fs=1
1573	corpsHtml	audio	operacritiques.free.fr	http://operacritiques.free.fr/css/sons/poitrine_obraztsova.mp3
1573	corpsHtml	audio	operacritiques.free.fr	http://operacritiques.free.fr/css/sons/dlm_tete.mp3
1573	corpsHtml	audio	operacritiques.free.fr	http://operacritiques.free.fr/css/sons/tete_hommde_daniels_rinaldo.mp3
1573	corpsHtml	audio	operacritiques.free.fr	http://operacritiques.free.fr/css/sons/tete_femme_michaela_kaune.mp3
1573	corpsHtml	audio	operacritiques.free.fr	http://operacritiques.free.fr/css/sons/flageolet_petibon.mp3
1573	corpsHtml	audio	operacritiques.free.fr	http://operacritiques.free.fr/css/sons/flageolet_perrin.mp3
1573	corpsHtml	audio	operacritiques.free.fr	http://operacritiques.free.fr/css/sons/sifflet_carey.mp3
1573	corpsHtml	audio	operacritiques.free.fr	http://operacritiques.free.fr/css/sons/dlm_mixte.mp3
1573	corpsHtml	audio	operacritiques.free.fr	http://operacritiques.free.fr/css/sons/salut_bjorling.mp3
1573	corpsHtml	audio	operacritiques.free.fr	http://operacritiques.free.fr/css/sons/salut_alagna.mp3
1573	corpsHtml	audio	operacritiques.free.fr	http://operacritiques.free.fr/css/sons/salut_kaufmann.mp3
1573	corpsHtml	audio	operacritiques.free.fr	http://operacritiques.free.fr/css/sons/salut_vanzo1.mp3
1573	corpsHtml	audio	operacritiques.free.fr	http://operacritiques.free.fr/css/sons/salut_vanzo2.mp3
1573	corpsHtml	audio	operacritiques.free.fr	http://operacritiques.free.fr/css/sons/salut_sabbatini.mp3
1573	corpsHtml	audio	operacritiques.free.fr	http://operacritiques.free.fr/css/sons/benmio_delmonaco.mp3
1573	corpsHtml	audio	operacritiques.free.fr	http://operacritiques.free.fr/css/sons/benmio_pavarotti1.mp3
1573	corpsHtml	audio	operacritiques.free.fr	http://operacritiques.free.fr/css/sons/benmio_bergonzi.mp3
1573	chapoHtml	audio	operacritiques.free.fr	http://operacritiques.free.fr/css/sons/dlm_poitrine.mp3
1573	chapoHtml	audio	operacritiques.free.fr	http://operacritiques.free.fr/css/sons/adampenseasalistedecourses.mp3
1573	notesHtml	object	operacritiques.free.fr	http://operacritiques.free.fr/css/dewplayer-multi.swf?son=http://operacritiques.free.fr/css/sons/dlm_poitrine.mp3
1573	notesHtml	object	operacritiques.free.fr	http://operacritiques.free.fr/css/dewplayer-multi.swf?son=http://operacritiques.free.fr/css/sons/adampenseasalistedecourses.mp3
1573	notesHtml	object	operacritiques.free.fr	http://operacritiques.free.fr/css/dewplayer-multi.swf?son=http://operacritiques.free.fr/css/sons/poitrine_obraztsova.mp3
1573	notesHtml	object	operacritiques.free.fr	http://operacritiques.free.fr/css/dewplayer-multi.swf?son=http://operacritiques.free.fr/css/sons/dlm_tete.mp3
1573	notesHtml	object	operacritiques.free.fr	http://operacritiques.free.fr/css/dewplayer-multi.swf?son=http://operacritiques.free.fr/css/sons/tete_hommde_daniels_rinaldo.mp3
1573	notesHtml	object	operacritiques.free.fr	http://operacritiques.free.fr/css/dewplayer-multi.swf?son=http://operacritiques.free.fr/css/sons/tete_femme_michaela_kaune.mp3
1573	notesHtml	object	operacritiques.free.fr	http://operacritiques.free.fr/css/dewplayer-multi.swf?son=http://operacritiques.free.fr/css/sons/flageolet_petibon.mp3
1573	notesHtml	object	operacritiques.free.fr	http://operacritiques.free.fr/css/dewplayer-multi.swf?son=http://operacritiques.free.fr/css/sons/flageolet_perrin.mp3
1573	notesHtml	object	operacritiques.free.fr	http://operacritiques.free.fr/css/dewplayer-multi.swf?son=http://operacritiques.free.fr/css/sons/sifflet_carey.mp3
1573	notesHtml	object	operacritiques.free.fr	http://operacritiques.free.fr/css/dewplayer-multi.swf?son=http://operacritiques.free.fr/css/sons/dlm_mixte.mp3
1573	notesHtml	object	operacritiques.free.fr	http://operacritiques.free.fr/css/dewplayer-multi.swf?son=http://operacritiques.free.fr/css/sons/salut_bjorling.mp3
1573	notesHtml	object	operacritiques.free.fr	http://operacritiques.free.fr/css/dewplayer-multi.swf?son=http://operacritiques.free.fr/css/sons/salut_alagna.mp3
1573	notesHtml	object	operacritiques.free.fr	http://operacritiques.free.fr/css/dewplayer-multi.swf?son=http://operacritiques.free.fr/css/sons/salut_kaufmann.mp3
1573	notesHtml	object	operacritiques.free.fr	http://operacritiques.free.fr/css/dewplayer-multi.swf?son=http://operacritiques.free.fr/css/sons/salut_vanzo1.mp3
1573	notesHtml	object	operacritiques.free.fr	http://operacritiques.free.fr/css/dewplayer-multi.swf?son=http://operacritiques.free.fr/css/sons/salut_vanzo2.mp3
1573	notesHtml	object	operacritiques.free.fr	http://operacritiques.free.fr/css/dewplayer-multi.swf?son=http://operacritiques.free.fr/css/sons/salut_sabbatini.mp3
1573	notesHtml	object	operacritiques.free.fr	http://operacritiques.free.fr/css/dewplayer-multi.swf?son=http://operacritiques.free.fr/css/sons/benmio_delmonaco.mp3
1573	notesHtml	object	operacritiques.free.fr	http://operacritiques.free.fr/css/dewplayer-multi.swf?son=http://operacritiques.free.fr/css/sons/benmio_pavarotti1.mp3
1573	notesHtml	object	operacritiques.free.fr	http://operacritiques.free.fr/css/dewplayer-multi.swf?son=http://operacritiques.free.fr/css/sons/benmio_bergonzi.mp3
1573	notesHtml	object	operacritiques.free.fr	http://operacritiques.free.fr/css/dewplayer-multi.swf?son=http://operacritiques.free.fr/css/sons/dlm_poitrine.mp3
1573	notesHtml	object	operacritiques.free.fr	http://operacritiques.free.fr/css/dewplayer-multi.swf?son=http://operacritiques.free.fr/css/sons/adampenseasalistedecourses.mp3
1573	notesHtml	object	operacritiques.free.fr	http://operacritiques.free.fr/css/dewplayer-multi.swf?son=http://operacritiques.free.fr/css/sons/poitrine_obraztsova.mp3
1573	notesHtml	object	operacritiques.free.fr	http://operacritiques.free.fr/css/dewplayer-multi.swf?son=http://operacritiques.free.fr/css/sons/dlm_tete.mp3
1573	notesHtml	object	operacritiques.free.fr	http://operacritiques.free.fr/css/dewplayer-multi.swf?son=http://operacritiques.free.fr/css/sons/tete_hommde_daniels_rinaldo.mp3
1573	notesHtml	object	operacritiques.free.fr	http://operacritiques.free.fr/css/dewplayer-multi.swf?son=http://operacritiques.free.fr/css/sons/tete_femme_michaela_kaune.mp3
1573	notesHtml	object	operacritiques.free.fr	http://operacritiques.free.fr/css/dewplayer-multi.swf?son=http://operacritiques.free.fr/css/sons/flageolet_petibon.mp3
1573	notesHtml	object	operacritiques.free.fr	http://operacritiques.free.fr/css/dewplayer-multi.swf?son=http://operacritiques.free.fr/css/sons/flageolet_perrin.mp3
1573	notesHtml	object	operacritiques.free.fr	http://operacritiques.free.fr/css/dewplayer-multi.swf?son=http://operacritiques.free.fr/css/sons/sifflet_carey.mp3
1573	notesHtml	object	operacritiques.free.fr	http://operacritiques.free.fr/css/dewplayer-multi.swf?son=http://operacritiques.free.fr/css/sons/dlm_mixte.mp3
1573	notesHtml	object	operacritiques.free.fr	http://operacritiques.free.fr/css/dewplayer-multi.swf?son=http://operacritiques.free.fr/css/sons/salut_bjorling.mp3
1573	notesHtml	object	operacritiques.free.fr	http://operacritiques.free.fr/css/dewplayer-multi.swf?son=http://operacritiques.free.fr/css/sons/salut_alagna.mp3
1573	notesHtml	object	operacritiques.free.fr	http://operacritiques.free.fr/css/dewplayer-multi.swf?son=http://operacritiques.free.fr/css/sons/salut_kaufmann.mp3
1573	notesHtml	object	operacritiques.free.fr	http://operacritiques.free.fr/css/dewplayer-multi.swf?son=http://operacritiques.free.fr/css/sons/salut_vanzo1.mp3
1573	notesHtml	object	operacritiques.free.fr	http://operacritiques.free.fr/css/dewplayer-multi.swf?son=http://operacritiques.free.fr/css/sons/salut_vanzo2.mp3
1573	notesHtml	object	operacritiques.free.fr	http://operacritiques.free.fr/css/dewplayer-multi.swf?son=http://operacritiques.free.fr/css/sons/salut_sabbatini.mp3
1573	notesHtml	object	operacritiques.free.fr	http://operacritiques.free.fr/css/dewplayer-multi.swf?son=http://operacritiques.free.fr/css/sons/benmio_delmonaco.mp3
1573	notesHtml	object	operacritiques.free.fr	http://operacritiques.free.fr/css/dewplayer-multi.swf?son=http://operacritiques.free.fr/css/sons/benmio_pavarotti1.mp3
1573	notesHtml	object	operacritiques.free.fr	http://operacritiques.free.fr/css/dewplayer-multi.swf?son=http://operacritiques.free.fr/css/sons/benmio_bergonzi.mp3
1573	notesHtml	object	operacritiques.free.fr	http://operacritiques.free.fr/css/dewplayer-multi.swf?son=http://operacritiques.free.fr/css/sons/dlm_poitrine.mp3
1573	notesHtml	object	operacritiques.free.fr	http://operacritiques.free.fr/css/dewplayer-multi.swf?son=http://operacritiques.free.fr/css/sons/adampenseasalistedecourses.mp3
1573	notesHtml	object	operacritiques.free.fr	http://operacritiques.free.fr/css/dewplayer-multi.swf?son=http://operacritiques.free.fr/css/sons/poitrine_obraztsova.mp3
1573	notesHtml	object	operacritiques.free.fr	http://operacritiques.free.fr/css/dewplayer-multi.swf?son=http://operacritiques.free.fr/css/sons/dlm_tete.mp3
1573	notesHtml	object	operacritiques.free.fr	http://operacritiques.free.fr/css/dewplayer-multi.swf?son=http://operacritiques.free.fr/css/sons/tete_hommde_daniels_rinaldo.mp3
1573	notesHtml	object	operacritiques.free.fr	http://operacritiques.free.fr/css/dewplayer-multi.swf?son=http://operacritiques.free.fr/css/sons/tete_femme_michaela_kaune.mp3
1573	notesHtml	object	operacritiques.free.fr	http://operacritiques.free.fr/css/dewplayer-multi.swf?son=http://operacritiques.free.fr/css/sons/flageolet_petibon.mp3
1573	notesHtml	object	operacritiques.free.fr	http://operacritiques.free.fr/css/dewplayer-multi.swf?son=http://operacritiques.free.fr/css/sons/flageolet_perrin.mp3
1573	notesHtml	object	operacritiques.free.fr	http://operacritiques.free.fr/css/dewplayer-multi.swf?son=http://operacritiques.free.fr/css/sons/sifflet_carey.mp3
1573	notesHtml	object	operacritiques.free.fr	http://operacritiques.free.fr/css/dewplayer-multi.swf?son=http://operacritiques.free.fr/css/sons/dlm_mixte.mp3
1573	notesHtml	object	operacritiques.free.fr	http://operacritiques.free.fr/css/dewplayer-multi.swf?son=http://operacritiques.free.fr/css/sons/salut_bjorling.mp3
1573	notesHtml	object	operacritiques.free.fr	http://operacritiques.free.fr/css/dewplayer-multi.swf?son=http://operacritiques.free.fr/css/sons/salut_alagna.mp3
1573	notesHtml	object	operacritiques.free.fr	http://operacritiques.free.fr/css/dewplayer-multi.swf?son=http://operacritiques.free.fr/css/sons/salut_kaufmann.mp3
1573	notesHtml	object	operacritiques.free.fr	http://operacritiques.free.fr/css/dewplayer-multi.swf?son=http://operacritiques.free.fr/css/sons/salut_vanzo1.mp3
1573	notesHtml	object	operacritiques.free.fr	http://operacritiques.free.fr/css/dewplayer-multi.swf?son=http://operacritiques.free.fr/css/sons/salut_vanzo2.mp3
1573	notesHtml	object	operacritiques.free.fr	http://operacritiques.free.fr/css/dewplayer-multi.swf?son=http://operacritiques.free.fr/css/sons/salut_sabbatini.mp3
1573	notesHtml	object	operacritiques.free.fr	http://operacritiques.free.fr/css/dewplayer-multi.swf?son=http://operacritiques.free.fr/css/sons/benmio_delmonaco.mp3
1573	notesHtml	object	operacritiques.free.fr	http://operacritiques.free.fr/css/dewplayer-multi.swf?son=http://operacritiques.free.fr/css/sons/benmio_pavarotti1.mp3
1573	notesHtml	object	operacritiques.free.fr	http://operacritiques.free.fr/css/dewplayer-multi.swf?son=http://operacritiques.free.fr/css/sons/benmio_bergonzi.mp3
1577	corpsHtml	embed	www.youtube.com	http://www.youtube.com/v/LEfVilWGu6Q&hl=fr_FR&fs=1
1579	corpsHtml	object	operacritiques.free.fr	http://operacritiques.free.fr/css/dewplayer-multi.swf?son=http://operacritiques.free.fr/css/sons/henryviiia.mp3|http://operacritiques.free.fr/css/sons/henryviiib.mp3|http://operacritiques.free.fr/css/
1581	chapoHtml	object	operacritiques.free.fr	http://operacritiques.free.fr/css/dewplayer-multi.swf?son=http://operacritiques.free.fr/css/sons/d_indy_etranger_1.mp3|http://operacritiques.free.fr/css/sons/d_indy_etranger_2.mp3|http://operacritique
1582	chapoHtml	object	operacritiques.free.fr	http://operacritiques.free.fr/css/dewplayer-multi.swf?son=http://operacritiques.free.fr/css/sons/cephale_procris_gretry_aveu.mp3
1582	chapoHtml	embed	www.youtube.com	http://www.youtube.com/v/-UxpJyNSXd4&hl=fr_FR&fs=1
1584	chapoHtml	embed	www.youtube.com	http://www.youtube.com/v/EVe4r27k-eg?fs=1&hl=fr_FR
1587	corpsHtml	embed	www.youtube.com	http://www.youtube.com/v/ZYz7N3t5H-c?fs=1&hl=fr_FR
1587	corpsHtml	object	operacritiques.free.fr	http://operacritiques.free.fr/css/dewplayer-multi.swf?son=http://operacritiques.free.fr/css/sons/meyerbeer_pompompom.mp3
1588	corpsHtml	embed	www.youtube.com	http://www.youtube.com/v/wCzZ-NfPOzM?fs=1&hl=fr_FR
1591	corpsHtml	object	operacritiques.free.fr	http://operacritiques.free.fr/css/dewplayer-multi.swf?son=http://operacritiques.free.fr/css/sons/florez_nasal.mp3
1591	corpsHtml	object	operacritiques.free.fr	http://operacritiques.free.fr/css/dewplayer-multi.swf?son=http://operacritiques.free.fr/css/sons/vickers_equilibre.mp3
1591	corpsHtml	object	operacritiques.free.fr	http://operacritiques.free.fr/css/dewplayer-multi.swf?son=http://operacritiques.free.fr/css/sons/vickers_nasal.mp3
1598	corpsHtml	img	www.theatresqy.org	http://www.theatresqy.org/spectacles/images/spectacles/ring_saga.jpg
1609	chapoHtml	embed	www.youtube.com	http://www.youtube.com/v/ao85-n5EVW4?fs=1&hl=fr_FR
1617	chapoHtml	object	operacritiques.free.fr	http://operacritiques.free.fr/css/dewplayer-multi.swf?son=http://operacritiques.free.fr/css/sons/bizet_symphonie_ut_1.mp3
1617	chapoHtml	object	operacritiques.free.fr	http://operacritiques.free.fr/css/dewplayer-multi.swf?son=http://operacritiques.free.fr/css/sons/bizet_symphonie_ut_2.mp3
1617	chapoHtml	object	operacritiques.free.fr	http://operacritiques.free.fr/css/dewplayer-multi.swf?son=http://operacritiques.free.fr/css/sons/bizet_symphonie_ut_3.mp3
1617	chapoHtml	object	operacritiques.free.fr	http://operacritiques.free.fr/css/dewplayer-multi.swf?son=http://operacritiques.free.fr/css/sons/bizet_symphonie_ut_4.mp3
1617	chapoHtml	object	operacritiques.free.fr	http://operacritiques.free.fr/css/dewplayer-multi.swf?son=http://operacritiques.free.fr/css/sons/bizet_symphonie_ut_5.mp3
1617	chapoHtml	object	operacritiques.free.fr	http://operacritiques.free.fr/css/dewplayer-multi.swf?son=http://operacritiques.free.fr/css/sons/bizet_symphonie_ut_6.mp3
1617	chapoHtml	object	operacritiques.free.fr	http://operacritiques.free.fr/css/dewplayer-multi.swf?son=http://operacritiques.free.fr/css/sons/bizet_symphonie_ut_7.mp3
1626	corpsHtml	object	operacritiques.free.fr	http://operacritiques.free.fr/css/dewplayer-multi.swf?son=http://operacritiques.free.fr/css/sons/auguste_mermet_jeanne_d_arc_air_richard_dlm.mp3
1628	corpsHtml	embed	www.youtube.com	http://www.youtube.com/v/wGubKYkEDX8?fs=1&hl=fr_FR
1629	corpsHtml	embed	www.youtube.com	http://www.youtube.com/v/xJZXHAXtAR0?fs=1&hl=fr_FR
1629	corpsHtml	embed	www.youtube.com	http://www.youtube.com/v/DohRfWaASNE?fs=1&hl=fr_FR
163	corpsHtml	img	kurtag.free.fr	http://kurtag.free.fr/hug_1.jpg
163	corpsHtml	img	kurtag.free.fr	http://kurtag.free.fr/hug_2.jpg
163	corpsHtml	img	kurtag.free.fr	http://kurtag.free.fr/hug_3.jpg
163	corpsHtml	img	kurtag.free.fr	http://kurtag.free.fr/hug_4.jpg
163	corpsHtml	lien	kurtag.free.fr	http://kurtag.free.fr/jenecrainsriendevous.mp3
163	corpsHtml	lien	kurtag.free.fr	http://kurtag.free.fr/Raoul!.mp3
1633	corpsHtml	embed	www.youtube.com	http://www.youtube.com/v/UkV0lpH9z20?fs=1&hl=fr_FR
1633	chapoHtml	embed	www.youtube.com	http://www.youtube.com/v/EVphoWYq3qA?fs=1&hl=fr_FR
1638	chapoHtml	object	operacritiques.free.fr	http://operacritiques.free.fr/css/dewplayer.swf?son=http://operacritiques.free.fr/css/sons/portamento_dlm.mp3
1641	corpsHtml	embed	www.youtube.com	http://www.youtube.com/v/3IMkTOasJt8?fs=1&hl=fr_FR
1641	corpsHtml	embed	www.youtube.com	http://www.youtube.com/v/L1FQt06EmC4?fs=1&hl=fr_FR
1647	corpsHtml	object	operacritiques.free.fr	http://operacritiques.free.fr/css/dewplayer-multi.swf?son=http://operacritiques.free.fr/css/sons/blanchefleur_dlm.mp3
1648	chapoHtml	embed	www.youtube.com	http://www.youtube.com/v/x6weDE8VLGQ?fs=1&hl=fr_FR
1651	corpsHtml	embed	www.youtube.com	http://www.youtube.com/v/n9uKYocyQuI?fs=1&hl=fr_FR
1652	corpsHtml	embed	www.youtube.com	http://www.youtube.com/v/-LNfvS0WBu0?fs=1&hl=fr_FR
1655	corpsHtml	object	operacritiques.free.fr	http://operacritiques.free.fr/css/dewplayer-multi.swf?son=http://operacritiques.free.fr/css/sons/tosca_fr_motif_1.mp3
1655	corpsHtml	object	operacritiques.free.fr	http://operacritiques.free.fr/css/dewplayer-multi.swf?son=http://operacritiques.free.fr/css/sons/tosca_fr_motif_2.mp3
1655	corpsHtml	object	operacritiques.free.fr	http://operacritiques.free.fr/css/dewplayer-multi.swf?son=http://operacritiques.free.fr/css/sons/tosca_fr_motif_3.mp3
1655	corpsHtml	object	operacritiques.free.fr	http://operacritiques.free.fr/css/dewplayer-multi.swf?son=http://operacritiques.free.fr/css/sons/tosca_fr_motif_4.mp3
1655	corpsHtml	object	operacritiques.free.fr	http://operacritiques.free.fr/css/dewplayer-multi.swf?son=http://operacritiques.free.fr/css/sons/tosca_fr_motif_5.mp3
1655	corpsHtml	object	operacritiques.free.fr	http://operacritiques.free.fr/css/dewplayer-multi.swf?son=http://operacritiques.free.fr/css/sons/tosca_circulaire_2.mp3
1655	corpsHtml	object	operacritiques.free.fr	http://operacritiques.free.fr/css/dewplayer-multi.swf?son=http://operacritiques.free.fr/css/sons/tosca_circulaire_a.mp3
1655	corpsHtml	object	operacritiques.free.fr	http://operacritiques.free.fr/css/dewplayer-multi.swf?son=http://operacritiques.free.fr/css/sons/tosca_circulaire_b.mp3
1655	chapoHtml	object	operacritiques.free.fr	http://operacritiques.free.fr/css/dewplayer-multi.swf?son=http://operacritiques.free.fr/css/sons/tosca_fr_motif_acte_i.mp3
1655	chapoHtml	object	operacritiques.free.fr	http://operacritiques.free.fr/css/dewplayer-multi.swf?son=http://operacritiques.free.fr/css/sons/tosca_fr_motif_0.mp3
1663	corpsHtml	lien	operacritiques.free.fr	http://operacritiques.free.fr/css/sons/acc_robert_valse_infernale.mp3
1663	corpsHtml	lien	operacritiques.free.fr	http://operacritiques.free.fr/css/sons/acc_robert_acte_iii_b.mp3
1663	corpsHtml	lien	operacritiques.free.fr	http://operacritiques.free.fr/css/sons/acc_bertram_air_acte_v.mp3
1666	corpsHtml	iframe	www.youtube.com	http://www.youtube.com/embed/F99u9q4F5i0
1667	chapoHtml	iframe	www.youtube.com	http://www.youtube.com/embed/mChWsl6SK5M
1671	chapoHtml	iframe	www.youtube.com	http://www.youtube.com/embed/iWpXhDh0toI
1673	corpsHtml	object	operacritiques.free.fr	http://operacritiques.free.fr/css/dewplayer-multi.swf?son=http://operacritiques.free.fr/css/images/feierabend_fr.mp3
1682	chapoHtml	object	operacritiques.free.fr	http://operacritiques.free.fr/css/dewplayer-multi.swf?son=http://operacritiques.free.fr/css/sons/cendrillon_partez.mp3|http://operacritiques.free.fr/css/sons/cendrillon_invocation.mp3|http://operacrit
1684	chapoHtml	object	operacritiques.free.fr	http://operacritiques.free.fr/css/dewplayer-multi.swf?son=http://operacritiques.free.fr/css/sons/dlm_meuniere_trad_vilain_curieux.mp3
1689	corpsHtml	object	operacritiques.free.fr	http://operacritiques.free.fr/css/dewplayer-multi.swf?son=http://operacritiques.free.fr/css/sons/lepreuse_verre.mp3|http://operacritiques.free.fr/css/sons/lepreuse_confession.mp3|http://operacritiques
1689	chapoHtml	iframe	www.youtube.com	http://www.youtube.com/embed/Q-GuQzkRguo
1697	chapoHtml	object	operacritiques.free.fr	http://operacritiques.free.fr/css/dewplayer-multi.swf?son=http://operacritiques.free.fr/css/sons/wirtshaus_fr.mp3
1705	chapoHtml	iframe	www.youtube.com	http://www.youtube.com/embed/Dzd_mYSPURI
1707	corpsHtml	iframe	www.youtube.com	http://www.youtube.com/embed/7vQ_uQsITko
1708	corpsHtml	object	operacritiques.free.fr	http://operacritiques.free.fr/css/dewplayer-multi.swf?son=http://operacritiques.free.fr/css/images/feierabend_fr.mp3
1710	corpsHtml	iframe	www.youtube.com	http://www.youtube.com/embed/hyLjQdLMYpg
1713	corpsHtml	img	www.univ-paris8.fr	http://www.univ-paris8.fr/IMG/jpg_concert-et-nous-le-monde-affiche.jpg
1715	chapoHtml	object	operacritiques.free.fr	http://operacritiques.free.fr/css/dewplayer-multi.swf?son=http://operacritiques.free.fr/css/sons/aeneas_vader.mp3
1717	corpsHtml	object	operacritiques.free.fr	http://operacritiques.free.fr/css/dewplayer-multi.swf?son=http://operacritiques.free.fr/css/sons/sauguet_entretien.mp3
1717	chapoHtml	iframe	www.youtube.com	http://www.youtube.com/embed/xDtMUVVoSZQ
1718	corpsHtml	iframe	www.youtube.com	http://www.youtube.com/embed/08rII9NRq-g
1718	chapoHtml	iframe	www.youtube.com	http://www.youtube.com/embed/gDzA7bWNlZQ
1721	corpsHtml	object	operacritiques.free.fr	http://operacritiques.free.fr/css/dewplayer-multi.swf?son=http://operacritiques.free.fr/css/sons/00002.mp3
1721	corpsHtml	lien	www.illustretheatre-jmvillegier.fr	http://www.illustretheatre-jmvillegier.fr/download.php?fichier=Un%20r%EAve%20noir.pdf
1722	corpsHtml	lien	www.illustretheatre-jmvillegier.fr	http://www.illustretheatre-jmvillegier.fr/download.php?fichier=Un%20r%EAve%20noir.pdf
1723	corpsHtml	iframe	www.youtube.com	http://www.youtube.com/embed/tbCDEG1jQxQ
1725	chapoHtml	iframe	www.youtube.com	http://www.youtube.com/embed/Jm3D4iQNoHw
1727	chapoHtml	object	operacritiques.free.fr	http://operacritiques.free.fr/css/dewplayer-multi.swf?son=http://operacritiques.free.fr/css/sons/ouvatmaucour.mp3
1735	chapoHtml	iframe	www.youtube.com	http://www.youtube.com/embed/qtzqz_q9C2k
1739	corpsHtml	object	operacritiques.free.fr	http://operacritiques.free.fr/css/dewplayer-multi.swf?son=http://operacritiques.free.fr/css/sons/ture_rangstrom_havet_sjunger.mp3
1740	corpsHtml	iframe	www.youtube.com	http://www.youtube.com/embed/YwmvMuxV1oQ
1744	corpsHtml	object	operacritiques.free.fr	http://operacritiques.free.fr/css/dewplayer-multi.swf?son=http://operacritiques.free.fr/css/sons/salome_zampieri.mp3
1749	chapoHtml	object	operacritiques.free.fr	http://operacritiques.free.fr/css/dewplayer-multi.swf?son=http://operacritiques.free.fr/css/sons/bruckner_palestrina.mp3
1750	chapoHtml	object	operacritiques.free.fr	http://operacritiques.free.fr/css/dewplayer-multi.swf?son=http://operacritiques.free.fr/css/sons/carmen_hongrois.mp3
1751	chapoHtml	object	operacritiques.free.fr	http://operacritiques.free.fr/css/dewplayer-multi.swf?son=http://operacritiques.free.fr/css/sons/chimene_dg_comparaison_1.mp3|http://operacritiques.free.fr/css/sons/chimene_dg_comparaison_2.mp3
1752	corpsHtml	iframe	www.youtube.com	http://www.youtube.com/embed/SZZ-LeQ688c
1752	corpsHtml	iframe	www.youtube.com	http://www.youtube.com/embed/hY9eSG0ZxZI
1756	corpsHtml	img	thisisindexed.com	http://thisisindexed.com/wp-content/uploads/2011/05/card2898.jpg
1756	corpsHtml	img	thisisindexed.com	http://thisisindexed.com/wp-content/uploads/2006/08/card5_l.jpg
1756	corpsHtml	img	thisisindexed.com	http://thisisindexed.com/wp-content/uploads/2006/08/card27_l.jpg
1756	corpsHtml	img	thisisindexed.com	http://thisisindexed.com/wp-content/uploads/2011/05/card2895.jpg
1756	chapoHtml	img	thisisindexed.com	http://thisisindexed.com/wp-content/uploads/2011/06/card2909.jpg
1760	corpsHtml	iframe	www.youtube.com	http://www.youtube.com/embed/ueoyc87dCHk
1760	chapoHtml	iframe	www.youtube.com	http://www.youtube.com/embed/sfKrTYMCH1M
1764	corpsHtml	iframe	www.youtube.com	http://www.youtube.com/embed/Bz2AMNBHv2k
1769	corpsHtml	iframe	www.youtube.com	http://www.youtube.com/embed/Dzx8A8Iuov0
177	corpsHtml	img	piloris.free.fr	http://piloris.free.fr/grolle1.gif
177	corpsHtml	img	piloris.free.fr	http://piloris.free.fr/grolle2.gif
177	corpsHtml	lien	piloris.free.fr	http://piloris.free.fr/Ich_grolle_nicht.pdf
1770	corpsHtml	iframe	www.youtube.com	http://www.youtube.com/embed/Z-PL5iRsQiQ
1773	corpsHtml	iframe	www.youtube.com	http://www.youtube.com/embed/N4Suyd-Wx2Q
1775	corpsHtml	iframe	www.youtube.com	http://www.youtube.com/embed/o8yNmfgcasQ
1778	corpsHtml	iframe	www.youtube.com	http://www.youtube.com/embed/Y4PONP5UtHM
1778	chapoHtml	iframe	www.youtube.com	http://www.youtube.com/embed/C4z3jCqeAvA
1781	corpsHtml	iframe	www.youtube.com	http://www.youtube.com/embed/U5uP99Eqhe8
1782	chapoHtml	iframe	www.youtube.com	http://www.youtube.com/embed/I6OLGWP9JSk
1784	chapoHtml	iframe	www.youtube.com	http://www.youtube.com/embed/rq2k8pLZRrY
1785	corpsHtml	lien	musicontempo.free.fr	http://musicontempo.free.fr/carnets_sur_sol_pikovaya_alld.pdf
1785	chapoHtml	audio	operacritiques.free.fr	http://operacritiques.free.fr/css/sons/tomski-fr_dlm-castaing.mp3
1785	notesHtml	object	operacritiques.free.fr	http://operacritiques.free.fr/css/dewplayer-multi.swf?son=http://operacritiques.free.fr/css/sons/dlm_tomski_a_110820.mp3|http://operacritiques.free.fr/css/sons/dlm_tomski_b_110820.mp3
1788	corpsHtml	object	operacritiques.free.fr	http://operacritiques.free.fr/css/dewplayer-multi.swf?son=http://operacritiques.free.fr/css/sons/calamity_patti.mp3
1789	corpsHtml	iframe	www.youtube.com	http://www.youtube.com/embed/RpQm0yudWAc
1790	corpsHtml	iframe	www.youtube.com	http://www.youtube.com/embed/RWLG7Z3ogPo
1790	chapoHtml	iframe	www.youtube.com	http://www.youtube.com/embed/kQeJPWeBc3U
1792	corpsHtml	object	operacritiques.free.fr	http://operacritiques.free.fr/css/dewplayer-multi.swf?son=http://operacritiques.free.fr/css/sons/dubois_paradis.mp3
180	corpsHtml	img	images-eu.amazon.com	http://images-eu.amazon.com/images/P/B00005NV6D.08.LZZZZZZZ.jpg
180	chapoHtml	img	www.musimem.com	http://www.musimem.com/images/theatreitalien-favart.jpg
1802	corpsHtml	object	operacritiques.free.fr	http://operacritiques.free.fr/css/dewplayer-multi.swf?son=http://operacritiques.free.fr/css/sons/bergman_chante.mp3
1802	chapoHtml	object	operacritiques.free.fr	http://operacritiques.free.fr/css/dewplayer-multi.swf?son=http://operacritiques.free.fr/css/sons/melodiemyst.mp3
1808	chapoHtml	iframe	www.youtube.com	http://www.youtube.com/embed/t2lDoWuzY-4
1813	chapoHtml	object	operacritiques.free.fr	http://operacritiques.free.fr/css/dewplayer-multi.swf?son=http://operacritiques.free.fr/css/sons/alfano_violon.mp3|
1814	corpsHtml	lien	guschlbauer.com	http://guschlbauer.com/Progr/vol38.pdf
1816	corpsHtml	object	operacritiques.free.fr	http://operacritiques.free.fr/css/dewplayer-multi.swf?son=http://operacritiques.free.fr/css/sons/nadir_2_alagna.mp3
1816	corpsHtml	object	operacritiques.free.fr	http://operacritiques.free.fr/css/dewplayer-multi.swf?son=http://operacritiques.free.fr/css/sons/nadir_2_domingo.mp3
1816	corpsHtml	object	operacritiques.free.fr	http://operacritiques.free.fr/css/dewplayer-multi.swf?son=http://operacritiques.free.fr/css/sons/nadir_2_aler.mp3
182	corpsHtml	img	www.durbeckarchive.com	http://www.durbeckarchive.com/images/comp-boulez.jpg
1822	corpsHtml	iframe	www.youtube.com	http://www.youtube.com/embed/Q_uaI28LGJk
1823	chapoHtml	iframe	minnesota.publicradio.org	http://minnesota.publicradio.org/www_publicradio/tools/media_player/syndicate.php?name=minnesota/classical/features/2011/09/01/first_listen_20110901_128
1827	corpsHtml	lien	ec.europa.eu	http://ec.europa.eu/internal_market/copyright/docs/term/2011_directive_fr.pdf
1827	corpsHtml	lien	ec.europa.eu	http://ec.europa.eu/internal_market/copyright/docs/term/110910_memo_copyright_performers_en.pdf
1827	corpsHtml	lien	ec.europa.eu	http://ec.europa.eu/internal_market/copyright/docs/term/ia_term_en.pdf
1836	chapoHtml	object	operacritiques.free.fr	http://operacritiques.free.fr/css/dewplayer-multi.swf?son=http://operacritiques.free.fr/css/sons/gretry_panurge_1_ensemble_liminaire.mp3
1836	chapoHtml	object	operacritiques.free.fr	http://operacritiques.free.fr/css/dewplayer-multi.swf?son=http://operacritiques.free.fr/css/sons/gretry_panurge_3_epouse_jalouse.mp3
1836	chapoHtml	object	operacritiques.free.fr	http://operacritiques.free.fr/css/dewplayer-multi.swf?son=http://operacritiques.free.fr/css/sons/gretry_panurge_2_orage_joyeux.mp3
1841	chapoHtml	object	operacritiques.free.fr	http://operacritiques.free.fr/css/dewplayer-multi.swf?son=http://operacritiques.free.fr/css/sons/jedi-symphonie.mp3
1851	corpsHtml	iframe	www.youtube.com	http://www.youtube.com/embed/TWUpM7ZP6TM
1859	corpsHtml	iframe	www.youtube.com	http://www.youtube.com/embed/e9rxb2qBpmM
1860	corpsHtml	iframe	www.youtube.com	http://www.youtube.com/embed/tA1BEGIKdKc
1863	corpsHtml	iframe	www.youtube.com	http://www.youtube.com/embed/9EUCma_XK1c
1874	corpsHtml	iframe	www.youtube.com	http://www.youtube.com/embed/hhoFfNS36yA
1875	chapoHtml	iframe	www.youtube.com	http://www.youtube.com/embed/H_fDg4rInQg
1884	chapoHtml	object	operacritiques.free.fr	http://operacritiques.free.fr/css/dewplayer-multi.swf?son=http://operacritiques.free.fr/css/sons/asafiev_armide.mp3
1886	chapoHtml	iframe	www.youtube.com	http://www.youtube.com/embed/RPzVSmqGwm4
189	corpsHtml	img	www.etonnantelettonie.org	http://www.etonnantelettonie.org/files/images/projekti/vasks/P.Vasks.jpg
1892	corpsHtml	iframe	www.youtube.com	http://www.youtube.com/embed/QacnG8jqdmA
1893	chapoHtml	object	operacritiques.free.fr	http://operacritiques.free.fr/css/dewplayer-multi.swf?son=http://operacritiques.free.fr/css/sons/grostra.mp3
1894	corpsHtml	lien	www.thomas-quasthoff.com	http://www.thomas-quasthoff.com/wp-content/uploads/2012/01/Press-Release.pdf
1896	corpsHtml	object	operacritiques.free.fr	http://operacritiques.free.fr/css/dewplayer-multi.swf?son=http://operacritiques.free.fr/css/sons/korngold_pop.mp3
1896	corpsHtml	object	operacritiques.free.fr	http://operacritiques.free.fr/css/dewplayer-multi.swf?son=http://operacritiques.free.fr/css/sons/wicked_korngold.mp3
1899	corpsHtml	object	operacritiques.free.fr	http://operacritiques.free.fr/css/dewplayer-multi.swf?son=http://operacritiques.free.fr/css/sons/bruck_7_pia_dlm_deb.mp3
1899	chapoHtml	object	operacritiques.free.fr	http://operacritiques.free.fr/css/dewplayer-multi.swf?son=http://operacritiques.free.fr/css/sons/bruck_3_pia_dlm_deb.mp3
190	corpsHtml	img	dictionnaire.metronimo.com	http://dictionnaire.metronimo.com/img/recitatif.jpg
1900	chapoHtml	object	operacritiques.free.fr	http://operacritiques.free.fr/css/dewplayer-multi.swf?son=http://operacritiques.free.fr/css/sons/liccioni_aperture.mp3
1904	chapoHtml	object	operacritiques.free.fr	http://operacritiques.free.fr/css/dewplayer-multi.swf?son=http://operacritiques.free.fr/css/sons/owen_abram.mp3
1909	corpsHtml	object	operacritiques.free.fr	http://operacritiques.free.fr/css/dewplayer-multi.swf?son=http://operacritiques.free.fr/css/sons/waterfront_deconnexion.mp3
191	chapoHtml	img	images-eu.amazon.com	http://images-eu.amazon.com/images/P/2850365327.08.MZZZZZZZ.jpg
1916	corpsHtml	iframe	www.youtube.com	http://www.youtube.com/embed/eE148PF42tU
1917	chapoHtml	object	operacritiques.free.fr	http://operacritiques.free.fr/css/dewplayer-multi.swf?son=http://operacritiques.free.fr/css/sons/brezet_grognement.mp3
1919	chapoHtml	object	operacritiques.free.fr	http://operacritiques.free.fr/css/dewplayer-multi.swf?son=http://operacritiques.free.fr/css/sons/alvaro_fr_dlm_2.mp3
1919	chapoHtml	iframe	www.youtube.com	http://www.youtube.com/embed/_7DPhEzLQtA
1920	corpsHtml	object	operacritiques.free.fr	http://operacritiques.free.fr/css/dewplayer.swf?son=http://piloris.free.fr/Nimsgern_1.mp3
1925	corpsHtml	object	operacritiques.free.fr	http://operacritiques.free.fr/css/dewplayer-multi.swf?son=http://operacritiques.free.fr/css/sons/opera_mystery_section_2.mp3
1925	chapoHtml	object	operacritiques.free.fr	http://operacritiques.free.fr/css/dewplayer-multi.swf?son=http://operacritiques.free.fr/css/sons/opera_mystery_section_1.mp3
1928	corpsHtml	img	operacritiques.free.fr	http://operacritiques.free.fr/css/themes/robert/images/cello%20n.jpg
1928	corpsHtml	img	ecx.images-amazon.com	http://ecx.images-amazon.com/images/I/51hQJ0ZfgwL._SL500_AA300_.jpg
1928	corpsHtml	img	ecx.images-amazon.com	http://ecx.images-amazon.com/images/I/51qUHjfezSL._SL500_AA240_.jpg
1928	corpsHtml	img	ecx.images-amazon.com	http://ecx.images-amazon.com/images/I/51QUp3jpfFL._SL500_AA240_.jpg
1928	corpsHtml	img	ecx.images-amazon.com	http://ecx.images-amazon.com/images/I/51AToLcRsyL._SL500_AA240_.jpg
1928	corpsHtml	img	ecx.images-amazon.com	http://ecx.images-amazon.com/images/I/61RYV06W04L._SL500_AA300_.gif
1928	corpsHtml	img	ecx.images-amazon.com	http://ecx.images-amazon.com/images/I/51pdr9FnfpL._SL500_AA240_.jpg
1928	corpsHtml	img	ecx.images-amazon.com	http://ecx.images-amazon.com/images/I/21J8WVR1A6L._AA115_.jpg
1928	corpsHtml	img	ecx.images-amazon.com	http://ecx.images-amazon.com/images/I/41HZ08B4RWL._SL500_AA300_.jpg
1928	corpsHtml	img	ecx.images-amazon.com	http://ecx.images-amazon.com/images/I/519VXJ5TWTL._SL500_AA300_.jpg
1928	corpsHtml	img	ecx.images-amazon.com	http://ecx.images-amazon.com/images/I/619DSV16BFL._SL500_AA300_.gif
1928	corpsHtml	img	ecx.images-amazon.com	http://ecx.images-amazon.com/images/I/51ptn6-RY5L._SL500_AA300_.jpg
1928	corpsHtml	img	ecx.images-amazon.com	http://ecx.images-amazon.com/images/I/61c23nbib1L._SL500_AA300_.jpg
1928	corpsHtml	img	ecx.images-amazon.com	http://ecx.images-amazon.com/images/I/411MFMMMN3L._SL500_AA300_.jpg
1928	corpsHtml	img	ecx.images-amazon.com	http://ecx.images-amazon.com/images/I/417BTW704FL._SL500_AA300_.jpg
1928	corpsHtml	img	ecx.images-amazon.com	http://ecx.images-amazon.com/images/I/41X0MY2Q27L._SL500_AA300_.jpg
1928	corpsHtml	img	ecx.images-amazon.com	http://ecx.images-amazon.com/images/I/416TYYSYXZL._SL500_AA300_.jpg
1928	corpsHtml	img	ecx.images-amazon.com	http://ecx.images-amazon.com/images/I/51qv1b%2BvPsL._SL500_AA240_.jpg
1928	corpsHtml	img	ecx.images-amazon.com	http://ecx.images-amazon.com/images/I/51w6kNVBPaL._SL500_AA300_.jpg
1928	corpsHtml	img	ecx.images-amazon.com	http://ecx.images-amazon.com/images/I/5154Dk5FsOL._SL500_AA300_.jpg
1928	corpsHtml	img	ecx.images-amazon.com	http://ecx.images-amazon.com/images/I/5139VLlUJrL._SL500_AA300_.jpg
1928	corpsHtml	img	www.francoisleroux.net	http://www.francoisleroux.net/img/discographie/liszt.jpg
1928	corpsHtml	img	ecx.images-amazon.com	http://ecx.images-amazon.com/images/I/51qWaOLlYLL._SL500_AA300_.jpg
1928	corpsHtml	img	ecx.images-amazon.com	http://ecx.images-amazon.com/images/I/51LX%2BkXpI5L._SL500_AA300_.jpg
1928	corpsHtml	img	ecx.images-amazon.com	http://ecx.images-amazon.com/images/I/51TXx%2BYSSPL._SL500_AA300_.jpg
1928	corpsHtml	img	ecx.images-amazon.com	http://ecx.images-amazon.com/images/I/51tXtvUS9LL._SL500_AA240_.jpg
1928	corpsHtml	img	ecx.images-amazon.com	http://ecx.images-amazon.com/images/I/31SH5YNP9RL._SL500_AA300_.jpg
1928	corpsHtml	img	ecx.images-amazon.com	http://ecx.images-amazon.com/images/I/519DntuXNkL._SL500_AA300_.jpg
1928	corpsHtml	img	ecx.images-amazon.com	http://ecx.images-amazon.com/images/I/41KFLullxDL._AA160_.jpg
1928	corpsHtml	img	ecx.images-amazon.com	http://ecx.images-amazon.com/images/I/41PV4CZE2EL._SL500_AA300_.jpg
1928	corpsHtml	img	ecx.images-amazon.com	http://ecx.images-amazon.com/images/I/51SCfsbKBRL._SL500_AA240_.jpg
1928	corpsHtml	img	ecx.images-amazon.com	http://ecx.images-amazon.com/images/I/51k%2Bi83EfYL._SL500_AA300_.jpg
1928	chapoHtml	img	ecx.images-amazon.com	http://ecx.images-amazon.com/images/I/51wi3W8C6%2BL._SL500_AA240_.jpg
1928	chapoHtml	object	operacritiques.free.fr	http://operacritiques.free.fr/css/dewplayer-multi.swf?son=http://operacritiques.free.fr/css/sons/dichterliebe_loges.mp3
1928	chapoHtml	img	ecx.images-amazon.com	http://ecx.images-amazon.com/images/I/51If2E29ElL._SL500_AA300_.jpg
1928	chapoHtml	object	operacritiques.free.fr	http://operacritiques.free.fr/css/dewplayer-multi.swf?son=http://operacritiques.free.fr/css/sons/dichterliebe_bauer.mp3
1928	chapoHtml	img	ecx.images-amazon.com	http://ecx.images-amazon.com/images/I/51DajrBAirL._SL500_AA300_.jpg
1931	chapoHtml	iframe	www.youtube.com	http://www.youtube.com/embed/zS0eas0PvE8
194	corpsHtml	img	images-eu.amazon.com	http://images-eu.amazon.com/images/P/B00000598J.01.LZZZZZZZ.jpg
194	corpsHtml	img	images-eu.amazon.com	http://images-eu.amazon.com/images/P/B00002DG9I.03.LZZZZZZZ.jpg
194	corpsHtml	img	images-eu.amazon.com	http://images-eu.amazon.com/images/P/B00004TG3Y.03.LZZZZZZZ.gif
194	corpsHtml	img	images-eu.amazon.com	http://images-eu.amazon.com/images/P/B0000243HH.03.LZZZZZZZ.jpg
194	corpsHtml	img	www.jpc.de	http://www.jpc.de/image/cover/front/0/1676891.jpg
194	corpsHtml	img	images-eu.amazon.com	http://images-eu.amazon.com/images/P/3875846524.03.MZZZZZZZ.jpg
194	chapoHtml	img	davidlemarrec.ifrance.com	http://davidlemarrec.ifrance.com/zelter.jpeg
1941	corpsHtml	object	operacritiques.free.fr	http://operacritiques.free.fr/css/dewplayer-multi.swf?son=http://operacritiques.free.fr/css/sons/serious_cabaret.mp3
1943	corpsHtml	object	operacritiques.free.fr	http://operacritiques.free.fr/css/dewplayer-multi.swf?son=http://operacritiques.free.fr/css/sons/bruckner_orchestration.mp3
1948	corpsHtml	object	operacritiques.free.fr	http://operacritiques.free.fr/css/dewplayer-multi.swf?son=http://operacritiques.free.fr/css/sons/philomele_dlm.mp3
1948	notesHtml	object	operacritiques.free.fr	http://operacritiques.free.fr/css/dewplayer-multi.swf?son=http://operacritiques.free.fr/css/sons/philomele_cappella.mp3
195	chapoHtml	img	piloris.free.fr	http://piloris.free.fr/thule_zelter.jpg
1956	chapoHtml	object	operacritiques.free.fr	http://operacritiques.free.fr/css/dewplayer-multi.swf?son=http://operacritiques.free.fr/css/sons/gens_arriaga.mp3|http://operacritiques.free.fr/css/sons/gens_ariodant.mp3
1959	corpsHtml	object	operacritiques.free.fr	http://operacritiques.free.fr/css/dewplayer-multi.swf?son=http://operacritiques.free.fr/css/sons/myst_mouz.mp3
1967	corpsHtml	img	operacritiques.free.fr	http://operacritiques.free.fr/css/images/pavel_vranicky_paul_wranitzky_symphonies_bamert_mozart_gossec_chandos
1968	corpsHtml	object	operacritiques.free.fr	http://operacritiques.free.fr/css/dewplayer-multi.swf?son=http://operacritiques.free.fr/css/sons/francais_gallican_salomon_mauillon_christie.mp3
1980	corpsHtml	img	www.musiques-interdites.eu	http://www.musiques-interdites.eu/images1/carte.jpg
1981	corpsHtml	object	operacritiques.free.fr	http://operacritiques.free.fr/css/dewplayer-multi.swf?son=http://operacritiques.free.fr/css/sons/hollande_reverb.mp3
1982	chapoHtml	object	operacritiques.free.fr	http://operacritiques.free.fr/css/dewplayer-multi.swf?son=http://operacritiques.free.fr/css/sons/vanessa_ii.mp3
1982	chapoHtml	lien	www.radio.rai.it	http://www.radio.rai.it/radio3/radio3_suite/archivio_2006/eventi/2006_11_11_vanessa/libretto_inglese.pdf
1982	chapoHtml	lien	www.livretpartition.com	http://www.livretpartition.com/livretopera/barber/vanessa_baber.pdf
199	corpsHtml	img	heloise.moeglin.free.fr	http://heloise.moeglin.free.fr/animaux/poules/ressources_poule/poule.jpg
1995	corpsHtml	object	operacritiques.free.fr	http://operacritiques.free.fr/css/dewplayer-multi.swf?son=http://operacritiques.free.fr/css/sons/merkel_ut.mp3
1995	chapoHtml	object	operacritiques.free.fr	http://operacritiques.free.fr/css/dewplayer-multi.swf?son=http://operacritiques.free.fr/css/sons/merkel_4.mp3
1999	corpsHtml	iframe	www.youtube.com	http://www.youtube.com/embed/ZOpWKgLzxQ4
1999	corpsHtml	iframe	www.youtube.com	http://www.youtube.com/embed/M_pnLurEVHQ
2015	corpsHtml	iframe	www.youtube.com	http://www.youtube.com/embed/7ZTdWKR7nd8
2017	corpsHtml	iframe	www.youtube.com	http://www.youtube.com/embed/Ri9AhlnHmi0
2017	chapoHtml	iframe	www.youtube.com	http://www.youtube.com/embed/sQ75FbEwIF8
2023	corpsHtml	object	operacritiques.free.fr	http://operacritiques.free.fr/css/dewplayer-multi.swf?son=http://operacritiques.free.fr/css/sons/ekstrom_extrait.mp3
2026	chapoHtml	embed	download.liveweb.arte.tv	http://download.liveweb.arte.tv/o21/liveweb/flash/player.swf?appContext=liveweb&eventId=3882&mode=prod&priority=one&embed=true
2029	corpsHtml	object	operacritiques.free.fr	http://operacritiques.free.fr/css/dewplayer-multi.swf?son=http://operacritiques.free.fr/css/sons/heres.mp3|http://operacritiques.free.fr/css/sons/hereau.mp3
203	corpsHtml	img	ffg.jeudego.org	http://ffg.jeudego.org/images/nouvelles/Leipzig.jpg
2039	chapoHtml	lien	www.eglise.catholique.fr	http://www.eglise.catholique.fr/download/1-20607-0/proposition-nationale-priere-assomption-2012.pdf
2042	corpsHtml	iframe	www.youtube.com	http://www.youtube.com/embed/Sl9eNLoYQ_c
2058	corpsHtml	embed	www.musicme.com	http://www.musicme.com/_share/minialbum.swf?cb=5410939740628
2059	corpsHtml	embed	streaming.interlake.net	http://streaming.interlake.net/players/ilplayerplatform/1000_1_1.swf
2064	corpsHtml	object	operacritiques.free.fr	http://operacritiques.free.fr/css/dewplayer-multi.swf?son=http://operacritiques.free.fr/css/sons/mystere_septembre.mp3
2066	corpsHtml	object	operacritiques.free.fr	http://operacritiques.free.fr/css/dewplayer-multi.swf?son=http://operacritiques.free.fr/css/sons/tantmieux.mp3
2069	corpsHtml	iframe	www.youtube.com	http://www.youtube.com/embed/HOrpoHM9yec
207	corpsHtml	img	scriptorium.lib.duke.edu	http://scriptorium.lib.duke.edu/sheetmusic/b/b09/b0933/b0933-2-72dpi.jpeg
2073	chapoHtml	iframe	www.youtube.com	http://www.youtube.com/embed/Y4PONP5UtHM
2075	corpsHtml	embed	www.musicme.com	http://www.musicme.com/_share/minialbum.swf?cb=4035122652635
2085	chapoHtml	iframe	www.youtube.com	http://www.youtube.com/embed/3grUpnHUtHA
2087	corpsHtml	object	operacritiques.free.fr	http://operacritiques.free.fr/css/dewplayer-multi.swf?son=http://operacritiques.free.fr/css/sons/wandbruck.mp3
2089	corpsHtml	object	operacritiques.free.fr	http://operacritiques.free.fr/css/dewplayer-multi.swf?son=http://operacritiques.free.fr/css/sons/piccinni_atys_2_celaenus.mp3
2089	chapoHtml	object	operacritiques.free.fr	http://operacritiques.free.fr/css/dewplayer-multi.swf?son=http://operacritiques.free.fr/css/sons/piccinni_atys_1_ouv_amants.mp3
2093	chapoHtml	iframe	www.youtube.com	http://www.youtube.com/embed/Qoa3Z0RFMwA
2096	chapoHtml	object	operacritiques.free.fr	http://operacritiques.free.fr/css/dewplayer-multi.swf?son=http://operacritiques.free.fr/css/sons/piccinni_atys_5_delire.mp3
2096	chapoHtml	object	operacritiques.free.fr	http://operacritiques.free.fr/css/dewplayer-multi.swf?son=http://operacritiques.free.fr/css/sons/piccinni_atys_3_air_atys.mp3
2096	chapoHtml	object	operacritiques.free.fr	http://operacritiques.free.fr/css/dewplayer-multi.swf?son=http://operacritiques.free.fr/css/sons/piccinni_atys_4_monteverdien.mp3
2099	chapoHtml	iframe	www.youtube.com	http://www.youtube.com/embed/IVxUhGwZXJo
2104	corpsHtml	iframe	www.youtube.com	http://www.youtube.com/embed/2pG6fn26THY
2107	chapoHtml	object	operacritiques.free.fr	http://operacritiques.free.fr/css/dewplayer-multi.swf?son=http://operacritiques.free.fr/css/sons/schreker_klang_nachtstuck_rickenbacher.mp3
2109	chapoHtml	embed	download.liveweb.arte.tv	http://download.liveweb.arte.tv/o21/liveweb/flash/player.swf?appContext=liveweb&eventId=3882&mode=prod&priority=one&embed=true
2109	chapoHtml	object	operacritiques.free.fr	http://operacritiques.free.fr/css/dewplayer-multi.swf?son=http://operacritiques.free.fr/css/sons/phaeton_minko.mp3
2110	corpsHtml	embed	www.musicme.com	http://www.musicme.com/_share/minialbum.swf?cb=5099907087554
2110	corpsHtml	img	graphics2.musicme.com	http://graphics2.musicme.com/pict/spacer.gif
2113	chapoHtml	iframe	www.youtube.com	http://www.youtube.com/embed/yWMsDCpgjwQ
2114	corpsHtml	embed	www.musicme.com	http://www.musicme.com/_share/minialbum.swf?cb=0822186049617
2116	chapoHtml	embed	www.musicme.com	http://www.musicme.com/_share/minialbum.swf?cb=0724356215559
2122	chapoHtml	object	operacritiques.free.fr	http://operacritiques.free.fr/css/dewplayer-multi.swf?son=http://operacritiques.free.fr/css/sons/diamond_symphonies.mp3
2123	chapoHtml	object	operacritiques.free.fr	http://operacritiques.free.fr/css/dewplayer-multi.swf?son=http://operacritiques.free.fr/css/sons/iolanta_prelude.mp3
2126	chapoHtml	object	operacritiques.free.fr	http://operacritiques.free.fr/css/dewplayer-multi.swf?son=http://operacritiques.free.fr/css/sons/gossec_thesee_versailles_extrait.mp3
213	chapoHtml	img	webperso.easyconnect.fr	http://webperso.easyconnect.fr/lcordo13/destinationlemonde.com/images/drapeaux/lituanie.jpg
2130	chapoHtml	object	operacritiques.free.fr	http://operacritiques.free.fr/css/dewplayer-multi.swf?son=http://operacritiques.free.fr/css/sons/puritani_pido_tce_2012.mp3
2131	corpsHtml	object	operacritiques.free.fr	http://operacritiques.free.fr/css/dewplayer-multi.swf?son=http://operacritiques.free.fr/css/sons/mystschgulke2b.mp3
2131	corpsHtml	object	operacritiques.free.fr	http://operacritiques.free.fr/css/dewplayer-multi.swf?son=http://operacritiques.free.fr/css/sons/mystschgulke1c.mp3
2131	corpsHtml	object	operacritiques.free.fr	http://operacritiques.free.fr/css/dewplayer-multi.swf?son=http://operacritiques.free.fr/css/sons/mystschgulke1d.mp3
2131	corpsHtml	object	operacritiques.free.fr	http://operacritiques.free.fr/css/dewplayer-multi.swf?son=http://operacritiques.free.fr/css/sons/mystschgulke2a.mp3
2136	corpsHtml	iframe	www.youtube.com	http://www.youtube.com/embed/5hWkMh-lMV0
2144	chapoHtml	iframe	www.youtube.com	http://www.youtube.com/embed/Sl9eNLoYQ_c
2148	corpsHtml	object	operacritiques.free.fr	http://operacritiques.free.fr/css/dewplayer-multi.swf?son=http://operacritiques.free.fr/css/sons/czerny_symph_1_a.mp3
2148	corpsHtml	object	operacritiques.free.fr	http://operacritiques.free.fr/css/dewplayer-multi.swf?son=http://operacritiques.free.fr/css/sons/czerny_symph_1_b.mp3
2158	chapoHtml	embed	www.musicme.com	http://www.musicme.com/_share/minialbum.swf?cb=0724355743459
2160	corpsHtml	iframe	www.youtube.com	http://www.youtube.com/embed/YOJb6wP7Bas
2160	chapoHtml	iframe	www.youtube.com	http://www.youtube.com/embed/gYHAWSlvR-U
2162	corpsHtml	object	operacritiques.free.fr	http://operacritiques.free.fr/css/dewplayer-multi.swf?son=http://operacritiques.free.fr/css/sons/koechlin_nectaire_jonge_i-4.mp3|http://operacritiques.free.fr/css/sons/koechlin_nectaire_jonge_i-2.mp3
2168	chapoHtml	object	operacritiques.free.fr	http://operacritiques.free.fr/css/dewplayer-multi.swf?son=http://operacritiques.free.fr/css/sons/tchai_wand.mp3
2169	corpsHtml	object	operacritiques.free.fr	http://operacritiques.free.fr/css/dewplayer-multi.swf?son=http://operacritiques.free.fr/css/sons/neukomm_clar.mp3
217	chapoHtml	img	www.academie-francaise.fr	http://www.academie-francaise.fr/images/immortels/portraits/duval.jpg
2172	chapoHtml	object	operacritiques.free.fr	http://operacritiques.free.fr/css/dewplayer-multi.swf?son=http://operacritiques.free.fr/css/sons/fried_verklaerte.mp3
2173	corpsHtml	iframe	www.youtube.com	http://www.youtube.com/embed/49sGEH5T3Fc
2175	chapoHtml	object	operacritiques.free.fr	http://operacritiques.free.fr/css/dewplayer-multi.swf?son=http://operacritiques.free.fr/css/sons/neukomm_clar.mp3
2183	chapoHtml	object	operacritiques.free.fr	http://operacritiques.free.fr/css/dewplayer-multi.swf?son=http://operacritiques.free.fr/css/sons/daunais_guilmette.mp3
2193	corpsHtml	iframe	player.vimeo.com	http://player.vimeo.com/video/56905998?title=0
2201	corpsHtml	lien	latriniteparis.com	http://latriniteparis.com/IMG/pdf/Programmation_2012-2013-_ok.pdf
2202	chapoHtml	object	operacritiques.free.fr	http://operacritiques.free.fr/css/dewplayer-multi.swf?son=http://operacritiques.free.fr/css/sons/tancrede_dubosc.mp3
2208	chapoHtml	iframe	www.youtube.com	http://www.youtube.com/embed/P6QSR_IbQWk
2216	corpsHtml	iframe	www.youtube.com	http://www.youtube.com/embed/3cuQ4XiqO5U
2225	corpsHtml	iframe	www.youtube.com	http://www.youtube.com/embed/HO8jOTV0V7c
2225	corpsHtml	iframe	www.youtube.com	http://www.youtube.com/embed/eyeYq9XI4MM
2225	chapoHtml	object	operacritiques.free.fr	http://operacritiques.free.fr/css/dewplayer-multi.swf?son=http://operacritiques.free.fr/css/sons/star_wars_par_luehl.mp3
2227	chapoHtml	iframe	www.youtube.com	http://www.youtube.com/embed/Z_iwFtoOrqk
2228	chapoHtml	iframe	www.youtube.com	http://www.youtube.com/embed/Veliy1QVH14
2228	chapoHtml	iframe	www.youtube.com	http://www.youtube.com/embed/P67W5RNyjIw
2229	corpsHtml	lien	www.alain-lambert.org	http://www.alain-lambert.org/wp-content/uploads/2013/03/rapport-web-normes-final.pdf
2230	chapoHtml	iframe	www.youtube.com	http://www.youtube.com/embed/214VRk-wVQM
2238	chapoHtml	object	operacritiques.free.fr	http://operacritiques.free.fr/css/dewplayer-multi.swf?son=http://operacritiques.free.fr/css/sons/friedenstag_kommandant_guerre_lyrique.mp3
2238	chapoHtml	object	operacritiques.free.fr	http://operacritiques.free.fr/css/dewplayer-multi.swf?son=http://operacritiques.free.fr/css/sons/friedenstag_kommandant_acceptation_paix_1.mp3|http://operacritiques.free.fr/css/sons/friedenstag_komman
2238	chapoHtml	object	operacritiques.free.fr	http://operacritiques.free.fr/css/dewplayer-multi.swf?son=http://operacritiques.free.fr/css/sons/friedenstag_peuple.mp3
2238	chapoHtml	object	operacritiques.free.fr	http://operacritiques.free.fr/css/dewplayer-multi.swf?son=http://operacritiques.free.fr/css/sons/friedenstag_quiproquo.mp3
2240	chapoHtml	object	operacritiques.free.fr	http://operacritiques.free.fr/css/dewplayer-multi.swf?son=http://operacritiques.free.fr/css/sons/sondheim_dot.mp3
2242	chapoHtml	iframe	www.youtube.com	http://www.youtube.com/embed/QqPQ1alSELA
2250	chapoHtml	embed	www.musicme.com	http://www.musicme.com/_share/minialbum.swf?cb=5099945781759
2250	chapoHtml	embed	www.musicme.com	http://www.musicme.com/_share/minialbum.swf?cb=0028947851905
2250	chapoHtml	embed	www.musicme.com	http://www.musicme.com/_share/minialbum.swf?cb=0886443784802
2251	corpsHtml	iframe	www.youtube.com	http://www.youtube.com/embed/dpH_Dpj0APk
2251	corpsHtml	iframe	www.youtube.com	http://www.youtube.com/embed/hkTgBsTTPDo
2251	corpsHtml	iframe	www.youtube.com	http://www.youtube.com/embed/rYDmfpcyUiQ
2251	corpsHtml	iframe	www.youtube.com	http://www.youtube.com/embed/wQWw3ihVDyE
2251	corpsHtml	iframe	www.youtube.com	http://www.youtube.com/embed/9GTpamp9blA
2251	chapoHtml	iframe	www.youtube.com	http://www.youtube.com/embed/7nNbIm4Wgkk
2251	chapoHtml	iframe	www.youtube.com	http://www.youtube.com/embed/OzgYsEhtCrw
2256	chapoHtml	embed	www.musicme.com	http://www.musicme.com/_share/minialbum.swf?cb=0028947835189
2257	chapoHtml	object	operacritiques.free.fr	http://operacritiques.free.fr/css/dewplayer-multi.swf?son=http://operacritiques.free.fr/css/sons/dietsch_extraits.mp3
2263	corpsHtml	audio	operacritiques.free.fr	http://operacritiques.free.fr/css/images/pelleas_prosodie/thais_1.mp3
2263	corpsHtml	audio	operacritiques.free.fr	http://operacritiques.free.fr/css/images/pelleas_prosodie/thais_2.mp3
2263	corpsHtml	audio	operacritiques.free.fr	http://operacritiques.free.fr/css/images/pelleas_prosodie/pelleas_1.mp3
2263	corpsHtml	audio	operacritiques.free.fr	http://operacritiques.free.fr/css/images/pelleas_prosodie/scindia_prosodie.mp3
2263	corpsHtml	audio	operacritiques.free.fr	http://operacritiques.free.fr/css/images/pelleas_prosodie/prosodie_pylade.mp3
2263	corpsHtml	audio	operacritiques.free.fr	http://operacritiques.free.fr/css/images/pelleas_prosodie/pelleas_accords.mp3
2263	corpsHtml	audio	operacritiques.free.fr	http://operacritiques.free.fr/css/images/pelleas_prosodie/pelleas_melodies.mp3
2263	corpsHtml	audio	operacritiques.free.fr	http://operacritiques.free.fr/css/images/pelleas_prosodie/gounod_rythme.mp3
2263	corpsHtml	audio	operacritiques.free.fr	http://operacritiques.free.fr/css/images/pelleas_prosodie/pelleas_rythmes.mp3
2263	corpsHtml	audio	operacritiques.free.fr	http://operacritiques.free.fr/css/images/pelleas_prosodie/pelleas_binaire.mp3
2263	corpsHtml	audio	operacritiques.free.fr	http://operacritiques.free.fr/css/images/pelleas_prosodie/pelleas_ternaire.mp3
2263	notesHtml	object	operacritiques.free.fr	http://operacritiques.free.fr/css/dewplayer-multi.swf?son=http://operacritiques.free.fr/css/images/pelleas_prosodie/thais_1.mp3
2263	notesHtml	object	operacritiques.free.fr	http://operacritiques.free.fr/css/dewplayer-multi.swf?son=http://operacritiques.free.fr/css/images/pelleas_prosodie/thais_2.mp3
2263	notesHtml	object	operacritiques.free.fr	http://operacritiques.free.fr/css/dewplayer-multi.swf?son=http://operacritiques.free.fr/css/images/pelleas_prosodie/pelleas_1.mp3
2263	notesHtml	object	operacritiques.free.fr	http://operacritiques.free.fr/css/dewplayer-multi.swf?son=http://operacritiques.free.fr/css/images/pelleas_prosodie/scindia_prosodie.mp3
2263	notesHtml	object	operacritiques.free.fr	http://operacritiques.free.fr/css/dewplayer-multi.swf?son=http://operacritiques.free.fr/css/images/pelleas_prosodie/prosodie_pylade.mp3
2263	notesHtml	object	operacritiques.free.fr	http://operacritiques.free.fr/css/dewplayer-multi.swf?son=http://operacritiques.free.fr/css/images/pelleas_prosodie/pelleas_accords.mp3
2263	notesHtml	object	operacritiques.free.fr	http://operacritiques.free.fr/css/dewplayer-multi.swf?son=http://operacritiques.free.fr/css/images/pelleas_prosodie/pelleas_melodies.mp3
2263	notesHtml	object	operacritiques.free.fr	http://operacritiques.free.fr/css/dewplayer-multi.swf?son=http://operacritiques.free.fr/css/images/pelleas_prosodie/gounod_rythme.mp3
2263	notesHtml	object	operacritiques.free.fr	http://operacritiques.free.fr/css/dewplayer-multi.swf?son=http://operacritiques.free.fr/css/images/pelleas_prosodie/pelleas_rythmes.mp3
2263	notesHtml	object	operacritiques.free.fr	http://operacritiques.free.fr/css/dewplayer-multi.swf?son=http://operacritiques.free.fr/css/images/pelleas_prosodie/pelleas_binaire.mp3
2263	notesHtml	object	operacritiques.free.fr	http://operacritiques.free.fr/css/dewplayer-multi.swf?son=http://operacritiques.free.fr/css/images/pelleas_prosodie/pelleas_ternaire.mp3
2264	chapoHtml	object	operacritiques.free.fr	http://operacritiques.free.fr/css/dewplayer-multi.swf?son=http://musicontempo.free.fr/picro.mp3
2266	corpsHtml	object	operacritiques.free.fr	http://operacritiques.free.fr/css/dewplayer-multi.swf?son=http://operacritiques.free.fr/css/sons/myst_napo.mp3
2267	corpsHtml	object	operacritiques.free.fr	http://operacritiques.free.fr/css/dewplayer-multi.swf?son=http://operacritiques.free.fr/css/sons/thais_banquet.mp3
2273	corpsHtml	iframe	www.youtube.com	http://www.youtube.com/embed/js1nT77ylP8
2275	chapoHtml	embed	download.liveweb.arte.tv	http://download.liveweb.arte.tv/o21/liveweb/flash/player.swf?appContext=liveweb&eventId=5142&admin=false&mode=prod&embed=true&autoPlay=false&lang=fr&chapterId=0&playOnlyChapter=false
2277	chapoHtml	object	operacritiques.free.fr	http://operacritiques.free.fr/css/dewplayer-multi.swf?son=http://operacritiques.free.fr/css/sons/penelope_faure.mp3
228	chapoHtml	img	www.dovesong.com	http://www.dovesong.com/positive_music/archives/romantic/Wagner/Images/Sigfried-Idyll%20Originalpartitur%20in%20Tribschen.jpg
2286	chapoHtml	object	operacritiques.free.fr	http://operacritiques.free.fr/css/dewplayer-multi.swf?son=http://operacritiques.free.fr/css/sons/mystere_charmant.mp3
2288	corpsHtml	img	bw.musique.umontreal.ca	http://bw.musique.umontreal.ca/graph/neoncycle.jpg
2295	chapoHtml	object	operacritiques.free.fr	http://operacritiques.free.fr/css/dewplayer-multi.swf?son=http://operacritiques.free.fr/css/sons/baryton_basse_stewart_hollandais.mp3|http://operacritiques.free.fr/css/sons/baryton_basse_adam_wotan.mp
2295	chapoHtml	object	operacritiques.free.fr	http://operacritiques.free.fr/css/dewplayer-multi.swf?son=http://operacritiques.free.fr/css/sons/basse_chantante_ramey_figaro.mp3|http://operacritiques.free.fr/css/sons/basse_chantante_gorin_mephisto_
2295	chapoHtml	object	operacritiques.free.fr	http://operacritiques.free.fr/css/dewplayer-multi.swf?son=http://operacritiques.free.fr/css/sons/basse_noble_varnier_arkel.mp3|http://operacritiques.free.fr/css/sons/basse_noble_moll_daland.mp3|http:/
2295	chapoHtml	object	operacritiques.free.fr	http://operacritiques.free.fr/css/dewplayer-multi.swf?son=http://operacritiques.free.fr/css/sons/basse_octaviste.mp3
2297	chapoHtml	object	operacritiques.free.fr	http://operacritiques.free.fr/css/dewplayer-multi.swf?son=http://operacritiques.free.fr/css/sons/martyre_marceau.mp3
2300	chapoHtml	object	operacritiques.free.fr	http://operacritiques.free.fr/css/dewplayer-multi.swf?son=http://operacritiques.free.fr/css/sons/beeth_boulez_mvt_i.mp3|http://operacritiques.free.fr/css/sons/beeth_boulez_mvt_ii.mp3
2302	chapoHtml	object	operacritiques.free.fr	http://operacritiques.free.fr/css/dewplayer-multi.swf?son=http://operacritiques.free.fr/css/sons/picota.mp3|http://operacritiques.free.fr/css/sons/souris.mp3|http://operacritiques.free.fr/css/sons/mal
2306	chapoHtml	lien	ec1.images-amazon.com	http://ec1.images-amazon.com/images/P/B00008CLNP.01._AA180_SCLZZZZZZZ_.jpg
2306	chapoHtml	lien	ec1.images-amazon.com	http://ec1.images-amazon.com/images/P/B00008CLNR.01._AA240_SCLZZZZZZZ_V35540433_.jpg
2307	chapoHtml	object	operacritiques.free.fr	http://operacritiques.free.fr/css/dewplayer-multi.swf?son=http://operacritiques.free.fr/css/sons/ernani_bellini.mp3
2310	chapoHtml	lien	www.univ-rennes2.fr	http://www.univ-rennes2.fr/system/files/UHB/UFR-ALC/Scolarite/Dossier%20Master2%20métiers%20de%20l’édition%202013-2014.pdf
2315	chapoHtml	object	operacritiques.free.fr	http://operacritiques.free.fr/css/dewplayer-multi.swf?son=http://operacritiques.free.fr/css/sons/alcine_dumestre.mp3
2318	corpsHtml	object	operacritiques.free.fr	http://operacritiques.free.fr/css/dewplayer-multi.swf?son=http://operacritiques.free.fr/css/sons/elargir_lied_strauss_seiffert.mp3
2318	corpsHtml	object	operacritiques.free.fr	http://operacritiques.free.fr/css/dewplayer-multi.swf?son=http://operacritiques.free.fr/css/sons/elargir_schubert_fruehlingstraum_hotter.mp3
2318	chapoHtml	object	operacritiques.free.fr	http://operacritiques.free.fr/css/dewplayer-multi.swf?son=http://operacritiques.free.fr/css/sons/elargir_otello_niun_tamagno.mp3
2318	chapoHtml	object	operacritiques.free.fr	http://operacritiques.free.fr/css/dewplayer-multi.swf?son=http://operacritiques.free.fr/css/sons/elargir_otello_niun_galouzine.mp3
2318	chapoHtml	object	operacritiques.free.fr	http://operacritiques.free.fr/css/dewplayer-multi.swf?son=http://operacritiques.free.fr/css/sons/elargir_vino_generoso_corelli.mp3
2318	chapoHtml	object	operacritiques.free.fr	http://operacritiques.free.fr/css/dewplayer-multi.swf?son=http://operacritiques.free.fr/css/sons/elargir_vino_genoroso_vanzo.mp3
2318	chapoHtml	object	operacritiques.free.fr	http://operacritiques.free.fr/css/dewplayer-multi.swf?son=http://operacritiques.free.fr/css/sons/elargir_schumann_warte_bostridge.mp3
2318	chapoHtml	object	operacritiques.free.fr	http://operacritiques.free.fr/css/dewplayer-multi.swf?son=http://operacritiques.free.fr/css/sons/elargir_otello_esultate_vickers_serafin.mp3
2318	chapoHtml	object	operacritiques.free.fr	http://operacritiques.free.fr/css/dewplayer-multi.swf?son=http://operacritiques.free.fr/css/sons/elargir_gioconda_cielo_alvarez.mp3
2318	chapoHtml	object	operacritiques.free.fr	http://operacritiques.free.fr/css/dewplayer-multi.swf?son=http://operacritiques.free.fr/css/sons/elargir_otello_niun_alvarez.mp3
2325	corpsHtml	audio	operacritiques.free.fr	http://operacritiques.free.fr/css/sons/tenor_cluster_en_haut.mp3
2325	chapoHtml	audio	operacritiques.free.fr	http://operacritiques.free.fr/css/sons/tenor_cluster_en_bas.mp3
2325	notesHtml	object	operacritiques.free.fr	http://operacritiques.free.fr/css/dewplayer-multi.swf?son=http://operacritiques.free.fr/css/sons/tenor_cluster_en_haut.mp3
2327	chapoHtml	object	operacritiques.free.fr	http://operacritiques.free.fr/css/dewplayer-multi.swf?son=http://operacritiques.free.fr/css/sons/pira_minkowski.mp3
2327	chapoHtml	object	operacritiques.free.fr	http://operacritiques.free.fr/css/dewplayer-multi.swf?son=http://operacritiques.free.fr/css/sons/pira_minko_temps_3.mp3
2327	chapoHtml	object	operacritiques.free.fr	http://operacritiques.free.fr/css/dewplayer-multi.swf?son=http://operacritiques.free.fr/css/sons/pira_minko_choeur_1.mp3
2327	chapoHtml	object	operacritiques.free.fr	http://operacritiques.free.fr/css/dewplayer-multi.swf?son=http://operacritiques.free.fr/css/sons/pira_minko_couplet_pointe.mp3
2334	chapoHtml	object	operacritiques.free.fr	http://operacritiques.free.fr/css/dewplayer-multi.swf?son=http://operacritiques.free.fr/css/sons/adonis_herin.mp3
2335	chapoHtml	object	operacritiques.free.fr	http://operacritiques.free.fr/css/dewplayer-multi.swf?son=http://operacritiques.free.fr/css/sons/hahn_promethee.mp3
2335	chapoHtml	object	operacritiques.free.fr	http://operacritiques.free.fr/css/dewplayer-multi.swf?son=http://operacritiques.free.fr/css/sons/hahn_laniece_melodie_1.mp3|http://operacritiques.free.fr/css/sons/hahn_laniece_melodie_2.mp3
2337	chapoHtml	object	operacritiques.free.fr	http://operacritiques.free.fr/css/dewplayer-multi.swf?son=http://operacritiques.free.fr/css/sons/vestale_mendelssohn.mp3
2337	chapoHtml	object	operacritiques.free.fr	http://operacritiques.free.fr/css/dewplayer-multi.swf?son=http://operacritiques.free.fr/css/sons/vestale_final.mp3
2337	chapoHtml	object	operacritiques.free.fr	http://operacritiques.free.fr/css/dewplayer-multi.swf?son=http://operacritiques.free.fr/css/sons/vestale_decrescendo.mp3
2337	chapoHtml	object	operacritiques.free.fr	http://operacritiques.free.fr/css/dewplayer-multi.swf?son=http://operacritiques.free.fr/css/sons/vestale_fusees.mp3
2339	chapoHtml	object	operacritiques.free.fr	http://operacritiques.free.fr/css/dewplayer-multi.swf?son=http://operacritiques.free.fr/css/sons/vestale_ouv.mp3|http://operacritiques.free.fr/css/sons/vestale_air.mp3
2348	chapoHtml	object	operacritiques.free.fr	http://operacritiques.free.fr/css/dewplayer-multi.swf?son=http://operacritiques.free.fr/css/sons/pugnani_werther.mp3
2351	chapoHtml	object	operacritiques.free.fr	http://operacritiques.free.fr/css/dewplayer-multi.swf?son=http://operacritiques.free.fr/css/sons/mendelssohn_wotan.mp3
2351	chapoHtml	object	operacritiques.free.fr	http://operacritiques.free.fr/css/dewplayer-multi.swf?son=http://operacritiques.free.fr/css/sons/mendelssohn_monologue.mp3
2351	chapoHtml	object	operacritiques.free.fr	http://operacritiques.free.fr/css/dewplayer-multi.swf?son=http://operacritiques.free.fr/css/sons/mendelssohn_bruennhilde.mp3
2364	corpsHtml	embed	www.citedelamusiquelive.tv	http://www.citedelamusiquelive.tv/player/lecteur_video.swf?fichier_nom=http://www.citedelamusiquelive.tv/misc/Playlist.ashx?id=1011998&track=&lang=fr&chemin=http://www.citedelamusiquelive.tv/
2370	chapoHtml	object	operacritiques.free.fr	http://operacritiques.free.fr/css/dewplayer-multi.swf?son=http://operacritiques.free.fr/css/sons/ambruis.mp3
2373	corpsHtml	img	img15.hostingpics.net	http://img15.hostingpics.net/pics/869754schoenbergdodecaphonismepreludesuitepianoop251921.jpg
2373	corpsHtml	lien	www.hostingpics.net	http://www.hostingpics.net/viewer.php?id=869754schoenbergdodecaphonismepreludesuitepianoop251921.jpg
2375	chapoHtml	object	operacritiques.free.fr	http://operacritiques.free.fr/css/dewplayer-multi.swf?son=http://operacritiques.free.fr/css/sons/sieglinde_werth.mp3
2376	corpsHtml	object	operacritiques.free.fr	http://operacritiques.free.fr/css/dewplayer-multi.swf?son=http://operacritiques.free.fr/css/sons/macfarren_ouverture.mp3
2377	corpsHtml	iframe	www.canal-u.tv	http://www.canal-u.tv/video/universite_bordeaux_segalen_dcam/embed.1/apocalypse_tomorrow_regards_sur_la_naissance_de_l_apocalyptique.3964?width=550&height=340
2382	chapoHtml	object	operacritiques.free.fr	http://operacritiques.free.fr/css/dewplayer-multi.swf?son=http://operacritiques.free.fr/css/sons/guedron_alcine_2_zirah_dlm.mp3
2383	chapoHtml	object	operacritiques.free.fr	http://operacritiques.free.fr/css/dewplayer-multi.swf?son=http://operacritiques.free.fr/css/sons/nicolai_templario.mp3
2383	chapoHtml	object	operacritiques.free.fr	http://operacritiques.free.fr/css/dewplayer-multi.swf?son=http://operacritiques.free.fr/css/sons/templario_2.mp3
2385	chapoHtml	object	operacritiques.free.fr	http://operacritiques.free.fr/css/dewplayer-multi.swf?son=http://operacritiques.free.fr/css/sons/agogique_mahler.mp3
2386	corpsHtml	object	operacritiques.free.fr	http://operacritiques.free.fr/css/dewplayer-multi.swf?son=http://musicontempo.free.fr/schoeckschoeck.mp3
2386	chapoHtml	object	operacritiques.free.fr	http://operacritiques.free.fr/css/dewplayer-multi.swf?son=http://musicontempo.free.fr/schoeckschoeck.mp3
2388	chapoHtml	iframe	www.deezer.com	http://www.deezer.com/plugins/player?autoplay=false&playlist=false&width=700&height=80&cover=true&type=album&id=1111095&title=&app_id=undefined
2390	corpsHtml	object	operacritiques.free.fr	http://operacritiques.free.fr/css/dewplayer-multi.swf?son=http://operacritiques.free.fr/css/sons/concours_op.mp3
2396	chapoHtml	object	operacritiques.free.fr	http://operacritiques.free.fr/css/dewplayer-multi.swf?son=http://operacritiques.free.fr/css/sons/graduale_popp.mp3
2400	chapoHtml	object	operacritiques.free.fr	http://operacritiques.free.fr/css/dewplayer-multi.swf?son=http://operacritiques.free.fr/css/sons/ketelbey_bakchich.mp3
2408	chapoHtml	object	operacritiques.free.fr	http://operacritiques.free.fr/css/dewplayer-multi.swf?son=http://operacritiques.free.fr/css/sons/oneguine_tuminas_bal_chants.mp3
2408	chapoHtml	object	operacritiques.free.fr	http://operacritiques.free.fr/css/dewplayer-multi.swf?son=http://operacritiques.free.fr/css/sons/oneguine_tuminas_tatiana_chambre.mp3
2409	chapoHtml	object	operacritiques.free.fr	http://operacritiques.free.fr/css/dewplayer-multi.swf?son=http://operacritiques.free.fr/css/sons/samson_dalida.mp3
2411	corpsHtml	lien	www.conservatoiredeparis.fr	http://www.conservatoiredeparis.fr/fileadmin/user_upload/Voir-et-Ententre/Agenda/pdf/Carte_blanche2014_prog.pdf
2418	corpsHtml	lien	www.pratiquesculturelles.culture.gouv.fr	http://www.pratiquesculturelles.culture.gouv.fr/doc/tableau/chap7/VII-2-2-Q70B.pdf
2418	corpsHtml	lien	www.pratiquesculturelles.culture.gouv.fr	http://www.pratiquesculturelles.culture.gouv.fr/doc/A-Girard-Chap3-donnat.pdf
2419	chapoHtml	object	operacritiques.free.fr	http://operacritiques.free.fr/css/dewplayer-multi.swf?son=http://operacritiques.free.fr/css/sons/pelleas_oce.mp3
2421	chapoHtml	object	operacritiques.free.fr	http://operacritiques.free.fr/css/dewplayer-multi.swf?son=http://operacritiques.free.fr/css/sons/callirhoe_inedit.mp3
2421	chapoHtml	audio	operacritiques.free.fr	http://operacritiques.free.fr/css/sons/callirhoe_inedit.mp3
2421	chapoHtml	lien	operacritiques.free.fr	http://operacritiques.free.fr/css/sons/callirhoe_inedit.flac
2422	corpsHtml	object	operacritiques.free.fr	http://operacritiques.free.fr/css/dewplayer-multi.swf?son=http://operacritiques.free.fr/css/sons/bethleem_mollier.mp3
2429	chapoHtml	embed	www.musicme.com	http://www.musicme.com/_share/minialbum.swf?cb=8888880002126
2432	chapoHtml	object	operacritiques.free.fr	http://operacritiques.free.fr/css/dewplayer-multi.swf?son=http://operacritiques.free.fr/css/sons/victorin_de_joncieres_symphonie_romantique_brussels_niquet.mp3
2433	chapoHtml	embed	www.musicme.com	http://www.musicme.com/_share/minialbum.swf?cb=8888880002444
2438	corpsHtml	embed	www.musicme.com	http://www.musicme.com/_share/minialbum.swf?cb=0028947864172
2443	corpsHtml	object	operacritiques.free.fr	http://operacritiques.free.fr/css/dewplayer-multi.swf?son=http://operacritiques.free.fr/css/sons/hahn_carmelite_marie_perbost_soprano.mp3
2443	corpsHtml	object	operacritiques.free.fr	http://operacritiques.free.fr/css/dewplayer-multi.swf?son=http://operacritiques.free.fr/css/sons/hahn_carmelite_fabien_hyon_tenor.mp3
2443	chapoHtml	object	operacritiques.free.fr	http://operacritiques.free.fr/css/dewplayer-multi.swf?son=http://operacritiques.free.fr/css/sons/hahn_carmelite_igor_bouin_baryton_marina_ruiz_soprano.mp3
2449	chapoHtml	lien	www.opera-comique.com	http://www.opera-comique.com/sites/TNOC/files/uploads/documents/2635-ocbrosaison1415doubles.pdf
2458	chapoHtml	object	operacritiques.free.fr	http://operacritiques.free.fr/css/dewplayer-multi.swf?son=http://operacritiques.free.fr/css/sons/vendosme_1.mp3
2458	chapoHtml	object	operacritiques.free.fr	http://operacritiques.free.fr/css/dewplayer-multi.swf?son=http://operacritiques.free.fr/css/sons/vendosme_2.mp3
2458	chapoHtml	object	operacritiques.free.fr	http://operacritiques.free.fr/css/dewplayer-multi.swf?son=http://operacritiques.free.fr/css/sons/vendosme_3.mp3
2458	chapoHtml	object	operacritiques.free.fr	http://operacritiques.free.fr/css/dewplayer-multi.swf?son=http://operacritiques.free.fr/css/sons/vendosme_5c.mp3
2458	chapoHtml	object	operacritiques.free.fr	http://operacritiques.free.fr/css/dewplayer-multi.swf?son=http://operacritiques.free.fr/css/sons/vendosme_6.mp3
2458	chapoHtml	object	operacritiques.free.fr	http://operacritiques.free.fr/css/dewplayer-multi.swf?son=http://operacritiques.free.fr/css/sons/vendosme_6b.mp3
2461	chapoHtml	object	operacritiques.free.fr	http://operacritiques.free.fr/css/dewplayer-multi.swf?son=http://operacritiques.free.fr/css/sons/rossi_trio.mp3|http://operacritiques.free.fr/css/sons/carissimi_pintus.mp3
2461	chapoHtml	object	operacritiques.free.fr	http://operacritiques.free.fr/css/dewplayer-multi.swf?son=http://operacritiques.free.fr/css/sons/charpentier_convivium.mp3|http://operacritiques.free.fr/css/sons/couperin_victoria.mp3|http://operacrit
2462	chapoHtml	lien	www.cimcl.fr	http://www.cimcl.fr/fichier/laureat/20_fichier_Palmares_CIMCL_2014.pdf
2463	chapoHtml	object	operacritiques.free.fr	http://operacritiques.free.fr/css/dewplayer-multi.swf?son=http://operacritiques.free.fr/css/sons/tancrede_schneebeli_iii_avignon.mp3|http://operacritiques.free.fr/css/sons/tancrede_schneebeli_iv_avign
2467	corpsHtml	object	operacritiques.free.fr	http://operacritiques.free.fr/css/dewplayer-multi.swf?son=http://operacritiques.free.fr/css/sons/myst_040521.mp3
2469	chapoHtml	object	operacritiques.free.fr	http://operacritiques.free.fr/css/dewplayer-multi.swf?son=http://musicontempo.free.fr/rzeka.mp3|http://musicontempo.free.fr/lad.mp3
247	chapoHtml	img	www.chinapage.com	http://www.chinapage.com/xwang/images/pt-lan.jpg
2476	corpsHtml	embed	www.musicme.com	http://www.musicme.com/_share/minialbum.swf?cb=0886444064538
2482	corpsHtml	object	operacritiques.free.fr	http://operacritiques.free.fr/css/dewplayer-multi.swf?son=http://operacritiques.free.fr/css/sons/antigone_unesco.mp3
2490	chapoHtml	iframe	www.deezer.com	http://www.deezer.com/plugins/player?autoplay=false&playlist=false&width=100%&height=70&cover=true&type=album&id=4723421&title=&app_id=undefined
2491	corpsHtml	object	operacritiques.free.fr	http://operacritiques.free.fr/css/dewplayer-multi.swf?son=http://operacritiques.free.fr/css/sons/mystere_ausri.mp3
2491	corpsHtml	object	operacritiques.free.fr	http://operacritiques.free.fr/css/dewplayer-multi.swf?son=http://operacritiques.free.fr/css/sons/mystere_ausi.mp3
2496	corpsHtml	lien	umgi.vo.llnwd.net	http://umgi.vo.llnwd.net/o37/audio_60/DE/N96/10/03/300/21280c05de887620b2548b4525d05943.mp3
2496	chapoHtml	iframe	www.deezer.com	http://www.deezer.com/plugins/player?autoplay=false&playlist=true&width=700&height=240&cover=true&type=album&id=7830075&title=&app_id=undefined
2499	corpsHtml	object	operacritiques.free.fr	http://operacritiques.free.fr/css/dewplayer-multi.swf?son=http://operacritiques.free.fr/css/sons/liszt_hitzlberger.mp3
2500	corpsHtml	audio	operacritiques.free.fr	http://operacritiques.free.fr/css/sons/destouches_semiramis_roy_zirah.mp3
2500	corpsHtml	audio	operacritiques.free.fr	http://operacritiques.free.fr/css/images/destouches_semiramis_air_dlm_double.mp3
2501	corpsHtml	object	operacritiques.free.fr	http://operacritiques.free.fr/css/dewplayer-multi.swf?son=http://operacritiques.free.fr/css/sons/mary_garden_cheveux_tour.mp3
2501	corpsHtml	object	operacritiques.free.fr	http://operacritiques.free.fr/css/dewplayer-multi.swf?son=http://operacritiques.free.fr/css/sons/mary_garden_salome_massenet.mp3|http://operacritiques.free.fr/css/sons/mary_garden_thais_vertu.mp3|http
2501	corpsHtml	object	operacritiques.free.fr	http://operacritiques.free.fr/css/dewplayer-multi.swf?son=http://operacritiques.free.fr/css/sons/georgette_leblanc_amadis_lully.mp3|http://operacritiques.free.fr/css/sons/georgette_leblanc_thais_vertu
2503	corpsHtml	img	static.qobuz.com	http://static.qobuz.com/images/covers/69/02/0827949040269_600.jpg
2505	corpsHtml	iframe	www.deezer.com	http://www.deezer.com/plugins/player?autoplay=false&playlist=false&width=700&height=80&cover=true&type=tracks&id=3108135&title=&app_id=undefined
2506	corpsHtml	object	operacritiques.free.fr	http://operacritiques.free.fr/css/dewplayer-multi.swf?son=http://operacritiques.free.fr/css/sons/armide_rousset.mp3
2506	corpsHtml	object	operacritiques.free.fr	http://operacritiques.free.fr/css/dewplayer-multi.swf?son=http://operacritiques.free.fr/css/sons/passacaille_armide_1_mesure.mp3
2506	corpsHtml	object	operacritiques.free.fr	http://operacritiques.free.fr/css/dewplayer-multi.swf?son=http://operacritiques.free.fr/css/sons/passacaille_armide_2_boucles.mp3
2506	corpsHtml	object	operacritiques.free.fr	http://operacritiques.free.fr/css/dewplayer-multi.swf?son=http://operacritiques.free.fr/css/sons/passacaille_armide_basse_variations.mp3
2506	corpsHtml	object	operacritiques.free.fr	http://operacritiques.free.fr/css/dewplayer-multi.swf?son=http://operacritiques.free.fr/css/sons/passacaille_armide_basse_chromatique.mp3
2506	corpsHtml	object	operacritiques.free.fr	http://operacritiques.free.fr/css/dewplayer-multi.swf?son=http://operacritiques.free.fr/css/sons/passacaille_roland_irregularites_rousset.mp3
2507	corpsHtml	img	static.qobuz.com	http://static.qobuz.com/images/covers/23/34/0761203723423_600.jpg
2510	chapoHtml	object	operacritiques.free.fr	http://operacritiques.free.fr/css/dewplayer-multi.swf?son=http://operacritiques.free.fr/css/sons/gossec_republique.mp3
2510	chapoHtml	lien	www.bnf.fr	http://www.bnf.fr/images/salle_ovale_vertical.jpg
2512	corpsHtml	object	operacritiques.free.fr	http://operacritiques.free.fr/css/dewplayer-multi.swf?son=http://operacritiques.free.fr/css/sons/f0k8_ns7g1rn.mp3
252	chapoHtml	img	www.vinoreisen.de	http://www.vinoreisen.de/bordeaux%20opera%20buehne.jpg
2524	chapoHtml	iframe	www.deezer.com	http://www.deezer.com/plugins/player?autoplay=false&playlist=false&width=700&height=80&cover=true&type=tracks&id=16513912&title=&app_id=undefined
2526	chapoHtml	object	operacritiques.free.fr	http://operacritiques.free.fr/css/dewplayer-multi.swf?son=http://operacritiques.free.fr/css/sons/final_messiaen_francois_assise_nagano.mp3
2531	corpsHtml	object	operacritiques.free.fr	http://operacritiques.free.fr/css/dewplayer-multi.swf?son=http://operacritiques.free.fr/css/sons/devinette_cyldq.mp3
2533	chapoHtml	object	operacritiques.free.fr	http://operacritiques.free.fr/css/dewplayer-multi.swf?son=http://operacritiques.free.fr/css/sons/tragedie_cetrangolo.mp3
2536	chapoHtml	iframe	www.deezer.com	http://www.deezer.com/plugins/player?autoplay=false&playlist=false&width=700&height=80&cover=true&type=album&id=382200&title=&app_id=undefined
2539	corpsHtml	object	operacritiques.free.fr	http://operacritiques.free.fr/css/dewplayer-multi.swf?son=http://operacritiques.free.fr/css/sons/kurdes_14.mp3
2540	corpsHtml	object	operacritiques.free.fr	http://operacritiques.free.fr/css/dewplayer-multi.swf?son=http://operacritiques.free.fr/css/sons/saskova_zpivat.mp3
2542	chapoHtml	object	operacritiques.free.fr	http://operacritiques.free.fr/css/dewplayer-multi.swf?son=http://operacritiques.free.fr/css/sons/natureamour.mp3
2542	chapoHtml	object	operacritiques.free.fr	http://operacritiques.free.fr/css/dewplayer-multi.swf?son=http://operacritiques.free.fr/css/sons/eclatez_mechelen.mp3
2550	chapoHtml	iframe	www.deezer.com	http://www.deezer.com/plugins/player?autoplay=false&playlist=false&width=700&height=80&cover=true&type=tracks&id=3213151&title=&app_id=undefined
2554	chapoHtml	img	tirsi.clori.free.fr	http://tirsi.clori.free.fr/images/slideshow/piriac-2010-2.jpg
2555	chapoHtml	iframe	www.deezer.com	http://www.deezer.com/plugins/player?autoplay=false&playlist=false&width=700&height=80&cover=true&type=album&id=1378187&title=&app_id=undefined
2555	chapoHtml	img	www.adf-bayardmusique.com	http://www.adf-bayardmusique.com/images/covers/250/1396.jpg
2565	chapoHtml	object	operacritiques.free.fr	http://operacritiques.free.fr/css/dewplayer-multi.swf?son=http://operacritiques.free.fr/css/sons/onalachelesglottos.mp3
2565	chapoHtml	object	operacritiques.free.fr	http://operacritiques.free.fr/css/dewplayer-multi.swf?son=http://operacritiques.free.fr/css/sons/cleopatre_massenet_debut_iv_funebre.mp3
2568	chapoHtml	object	operacritiques.free.fr	http://operacritiques.free.fr/css/dewplayer-multi.swf?son=http://operacritiques.free.fr/css/sons/lislevand_sanz_paradetas_corbetta_folias.mp3
2570	chapoHtml	iframe	www.deezer.com	http://www.deezer.com/plugins/player?autoplay=false&playlist=false&width=700&height=80&cover=true&type=album&id=8334162&title=&app_id=undefined
2573	chapoHtml	object	operacritiques.free.fr	http://operacritiques.free.fr/css/dewplayer-multi.swf?son=http://operacritiques.free.fr/css/sons/franck_redemption.mp3
2578	corpsHtml	iframe	www.deezer.com	http://www.deezer.com/plugins/player?autoplay=false&playlist=false&width=700&height=80&cover=true&type=album&id=1567392&title=&app_id=undefined
2579	chapoHtml	object	operacritiques.free.fr	http://operacritiques.free.fr/css/dewplayer-multi.swf?son=http://operacritiques.free.fr/css/sons/melanto_eurimaco.mp3
2579	chapoHtml	object	operacritiques.free.fr	http://operacritiques.free.fr/css/dewplayer-multi.swf?son=http://operacritiques.free.fr/css/sons/aricie_hippolyte.mp3
2579	chapoHtml	object	operacritiques.free.fr	http://operacritiques.free.fr/css/dewplayer-multi.swf?son=http://operacritiques.free.fr/css/sons/salieri_europa_sabbatini_damrau_kuehmeier.mp3
2579	chapoHtml	object	operacritiques.free.fr	http://operacritiques.free.fr/css/dewplayer-multi.swf?son=http://operacritiques.free.fr/css/sons/aspasia_petibon.mp3
2579	chapoHtml	object	operacritiques.free.fr	http://operacritiques.free.fr/css/dewplayer-multi.swf?son=http://operacritiques.free.fr/css/sons/1984_clocher.mp3
2579	chapoHtml	object	operacritiques.free.fr	http://operacritiques.free.fr/css/dewplayer-multi.swf?son=http://operacritiques.free.fr/css/sons/erika_recit.mp3
2579	chapoHtml	object	operacritiques.free.fr	http://operacritiques.free.fr/css/dewplayer-multi.swf?son=http://operacritiques.free.fr/css/sons/weisse_rose.mp3
2579	chapoHtml	object	operacritiques.free.fr	http://operacritiques.free.fr/css/dewplayer-multi.swf?son=http://operacritiques.free.fr/css/sons/duo_huguenots_raspagliosi_giordani.mp3
2579	chapoHtml	object	operacritiques.free.fr	http://operacritiques.free.fr/css/dewplayer-multi.swf?son=http://operacritiques.free.fr/css/sons/trovatore_mehta_1973_nimsgern.mp3
2584	chapoHtml	img	i39.servimg.com	http://i39.servimg.com/u/f39/19/08/42/73/flyer-12.jpg
2595	corpsHtml	object	operacritiques.free.fr	http://operacritiques.free.fr/css/dewplayer-multi.swf?son=http://operacritiques.free.fr/css/sons/bezoukhov_corelli.mp3|http://operacritiques.free.fr/css/sons/bolkonski_gunn.mp3|http://operacritiques.f
2599	chapoHtml	object	operacritiques.free.fr	http://operacritiques.free.fr/css/dewplayer-multi.swf?son=http://operacritiques.free.fr/css/sons/salome_sanzogno.mp3
2603	corpsHtml	object	operacritiques.free.fr	http://operacritiques.free.fr/css/dewplayer-multi.swf?son=http://operacritiques.free.fr/css/sons/devinette_de_janvier_2015.mp3
2606	corpsHtml	object	operacritiques.free.fr	http://operacritiques.free.fr/css/dewplayer-multi.swf?son=http://operacritiques.free.fr/css/sons/florez_sinus_frontaux_et_ethmoidaux.mp3
2606	corpsHtml	object	operacritiques.free.fr	http://operacritiques.free.fr/css/dewplayer-multi.swf?son=http://operacritiques.free.fr/css/sons/allen_sphenoidaux.mp3
2606	corpsHtml	object	operacritiques.free.fr	http://operacritiques.free.fr/css/dewplayer-multi.swf?son=http://operacritiques.free.fr/css/sons/deller_sphenoidaux.mp3
2607	corpsHtml	object	operacritiques.free.fr	http://operacritiques.free.fr/css/dewplayer-multi.swf?son=http://operacritiques.free.fr/css/sons/larynx-bas_uria-monzon.mp3
2607	chapoHtml	object	operacritiques.free.fr	http://operacritiques.free.fr/css/dewplayer-multi.swf?son=http://operacritiques.free.fr/css/sons/thompson_larynx_haut_voyelles_ouvertes.mp3
2610	chapoHtml	object	operacritiques.free.fr	http://operacritiques.free.fr/css/dewplayer-multi.swf?son=http://operacritiques.free.fr/css/sons/elisir_opera_fuoco_david_stern.mp3
2619	chapoHtml	object	operacritiques.free.fr	http://operacritiques.free.fr/css/dewplayer-multi.swf?son=http://operacritiques.free.fr/css/sons/clemenza_emotion.mp3
2621	chapoHtml	iframe	www.deezer.com	http://www.deezer.com/plugins/player?autoplay=false&playlist=false&width=700&height=80&cover=true&type=album&id=1566948&title=&app_id=undefined
2623	corpsHtml	img	piloris.free.fr	http://piloris.free.fr/putto0.jpg
2623	corpsHtml	img	piloris.free.fr	http://piloris.free.fr/putto0.jpg
2623	corpsHtml	img	piloris.free.fr	http://piloris.free.fr/putto0.jpg
2623	corpsHtml	img	piloris.free.fr	http://piloris.free.fr/putto0.jpg
2623	corpsHtml	img	piloris.free.fr	http://piloris.free.fr/putto0.jpg
2623	corpsHtml	img	piloris.free.fr	http://piloris.free.fr/putto0.jpg
2623	corpsHtml	img	piloris.free.fr	http://piloris.free.fr/putto0.jpg
2623	corpsHtml	img	piloris.free.fr	http://piloris.free.fr/putto0.jpg
2623	corpsHtml	img	piloris.free.fr	http://piloris.free.fr/putto0.jpg
2623	corpsHtml	img	piloris.free.fr	http://piloris.free.fr/putto0.jpg
2623	corpsHtml	img	piloris.free.fr	http://piloris.free.fr/putto0.jpg
2623	corpsHtml	img	piloris.free.fr	http://piloris.free.fr/putto0.jpg
2623	corpsHtml	img	piloris.free.fr	http://piloris.free.fr/putto0.jpg
2623	corpsHtml	img	piloris.free.fr	http://piloris.free.fr/putto0.jpg
2623	corpsHtml	img	piloris.free.fr	http://piloris.free.fr/putto0.jpg
2623	corpsHtml	img	piloris.free.fr	http://piloris.free.fr/putto0.jpg
2623	corpsHtml	img	piloris.free.fr	http://piloris.free.fr/putto0.jpg
2623	corpsHtml	img	piloris.free.fr	http://piloris.free.fr/putto0.jpg
2623	corpsHtml	img	piloris.free.fr	http://piloris.free.fr/putto0.jpg
2623	corpsHtml	img	piloris.free.fr	http://piloris.free.fr/putto0.jpg
2623	corpsHtml	img	piloris.free.fr	http://piloris.free.fr/putto0.jpg
2623	corpsHtml	img	piloris.free.fr	http://piloris.free.fr/putto0.jpg
2623	corpsHtml	img	piloris.free.fr	http://piloris.free.fr/putto0.jpg
2623	corpsHtml	img	piloris.free.fr	http://piloris.free.fr/putto0.jpg
2623	corpsHtml	img	piloris.free.fr	http://piloris.free.fr/putto0.jpg
2623	corpsHtml	img	piloris.free.fr	http://piloris.free.fr/putto0.jpg
2623	corpsHtml	img	piloris.free.fr	http://piloris.free.fr/putto0.jpg
2623	corpsHtml	img	piloris.free.fr	http://piloris.free.fr/putto0.jpg
2623	corpsHtml	img	piloris.free.fr	http://piloris.free.fr/putto0.jpg
2623	corpsHtml	img	piloris.free.fr	http://piloris.free.fr/putto0.jpg
2623	corpsHtml	img	piloris.free.fr	http://piloris.free.fr/putto0.jpg
2623	corpsHtml	img	piloris.free.fr	http://piloris.free.fr/putto0.jpg
2623	corpsHtml	img	piloris.free.fr	http://piloris.free.fr/putto0.jpg
2623	corpsHtml	img	piloris.free.fr	http://piloris.free.fr/putto0.jpg
2623	corpsHtml	img	piloris.free.fr	http://piloris.free.fr/putto0.jpg
2623	corpsHtml	img	piloris.free.fr	http://piloris.free.fr/putto0.jpg
2623	corpsHtml	img	piloris.free.fr	http://piloris.free.fr/putto0.jpg
2623	corpsHtml	img	piloris.free.fr	http://piloris.free.fr/putto0.jpg
2623	corpsHtml	img	piloris.free.fr	http://piloris.free.fr/putto0.jpg
2623	corpsHtml	img	piloris.free.fr	http://piloris.free.fr/putto0.jpg
2623	corpsHtml	img	piloris.free.fr	http://piloris.free.fr/putto0.jpg
2623	corpsHtml	img	piloris.free.fr	http://piloris.free.fr/putto0.jpg
2623	corpsHtml	img	piloris.free.fr	http://piloris.free.fr/putto0.jpg
2623	corpsHtml	img	piloris.free.fr	http://piloris.free.fr/putto0.jpg
2623	corpsHtml	img	piloris.free.fr	http://piloris.free.fr/putto0.jpg
2623	corpsHtml	img	piloris.free.fr	http://piloris.free.fr/putto0.jpg
2623	corpsHtml	img	piloris.free.fr	http://piloris.free.fr/putto0.jpg
2623	corpsHtml	img	piloris.free.fr	http://piloris.free.fr/putto0.jpg
2623	corpsHtml	img	piloris.free.fr	http://piloris.free.fr/putto0.jpg
2623	corpsHtml	img	piloris.free.fr	http://piloris.free.fr/putto0.jpg
2623	corpsHtml	img	piloris.free.fr	http://piloris.free.fr/putto0.jpg
2623	corpsHtml	img	piloris.free.fr	http://piloris.free.fr/putto0.jpg
2623	corpsHtml	img	piloris.free.fr	http://piloris.free.fr/putto0.jpg
2623	corpsHtml	img	piloris.free.fr	http://piloris.free.fr/putto0.jpg
2623	corpsHtml	img	piloris.free.fr	http://piloris.free.fr/putto0.jpg
2623	corpsHtml	img	piloris.free.fr	http://piloris.free.fr/putto0.jpg
2623	corpsHtml	img	piloris.free.fr	http://piloris.free.fr/putto0.jpg
2623	corpsHtml	img	piloris.free.fr	http://piloris.free.fr/putto0.jpg
2623	corpsHtml	img	piloris.free.fr	http://piloris.free.fr/putto0.jpg
2623	corpsHtml	img	piloris.free.fr	http://piloris.free.fr/putto0.jpg
2623	corpsHtml	img	piloris.free.fr	http://piloris.free.fr/putto0.jpg
2623	corpsHtml	img	piloris.free.fr	http://piloris.free.fr/putto0.jpg
2623	corpsHtml	img	piloris.free.fr	http://piloris.free.fr/putto0.jpg
2623	corpsHtml	img	piloris.free.fr	http://piloris.free.fr/putto0.jpg
2623	corpsHtml	img	piloris.free.fr	http://piloris.free.fr/putto0.jpg
2623	corpsHtml	img	piloris.free.fr	http://piloris.free.fr/putto0.jpg
2623	corpsHtml	img	piloris.free.fr	http://piloris.free.fr/putto0.jpg
2623	corpsHtml	img	piloris.free.fr	http://piloris.free.fr/putto0.jpg
2623	corpsHtml	img	piloris.free.fr	http://piloris.free.fr/putto0.jpg
2623	corpsHtml	img	piloris.free.fr	http://piloris.free.fr/putto0.jpg
2623	corpsHtml	img	piloris.free.fr	http://piloris.free.fr/putto0.jpg
2623	corpsHtml	img	piloris.free.fr	http://piloris.free.fr/putto0.jpg
2623	corpsHtml	img	piloris.free.fr	http://piloris.free.fr/putto0.jpg
2623	corpsHtml	img	piloris.free.fr	http://piloris.free.fr/putto0.jpg
2623	corpsHtml	img	piloris.free.fr	http://piloris.free.fr/putto0.jpg
2623	corpsHtml	img	piloris.free.fr	http://piloris.free.fr/putto0.jpg
2623	corpsHtml	img	piloris.free.fr	http://piloris.free.fr/putto0.jpg
2623	corpsHtml	img	piloris.free.fr	http://piloris.free.fr/putto0.jpg
2623	corpsHtml	img	piloris.free.fr	http://piloris.free.fr/putto0.jpg
2623	corpsHtml	img	piloris.free.fr	http://piloris.free.fr/putto0.jpg
2623	corpsHtml	img	piloris.free.fr	http://piloris.free.fr/putto0.jpg
2623	corpsHtml	img	piloris.free.fr	http://piloris.free.fr/putto0.jpg
2623	corpsHtml	img	piloris.free.fr	http://piloris.free.fr/putto0.jpg
2623	corpsHtml	img	piloris.free.fr	http://piloris.free.fr/putto0.jpg
2623	corpsHtml	img	piloris.free.fr	http://piloris.free.fr/putto0.jpg
2623	corpsHtml	img	piloris.free.fr	http://piloris.free.fr/putto0.jpg
2623	corpsHtml	img	piloris.free.fr	http://piloris.free.fr/putto0.jpg
2623	corpsHtml	img	piloris.free.fr	http://piloris.free.fr/putto0.jpg
2623	corpsHtml	img	piloris.free.fr	http://piloris.free.fr/putto0.jpg
2623	corpsHtml	img	piloris.free.fr	http://piloris.free.fr/putto0.jpg
2623	corpsHtml	img	piloris.free.fr	http://piloris.free.fr/putto0.jpg
2623	corpsHtml	img	piloris.free.fr	http://piloris.free.fr/putto0.jpg
2623	corpsHtml	img	piloris.free.fr	http://piloris.free.fr/putto0.jpg
2623	corpsHtml	img	piloris.free.fr	http://piloris.free.fr/putto0.jpg
2623	corpsHtml	img	piloris.free.fr	http://piloris.free.fr/putto0.jpg
2623	corpsHtml	img	piloris.free.fr	http://piloris.free.fr/putto0.jpg
2623	corpsHtml	img	piloris.free.fr	http://piloris.free.fr/putto0.jpg
2623	corpsHtml	img	piloris.free.fr	http://piloris.free.fr/putto0.jpg
2623	corpsHtml	img	piloris.free.fr	http://piloris.free.fr/putto0.jpg
2623	corpsHtml	img	piloris.free.fr	http://piloris.free.fr/putto0.jpg
2623	corpsHtml	img	piloris.free.fr	http://piloris.free.fr/putto0.jpg
2623	corpsHtml	img	piloris.free.fr	http://piloris.free.fr/putto0.jpg
2623	corpsHtml	img	piloris.free.fr	http://piloris.free.fr/putto0.jpg
2623	corpsHtml	img	piloris.free.fr	http://piloris.free.fr/putto0.jpg
2623	corpsHtml	img	piloris.free.fr	http://piloris.free.fr/putto0.jpg
2623	corpsHtml	img	piloris.free.fr	http://piloris.free.fr/putto0.jpg
2623	corpsHtml	img	piloris.free.fr	http://piloris.free.fr/putto0.jpg
2623	corpsHtml	img	piloris.free.fr	http://piloris.free.fr/putto0.jpg
2623	corpsHtml	img	piloris.free.fr	http://piloris.free.fr/putto0.jpg
2623	corpsHtml	img	piloris.free.fr	http://piloris.free.fr/putto0.jpg
2623	corpsHtml	img	piloris.free.fr	http://piloris.free.fr/putto0.jpg
2623	corpsHtml	img	piloris.free.fr	http://piloris.free.fr/putto0.jpg
2623	corpsHtml	img	piloris.free.fr	http://piloris.free.fr/putto0.jpg
2623	corpsHtml	img	piloris.free.fr	http://piloris.free.fr/putto0.jpg
2623	corpsHtml	img	piloris.free.fr	http://piloris.free.fr/putto0.jpg
2623	corpsHtml	img	piloris.free.fr	http://piloris.free.fr/putto0.jpg
2623	corpsHtml	img	piloris.free.fr	http://piloris.free.fr/putto0.jpg
2623	corpsHtml	img	piloris.free.fr	http://piloris.free.fr/putto0.jpg
2623	corpsHtml	img	piloris.free.fr	http://piloris.free.fr/putto0.jpg
2623	corpsHtml	img	piloris.free.fr	http://piloris.free.fr/putto0.jpg
2623	corpsHtml	img	piloris.free.fr	http://piloris.free.fr/putto0.jpg
2623	corpsHtml	img	piloris.free.fr	http://piloris.free.fr/putto0.jpg
2623	corpsHtml	img	piloris.free.fr	http://piloris.free.fr/putto0.jpg
2623	corpsHtml	img	piloris.free.fr	http://piloris.free.fr/putto0.jpg
2623	corpsHtml	img	piloris.free.fr	http://piloris.free.fr/putto0.jpg
2623	corpsHtml	img	piloris.free.fr	http://piloris.free.fr/putto0.jpg
2623	corpsHtml	img	piloris.free.fr	http://piloris.free.fr/putto0.jpg
2623	corpsHtml	img	piloris.free.fr	http://piloris.free.fr/putto0.jpg
2623	corpsHtml	img	piloris.free.fr	http://piloris.free.fr/putto0.jpg
2623	corpsHtml	img	piloris.free.fr	http://piloris.free.fr/putto0.jpg
2623	corpsHtml	img	piloris.free.fr	http://piloris.free.fr/putto0.jpg
2623	corpsHtml	img	piloris.free.fr	http://piloris.free.fr/putto0.jpg
2623	corpsHtml	img	piloris.free.fr	http://piloris.free.fr/putto0.jpg
2623	corpsHtml	img	piloris.free.fr	http://piloris.free.fr/putto0.jpg
2623	corpsHtml	img	piloris.free.fr	http://piloris.free.fr/putto0.jpg
2623	corpsHtml	img	piloris.free.fr	http://piloris.free.fr/putto0.jpg
2623	corpsHtml	img	piloris.free.fr	http://piloris.free.fr/putto0.jpg
2623	corpsHtml	img	piloris.free.fr	http://piloris.free.fr/putto0.jpg
2623	corpsHtml	img	piloris.free.fr	http://piloris.free.fr/putto0.jpg
2623	corpsHtml	img	piloris.free.fr	http://piloris.free.fr/putto0.jpg
2623	corpsHtml	img	piloris.free.fr	http://piloris.free.fr/putto0.jpg
2623	corpsHtml	img	piloris.free.fr	http://piloris.free.fr/putto0.jpg
2623	corpsHtml	img	piloris.free.fr	http://piloris.free.fr/putto0.jpg
2623	corpsHtml	img	piloris.free.fr	http://piloris.free.fr/putto0.jpg
2623	corpsHtml	img	piloris.free.fr	http://piloris.free.fr/putto0.jpg
2623	corpsHtml	img	piloris.free.fr	http://piloris.free.fr/putto0.jpg
2623	corpsHtml	img	piloris.free.fr	http://piloris.free.fr/putto0.jpg
2623	corpsHtml	img	piloris.free.fr	http://piloris.free.fr/putto0.jpg
2623	corpsHtml	img	piloris.free.fr	http://piloris.free.fr/putto0.jpg
2623	corpsHtml	img	piloris.free.fr	http://piloris.free.fr/putto0.jpg
2623	corpsHtml	img	piloris.free.fr	http://piloris.free.fr/putto0.jpg
2623	corpsHtml	img	piloris.free.fr	http://piloris.free.fr/putto0.jpg
2623	corpsHtml	img	piloris.free.fr	http://piloris.free.fr/putto0.jpg
2623	corpsHtml	img	piloris.free.fr	http://piloris.free.fr/putto0.jpg
2623	corpsHtml	img	piloris.free.fr	http://piloris.free.fr/putto0.jpg
2623	corpsHtml	img	piloris.free.fr	http://piloris.free.fr/putto0.jpg
2623	corpsHtml	img	piloris.free.fr	http://piloris.free.fr/putto0.jpg
2623	corpsHtml	img	piloris.free.fr	http://piloris.free.fr/putto0.jpg
2623	corpsHtml	img	piloris.free.fr	http://piloris.free.fr/putto0.jpg
2623	corpsHtml	img	piloris.free.fr	http://piloris.free.fr/putto0.jpg
2623	corpsHtml	img	piloris.free.fr	http://piloris.free.fr/putto0.jpg
2623	corpsHtml	img	piloris.free.fr	http://piloris.free.fr/putto0.jpg
2623	corpsHtml	img	piloris.free.fr	http://piloris.free.fr/putto0.jpg
2623	corpsHtml	img	piloris.free.fr	http://piloris.free.fr/putto0.jpg
2623	corpsHtml	img	piloris.free.fr	http://piloris.free.fr/putto0.jpg
2623	corpsHtml	img	piloris.free.fr	http://piloris.free.fr/putto0.jpg
2623	corpsHtml	img	piloris.free.fr	http://piloris.free.fr/putto0.jpg
2623	corpsHtml	img	piloris.free.fr	http://piloris.free.fr/putto0.jpg
2623	corpsHtml	img	piloris.free.fr	http://piloris.free.fr/putto0.jpg
2623	corpsHtml	img	piloris.free.fr	http://piloris.free.fr/putto0.jpg
2623	corpsHtml	img	piloris.free.fr	http://piloris.free.fr/putto0.jpg
2623	corpsHtml	img	piloris.free.fr	http://piloris.free.fr/putto0.jpg
2623	corpsHtml	img	piloris.free.fr	http://piloris.free.fr/putto0.jpg
2623	corpsHtml	img	piloris.free.fr	http://piloris.free.fr/putto0.jpg
2623	corpsHtml	img	piloris.free.fr	http://piloris.free.fr/putto0.jpg
2623	corpsHtml	img	piloris.free.fr	http://piloris.free.fr/putto.jpg
2623	corpsHtml	img	piloris.free.fr	http://piloris.free.fr/putto.jpg
2623	corpsHtml	img	piloris.free.fr	http://piloris.free.fr/putto.jpg
2623	corpsHtml	img	piloris.free.fr	http://piloris.free.fr/putto.jpg
2623	corpsHtml	img	piloris.free.fr	http://piloris.free.fr/putto.jpg
2623	corpsHtml	img	piloris.free.fr	http://piloris.free.fr/putto.jpg
2623	corpsHtml	img	piloris.free.fr	http://piloris.free.fr/putto.jpg
2623	corpsHtml	img	piloris.free.fr	http://piloris.free.fr/putto.jpg
2623	corpsHtml	img	piloris.free.fr	http://piloris.free.fr/putto.jpg
2623	corpsHtml	img	piloris.free.fr	http://piloris.free.fr/putto.jpg
2623	corpsHtml	img	piloris.free.fr	http://piloris.free.fr/putto.jpg
2623	corpsHtml	img	piloris.free.fr	http://piloris.free.fr/putto.jpg
2623	corpsHtml	img	piloris.free.fr	http://piloris.free.fr/putto.jpg
2623	corpsHtml	img	piloris.free.fr	http://piloris.free.fr/putto.jpg
2623	corpsHtml	img	piloris.free.fr	http://piloris.free.fr/putto.jpg
2623	corpsHtml	img	musicontempo.free.fr	http://musicontempo.free.fr/colere.jpg
2623	corpsHtml	img	musicontempo.free.fr	http://musicontempo.free.fr/colere.jpg
2623	corpsHtml	img	musicontempo.free.fr	http://musicontempo.free.fr/colere.jpg
2623	corpsHtml	img	musicontempo.free.fr	http://musicontempo.free.fr/colere.jpg
2623	corpsHtml	img	musicontempo.free.fr	http://musicontempo.free.fr/colere.jpg
2623	corpsHtml	img	musicontempo.free.fr	http://musicontempo.free.fr/colere.jpg
2627	chapoHtml	lien	operacritiques.free.fr	http://operacritiques.free.fr/css/sons/gounod_cinq-mars_schirmer_vidal_carnets-sur-sol_1.mp3
263	corpsHtml	img	news.xinhuanet.com	http://news.xinhuanet.com/english/2003-10/13/xinsrc_319e2402867e4fab9abc9a0a5331d4c0.jpg
2630	corpsHtml	object	operacritiques.free.fr	http://operacritiques.free.fr/css/dewplayer-multi.swf?son=http://operacritiques.free.fr/css/sons/devinette_fevrier_2015_css.mp3
2632	corpsHtml	img	piloris.free.fr	http://piloris.free.fr/citronn.jpg
2632	corpsHtml	img	piloris.free.fr	http://piloris.free.fr/citronn.jpg
2632	corpsHtml	img	piloris.free.fr	http://piloris.free.fr/citronn.jpg
2632	corpsHtml	img	piloris.free.fr	http://piloris.free.fr/citronn.jpg
2632	corpsHtml	img	piloris.free.fr	http://piloris.free.fr/citronn.jpg
2632	corpsHtml	img	piloris.free.fr	http://piloris.free.fr/citronn.jpg
2632	corpsHtml	img	piloris.free.fr	http://piloris.free.fr/citronn.jpg
2632	corpsHtml	img	piloris.free.fr	http://piloris.free.fr/demicitronn.jpg
2632	corpsHtml	img	piloris.free.fr	http://piloris.free.fr/citronn.jpg
2632	corpsHtml	img	piloris.free.fr	http://piloris.free.fr/citronn.jpg
2632	corpsHtml	img	piloris.free.fr	http://piloris.free.fr/citronn.jpg
2632	corpsHtml	img	piloris.free.fr	http://piloris.free.fr/citronn.jpg
2632	corpsHtml	img	piloris.free.fr	http://piloris.free.fr/demicitronn.jpg
2632	corpsHtml	img	piloris.free.fr	http://piloris.free.fr/citronn.jpg
2632	corpsHtml	img	piloris.free.fr	http://piloris.free.fr/citronn.jpg
2632	corpsHtml	img	piloris.free.fr	http://piloris.free.fr/citronn.jpg
2632	corpsHtml	img	piloris.free.fr	http://piloris.free.fr/citronn.jpg
2632	corpsHtml	img	piloris.free.fr	http://piloris.free.fr/demicitronn.jpg
2632	corpsHtml	img	piloris.free.fr	http://piloris.free.fr/citronn.jpg
2632	corpsHtml	img	piloris.free.fr	http://piloris.free.fr/citronn.jpg
2632	corpsHtml	img	piloris.free.fr	http://piloris.free.fr/citronn.jpg
2632	corpsHtml	img	piloris.free.fr	http://piloris.free.fr/citronn.jpg
2632	corpsHtml	img	piloris.free.fr	http://piloris.free.fr/demicitronn.jpg
2632	corpsHtml	img	piloris.free.fr	http://piloris.free.fr/citronn.jpg
2632	corpsHtml	img	piloris.free.fr	http://piloris.free.fr/citronn.jpg
2632	corpsHtml	img	piloris.free.fr	http://piloris.free.fr/citronn.jpg
2632	corpsHtml	img	piloris.free.fr	http://piloris.free.fr/citronn.jpg
2632	corpsHtml	img	piloris.free.fr	http://piloris.free.fr/citronn.jpg
2632	corpsHtml	img	piloris.free.fr	http://piloris.free.fr/citronn.jpg
2632	corpsHtml	img	piloris.free.fr	http://piloris.free.fr/citronn.jpg
2632	corpsHtml	img	piloris.free.fr	http://piloris.free.fr/citronn.jpg
2632	corpsHtml	img	piloris.free.fr	http://piloris.free.fr/demicitronn.jpg
2632	corpsHtml	img	piloris.free.fr	http://piloris.free.fr/citronn.jpg
2632	corpsHtml	img	piloris.free.fr	http://piloris.free.fr/citronn.jpg
2632	corpsHtml	img	piloris.free.fr	http://piloris.free.fr/citronn.jpg
2632	corpsHtml	img	piloris.free.fr	http://piloris.free.fr/citronn.jpg
2632	corpsHtml	img	piloris.free.fr	http://piloris.free.fr/citronn.jpg
2632	corpsHtml	img	piloris.free.fr	http://piloris.free.fr/citronn.jpg
2632	corpsHtml	img	piloris.free.fr	http://piloris.free.fr/citronn.jpg
2632	corpsHtml	img	piloris.free.fr	http://piloris.free.fr/citronn.jpg
2632	corpsHtml	img	piloris.free.fr	http://piloris.free.fr/citronn.jpg
2632	corpsHtml	img	piloris.free.fr	http://piloris.free.fr/demicitronn.jpg
2632	corpsHtml	img	piloris.free.fr	http://piloris.free.fr/citronn.jpg
2632	corpsHtml	img	piloris.free.fr	http://piloris.free.fr/citronn.jpg
2632	corpsHtml	img	piloris.free.fr	http://piloris.free.fr/citronn.jpg
2632	corpsHtml	img	piloris.free.fr	http://piloris.free.fr/citronn.jpg
2632	corpsHtml	img	piloris.free.fr	http://piloris.free.fr/citronn.jpg
2632	corpsHtml	img	piloris.free.fr	http://piloris.free.fr/citronn.jpg
2632	corpsHtml	img	piloris.free.fr	http://piloris.free.fr/citronn.jpg
2632	corpsHtml	img	piloris.free.fr	http://piloris.free.fr/demicitronn.jpg
2632	corpsHtml	img	piloris.free.fr	http://piloris.free.fr/citronn.jpg
2632	corpsHtml	img	piloris.free.fr	http://piloris.free.fr/citronn.jpg
2632	corpsHtml	img	piloris.free.fr	http://piloris.free.fr/citronn.jpg
2632	corpsHtml	img	piloris.free.fr	http://piloris.free.fr/demicitronn.jpg
2632	corpsHtml	img	piloris.free.fr	http://piloris.free.fr/citronn.jpg
2632	corpsHtml	img	piloris.free.fr	http://piloris.free.fr/citronn.jpg
2632	corpsHtml	img	piloris.free.fr	http://piloris.free.fr/citronn.jpg
2632	corpsHtml	img	piloris.free.fr	http://piloris.free.fr/citronn.jpg
2632	corpsHtml	img	piloris.free.fr	http://piloris.free.fr/citronn.jpg
2632	corpsHtml	img	piloris.free.fr	http://piloris.free.fr/citronn.jpg
2632	corpsHtml	img	piloris.free.fr	http://piloris.free.fr/citronn.jpg
2632	corpsHtml	img	piloris.free.fr	http://piloris.free.fr/citronn.jpg
2632	corpsHtml	img	piloris.free.fr	http://piloris.free.fr/citronn.jpg
2632	corpsHtml	img	piloris.free.fr	http://piloris.free.fr/citronn.jpg
2632	corpsHtml	img	piloris.free.fr	http://piloris.free.fr/citronn.jpg
2632	corpsHtml	img	piloris.free.fr	http://piloris.free.fr/citronn.jpg
2632	corpsHtml	img	piloris.free.fr	http://piloris.free.fr/citronn.jpg
2632	corpsHtml	img	piloris.free.fr	http://piloris.free.fr/citronn.jpg
2632	corpsHtml	img	piloris.free.fr	http://piloris.free.fr/citronn.jpg
2632	corpsHtml	img	piloris.free.fr	http://piloris.free.fr/citronn.jpg
2632	corpsHtml	img	piloris.free.fr	http://piloris.free.fr/citronn.jpg
2632	corpsHtml	img	piloris.free.fr	http://piloris.free.fr/citronn.jpg
2632	corpsHtml	img	piloris.free.fr	http://piloris.free.fr/demicitronn.jpg
2632	corpsHtml	img	piloris.free.fr	http://piloris.free.fr/citronn.jpg
2632	corpsHtml	img	piloris.free.fr	http://piloris.free.fr/citronn.jpg
2632	corpsHtml	img	piloris.free.fr	http://piloris.free.fr/citronn.jpg
2632	corpsHtml	img	piloris.free.fr	http://piloris.free.fr/citronn.jpg
2632	corpsHtml	img	piloris.free.fr	http://piloris.free.fr/citronn.jpg
2632	corpsHtml	img	piloris.free.fr	http://piloris.free.fr/citronn.jpg
2632	corpsHtml	img	piloris.free.fr	http://piloris.free.fr/citronn.jpg
2632	corpsHtml	img	piloris.free.fr	http://piloris.free.fr/citronn.jpg
2632	corpsHtml	img	piloris.free.fr	http://piloris.free.fr/citronn.jpg
2632	corpsHtml	img	piloris.free.fr	http://piloris.free.fr/citronn.jpg
2632	corpsHtml	img	piloris.free.fr	http://piloris.free.fr/citronn.jpg
2632	corpsHtml	img	piloris.free.fr	http://piloris.free.fr/citronn.jpg
2632	corpsHtml	img	piloris.free.fr	http://piloris.free.fr/citronn.jpg
2632	corpsHtml	img	piloris.free.fr	http://piloris.free.fr/citronn.jpg
2632	corpsHtml	img	piloris.free.fr	http://piloris.free.fr/citronn.jpg
2632	corpsHtml	img	piloris.free.fr	http://piloris.free.fr/demicitronn.jpg
2632	corpsHtml	img	piloris.free.fr	http://piloris.free.fr/citronn.jpg
2632	corpsHtml	img	piloris.free.fr	http://piloris.free.fr/citronn.jpg
2632	corpsHtml	img	piloris.free.fr	http://piloris.free.fr/citronn.jpg
2632	corpsHtml	img	piloris.free.fr	http://piloris.free.fr/citronn.jpg
2632	corpsHtml	img	piloris.free.fr	http://piloris.free.fr/demicitronn.jpg
2632	corpsHtml	img	piloris.free.fr	http://piloris.free.fr/citronn.jpg
2632	corpsHtml	img	piloris.free.fr	http://piloris.free.fr/citronn.jpg
2632	corpsHtml	img	piloris.free.fr	http://piloris.free.fr/citronn.jpg
2632	corpsHtml	img	piloris.free.fr	http://piloris.free.fr/citronn.jpg
2632	corpsHtml	img	piloris.free.fr	http://piloris.free.fr/citronn.jpg
2632	corpsHtml	img	piloris.free.fr	http://piloris.free.fr/citronn.jpg
2632	corpsHtml	img	piloris.free.fr	http://piloris.free.fr/citronn.jpg
2632	corpsHtml	img	piloris.free.fr	http://piloris.free.fr/citronn.jpg
2632	corpsHtml	img	piloris.free.fr	http://piloris.free.fr/citronn.jpg
2632	corpsHtml	img	piloris.free.fr	http://piloris.free.fr/citronn.jpg
2632	corpsHtml	img	piloris.free.fr	http://piloris.free.fr/citronn.jpg
2632	corpsHtml	img	piloris.free.fr	http://piloris.free.fr/citronn.jpg
2632	corpsHtml	img	piloris.free.fr	http://piloris.free.fr/citronn.jpg
2632	corpsHtml	img	piloris.free.fr	http://piloris.free.fr/citronn.jpg
2632	corpsHtml	img	piloris.free.fr	http://piloris.free.fr/citronn.jpg
2632	corpsHtml	img	piloris.free.fr	http://piloris.free.fr/citronn.jpg
2632	corpsHtml	img	piloris.free.fr	http://piloris.free.fr/citronn.jpg
2632	corpsHtml	img	piloris.free.fr	http://piloris.free.fr/citronn.jpg
2632	corpsHtml	img	piloris.free.fr	http://piloris.free.fr/citronn.jpg
2632	corpsHtml	img	piloris.free.fr	http://piloris.free.fr/citronn.jpg
2632	corpsHtml	img	piloris.free.fr	http://piloris.free.fr/citronn.jpg
2632	corpsHtml	img	piloris.free.fr	http://piloris.free.fr/citronn.jpg
2632	corpsHtml	img	piloris.free.fr	http://piloris.free.fr/citronn.jpg
2632	corpsHtml	img	piloris.free.fr	http://piloris.free.fr/citronn.jpg
2632	corpsHtml	img	piloris.free.fr	http://piloris.free.fr/citronn.jpg
2632	corpsHtml	img	piloris.free.fr	http://piloris.free.fr/demicitronn.jpg
2632	corpsHtml	img	piloris.free.fr	http://piloris.free.fr/citronn.jpg
2632	corpsHtml	img	piloris.free.fr	http://piloris.free.fr/citronn.jpg
2632	corpsHtml	img	piloris.free.fr	http://piloris.free.fr/citronn.jpg
2632	corpsHtml	img	piloris.free.fr	http://piloris.free.fr/citronn.jpg
2632	corpsHtml	img	piloris.free.fr	http://piloris.free.fr/citronn.jpg
2632	corpsHtml	img	piloris.free.fr	http://piloris.free.fr/citronn.jpg
2632	corpsHtml	img	piloris.free.fr	http://piloris.free.fr/citronn.jpg
2632	corpsHtml	img	piloris.free.fr	http://piloris.free.fr/citronn.jpg
2632	corpsHtml	img	piloris.free.fr	http://piloris.free.fr/demicitronn.jpg
2632	corpsHtml	img	piloris.free.fr	http://piloris.free.fr/citronn.jpg
2632	corpsHtml	img	piloris.free.fr	http://piloris.free.fr/citronn.jpg
2632	corpsHtml	img	piloris.free.fr	http://piloris.free.fr/citronn.jpg
2632	corpsHtml	img	piloris.free.fr	http://piloris.free.fr/citronn.jpg
2632	corpsHtml	img	piloris.free.fr	http://piloris.free.fr/citronn.jpg
2632	corpsHtml	img	piloris.free.fr	http://piloris.free.fr/citronn.jpg
2632	corpsHtml	img	piloris.free.fr	http://piloris.free.fr/citronn.jpg
2632	corpsHtml	img	piloris.free.fr	http://piloris.free.fr/citronn.jpg
2632	corpsHtml	img	piloris.free.fr	http://piloris.free.fr/citronn.jpg
2632	corpsHtml	img	piloris.free.fr	http://piloris.free.fr/citronn.jpg
2632	corpsHtml	img	piloris.free.fr	http://piloris.free.fr/citronn.jpg
2632	corpsHtml	img	piloris.free.fr	http://piloris.free.fr/citronn.jpg
2632	corpsHtml	img	piloris.free.fr	http://piloris.free.fr/citronn.jpg
2632	corpsHtml	img	piloris.free.fr	http://piloris.free.fr/citronn.jpg
2632	corpsHtml	img	piloris.free.fr	http://piloris.free.fr/citronn.jpg
2632	corpsHtml	img	piloris.free.fr	http://piloris.free.fr/citronn.jpg
2632	corpsHtml	img	piloris.free.fr	http://piloris.free.fr/citronn.jpg
2632	corpsHtml	img	piloris.free.fr	http://piloris.free.fr/citronn.jpg
2632	corpsHtml	img	piloris.free.fr	http://piloris.free.fr/demicitronn.jpg
2632	corpsHtml	img	piloris.free.fr	http://piloris.free.fr/citronn.jpg
2632	corpsHtml	img	piloris.free.fr	http://piloris.free.fr/citronn.jpg
2632	corpsHtml	img	piloris.free.fr	http://piloris.free.fr/citronn.jpg
2632	corpsHtml	img	piloris.free.fr	http://piloris.free.fr/citronn.jpg
2632	corpsHtml	img	piloris.free.fr	http://piloris.free.fr/citronn.jpg
2632	corpsHtml	img	piloris.free.fr	http://piloris.free.fr/citronn.jpg
2632	corpsHtml	img	piloris.free.fr	http://piloris.free.fr/citronn.jpg
2632	corpsHtml	img	piloris.free.fr	http://piloris.free.fr/citronn.jpg
2632	corpsHtml	img	piloris.free.fr	http://piloris.free.fr/citronn.jpg
2632	corpsHtml	img	piloris.free.fr	http://piloris.free.fr/citronn.jpg
2632	corpsHtml	img	piloris.free.fr	http://piloris.free.fr/citronn.jpg
2632	corpsHtml	img	piloris.free.fr	http://piloris.free.fr/citronn.jpg
2632	corpsHtml	img	piloris.free.fr	http://piloris.free.fr/citronn.jpg
2632	corpsHtml	img	piloris.free.fr	http://piloris.free.fr/citronn.jpg
2632	corpsHtml	img	piloris.free.fr	http://piloris.free.fr/citronn.jpg
2632	corpsHtml	img	piloris.free.fr	http://piloris.free.fr/citronn.jpg
2632	corpsHtml	img	piloris.free.fr	http://piloris.free.fr/citronn.jpg
2632	corpsHtml	img	piloris.free.fr	http://piloris.free.fr/citronn.jpg
2632	corpsHtml	img	piloris.free.fr	http://piloris.free.fr/demicitronn.jpg
2632	corpsHtml	img	piloris.free.fr	http://piloris.free.fr/coleren.jpg
2632	corpsHtml	img	piloris.free.fr	http://piloris.free.fr/citronn.jpg
2632	corpsHtml	img	piloris.free.fr	http://piloris.free.fr/citronn.jpg
2632	corpsHtml	img	piloris.free.fr	http://piloris.free.fr/citronn.jpg
2632	corpsHtml	img	piloris.free.fr	http://piloris.free.fr/citronn.jpg
2632	corpsHtml	img	piloris.free.fr	http://piloris.free.fr/demicitronn.jpg
2632	corpsHtml	img	piloris.free.fr	http://piloris.free.fr/citronn.jpg
2632	corpsHtml	img	piloris.free.fr	http://piloris.free.fr/citronn.jpg
2632	corpsHtml	img	piloris.free.fr	http://piloris.free.fr/citronn.jpg
2632	corpsHtml	img	piloris.free.fr	http://piloris.free.fr/citronn.jpg
2632	corpsHtml	img	piloris.free.fr	http://piloris.free.fr/demicitronn.jpg
2632	corpsHtml	img	piloris.free.fr	http://piloris.free.fr/citronn.jpg
2632	corpsHtml	img	piloris.free.fr	http://piloris.free.fr/citronn.jpg
2632	corpsHtml	img	piloris.free.fr	http://piloris.free.fr/citronn.jpg
2632	corpsHtml	img	piloris.free.fr	http://piloris.free.fr/citronn.jpg
2632	corpsHtml	img	piloris.free.fr	http://piloris.free.fr/citronn.jpg
2632	corpsHtml	img	piloris.free.fr	http://piloris.free.fr/citronn.jpg
2632	corpsHtml	img	piloris.free.fr	http://piloris.free.fr/citronn.jpg
2632	corpsHtml	img	piloris.free.fr	http://piloris.free.fr/citronn.jpg
2632	corpsHtml	img	piloris.free.fr	http://piloris.free.fr/citronn.jpg
2632	corpsHtml	img	piloris.free.fr	http://piloris.free.fr/citronn.jpg
2632	corpsHtml	img	piloris.free.fr	http://piloris.free.fr/citronn.jpg
2632	corpsHtml	img	piloris.free.fr	http://piloris.free.fr/citronn.jpg
2632	corpsHtml	img	piloris.free.fr	http://piloris.free.fr/demicitronn.jpg
2632	corpsHtml	img	piloris.free.fr	http://piloris.free.fr/citronn.jpg
2632	corpsHtml	img	piloris.free.fr	http://piloris.free.fr/citronn.jpg
2632	corpsHtml	img	piloris.free.fr	http://piloris.free.fr/citronn.jpg
2632	corpsHtml	img	piloris.free.fr	http://piloris.free.fr/citronn.jpg
2632	corpsHtml	img	piloris.free.fr	http://piloris.free.fr/citronn.jpg
2632	corpsHtml	img	piloris.free.fr	http://piloris.free.fr/citronn.jpg
2632	corpsHtml	img	piloris.free.fr	http://piloris.free.fr/demicitronn.jpg
2632	corpsHtml	img	piloris.free.fr	http://piloris.free.fr/citronn.jpg
2632	corpsHtml	img	piloris.free.fr	http://piloris.free.fr/citronn.jpg
2632	corpsHtml	img	piloris.free.fr	http://piloris.free.fr/citronn.jpg
2632	corpsHtml	img	piloris.free.fr	http://piloris.free.fr/demicitronn.jpg
2632	corpsHtml	img	piloris.free.fr	http://piloris.free.fr/citronn.jpg
2632	corpsHtml	img	piloris.free.fr	http://piloris.free.fr/citronn.jpg
2632	corpsHtml	img	piloris.free.fr	http://piloris.free.fr/citronn.jpg
2632	corpsHtml	img	piloris.free.fr	http://piloris.free.fr/citronn.jpg
2632	corpsHtml	img	piloris.free.fr	http://piloris.free.fr/citronn.jpg
2632	corpsHtml	img	piloris.free.fr	http://piloris.free.fr/citronn.jpg
2632	corpsHtml	img	piloris.free.fr	http://piloris.free.fr/citronn.jpg
2632	corpsHtml	img	piloris.free.fr	http://piloris.free.fr/demicitronn.jpg
2632	corpsHtml	img	piloris.free.fr	http://piloris.free.fr/citronn.jpg
2632	corpsHtml	img	piloris.free.fr	http://piloris.free.fr/citronn.jpg
2632	corpsHtml	img	piloris.free.fr	http://piloris.free.fr/citronn.jpg
2632	corpsHtml	img	piloris.free.fr	http://piloris.free.fr/citronn.jpg
2632	corpsHtml	img	piloris.free.fr	http://piloris.free.fr/citronn.jpg
2632	corpsHtml	img	piloris.free.fr	http://piloris.free.fr/citronn.jpg
2632	corpsHtml	img	piloris.free.fr	http://piloris.free.fr/demicitronn.jpg
2632	corpsHtml	img	piloris.free.fr	http://piloris.free.fr/citronn.jpg
2632	corpsHtml	img	piloris.free.fr	http://piloris.free.fr/citronn.jpg
2632	corpsHtml	img	piloris.free.fr	http://piloris.free.fr/citronn.jpg
2632	corpsHtml	img	piloris.free.fr	http://piloris.free.fr/citronn.jpg
2632	corpsHtml	img	piloris.free.fr	http://piloris.free.fr/citronn.jpg
2632	corpsHtml	img	piloris.free.fr	http://piloris.free.fr/citronn.jpg
2632	corpsHtml	img	piloris.free.fr	http://piloris.free.fr/citronn.jpg
2632	corpsHtml	img	piloris.free.fr	http://piloris.free.fr/citronn.jpg
2632	corpsHtml	img	piloris.free.fr	http://piloris.free.fr/demicitronn.jpg
2632	corpsHtml	img	piloris.free.fr	http://piloris.free.fr/citronn.jpg
2632	corpsHtml	img	piloris.free.fr	http://piloris.free.fr/citronn.jpg
2632	corpsHtml	img	piloris.free.fr	http://piloris.free.fr/citronn.jpg
2632	corpsHtml	img	piloris.free.fr	http://piloris.free.fr/citronn.jpg
2632	corpsHtml	img	piloris.free.fr	http://piloris.free.fr/citronn.jpg
2632	corpsHtml	img	piloris.free.fr	http://piloris.free.fr/citronn.jpg
2632	corpsHtml	img	piloris.free.fr	http://piloris.free.fr/citronn.jpg
2632	corpsHtml	img	piloris.free.fr	http://piloris.free.fr/citronn.jpg
2632	corpsHtml	img	piloris.free.fr	http://piloris.free.fr/citronn.jpg
2632	corpsHtml	img	piloris.free.fr	http://piloris.free.fr/citronn.jpg
2632	corpsHtml	img	piloris.free.fr	http://piloris.free.fr/citronn.jpg
2632	corpsHtml	img	piloris.free.fr	http://piloris.free.fr/citronn.jpg
2632	corpsHtml	img	piloris.free.fr	http://piloris.free.fr/citronn.jpg
2632	corpsHtml	img	piloris.free.fr	http://piloris.free.fr/citronn.jpg
2632	corpsHtml	img	piloris.free.fr	http://piloris.free.fr/citronn.jpg
2632	corpsHtml	img	piloris.free.fr	http://piloris.free.fr/citronn.jpg
2632	corpsHtml	img	piloris.free.fr	http://piloris.free.fr/demicitronn.jpg
2632	corpsHtml	img	musicontempo.free.fr	http://musicontempo.free.fr/citron.jpg
2632	corpsHtml	img	musicontempo.free.fr	http://musicontempo.free.fr/citron.jpg
2632	corpsHtml	img	musicontempo.free.fr	http://musicontempo.free.fr/citron.jpg
2632	corpsHtml	img	musicontempo.free.fr	http://musicontempo.free.fr/citron.jpg
2632	corpsHtml	img	musicontempo.free.fr	http://musicontempo.free.fr/citron.jpg
2632	corpsHtml	img	musicontempo.free.fr	http://musicontempo.free.fr/citron.jpg
2632	corpsHtml	img	musicontempo.free.fr	http://musicontempo.free.fr/citron.jpg
2632	corpsHtml	img	musicontempo.free.fr	http://musicontempo.free.fr/citron.jpg
2632	corpsHtml	img	musicontempo.free.fr	http://musicontempo.free.fr/citron.jpg
2632	corpsHtml	img	musicontempo.free.fr	http://musicontempo.free.fr/citron.jpg
2632	corpsHtml	img	musicontempo.free.fr	http://musicontempo.free.fr/citron.jpg
2632	corpsHtml	img	musicontempo.free.fr	http://musicontempo.free.fr/citron.jpg
2632	corpsHtml	img	musicontempo.free.fr	http://musicontempo.free.fr/citron.jpg
2632	corpsHtml	img	musicontempo.free.fr	http://musicontempo.free.fr/citron.jpg
2632	corpsHtml	img	musicontempo.free.fr	http://musicontempo.free.fr/citron.jpg
2632	corpsHtml	img	musicontempo.free.fr	http://musicontempo.free.fr/colere.jpg
2632	corpsHtml	img	musicontempo.free.fr	http://musicontempo.free.fr/colere.jpg
2632	corpsHtml	img	musicontempo.free.fr	http://musicontempo.free.fr/colere.jpg
2632	corpsHtml	img	musicontempo.free.fr	http://musicontempo.free.fr/colere.jpg
2632	corpsHtml	img	musicontempo.free.fr	http://musicontempo.free.fr/colere.jpg
2632	corpsHtml	img	musicontempo.free.fr	http://musicontempo.free.fr/colere.jpg
2633	corpsHtml	object	operacritiques.free.fr	http://operacritiques.free.fr/css/dewplayer-multi.swf?son=http://operacritiques.free.fr/css/sons/o_mars.mp3
2635	corpsHtml	img	piloris.free.fr	http://piloris.free.fr/citronn.jpg
2635	corpsHtml	img	piloris.free.fr	http://piloris.free.fr/citronn.jpg
2635	corpsHtml	img	piloris.free.fr	http://piloris.free.fr/citronn.jpg
2635	corpsHtml	img	piloris.free.fr	http://piloris.free.fr/citronn.jpg
2635	corpsHtml	img	piloris.free.fr	http://piloris.free.fr/citronn.jpg
2635	corpsHtml	img	piloris.free.fr	http://piloris.free.fr/demicitronn.jpg
2635	corpsHtml	img	piloris.free.fr	http://piloris.free.fr/citronn.jpg
2635	corpsHtml	img	piloris.free.fr	http://piloris.free.fr/citronn.jpg
2635	corpsHtml	img	piloris.free.fr	http://piloris.free.fr/citronn.jpg
2635	corpsHtml	img	piloris.free.fr	http://piloris.free.fr/citronn.jpg
2635	corpsHtml	img	piloris.free.fr	http://piloris.free.fr/citronn.jpg
2635	corpsHtml	img	piloris.free.fr	http://piloris.free.fr/citronn.jpg
2635	corpsHtml	img	piloris.free.fr	http://piloris.free.fr/citronn.jpg
2635	corpsHtml	img	piloris.free.fr	http://piloris.free.fr/citronn.jpg
2635	corpsHtml	img	piloris.free.fr	http://piloris.free.fr/citronn.jpg
2635	corpsHtml	img	piloris.free.fr	http://piloris.free.fr/demicitronn.jpg
2635	corpsHtml	img	piloris.free.fr	http://piloris.free.fr/citronn.jpg
2635	corpsHtml	img	piloris.free.fr	http://piloris.free.fr/citronn.jpg
2635	corpsHtml	img	piloris.free.fr	http://piloris.free.fr/citronn.jpg
2635	corpsHtml	img	piloris.free.fr	http://piloris.free.fr/citronn.jpg
2635	corpsHtml	img	piloris.free.fr	http://piloris.free.fr/citronn.jpg
2635	corpsHtml	img	piloris.free.fr	http://piloris.free.fr/citronn.jpg
2635	corpsHtml	img	piloris.free.fr	http://piloris.free.fr/citronn.jpg
2635	corpsHtml	img	piloris.free.fr	http://piloris.free.fr/citronn.jpg
2635	corpsHtml	img	piloris.free.fr	http://piloris.free.fr/citronn.jpg
2635	corpsHtml	img	piloris.free.fr	http://piloris.free.fr/citronn.jpg
2635	corpsHtml	img	piloris.free.fr	http://piloris.free.fr/citronn.jpg
2635	corpsHtml	img	piloris.free.fr	http://piloris.free.fr/citronn.jpg
2635	corpsHtml	img	piloris.free.fr	http://piloris.free.fr/citronn.jpg
2635	corpsHtml	img	piloris.free.fr	http://piloris.free.fr/citronn.jpg
2635	corpsHtml	img	piloris.free.fr	http://piloris.free.fr/citronn.jpg
2635	corpsHtml	img	piloris.free.fr	http://piloris.free.fr/citronn.jpg
2635	corpsHtml	img	piloris.free.fr	http://piloris.free.fr/demicitronn.jpg
2635	corpsHtml	img	piloris.free.fr	http://piloris.free.fr/citronn.jpg
2635	corpsHtml	img	piloris.free.fr	http://piloris.free.fr/citronn.jpg
2635	corpsHtml	img	piloris.free.fr	http://piloris.free.fr/citronn.jpg
2635	corpsHtml	img	piloris.free.fr	http://piloris.free.fr/citronn.jpg
2635	corpsHtml	img	piloris.free.fr	http://piloris.free.fr/citronn.jpg
2635	corpsHtml	img	piloris.free.fr	http://piloris.free.fr/citronn.jpg
2635	corpsHtml	img	piloris.free.fr	http://piloris.free.fr/citronn.jpg
2635	corpsHtml	img	piloris.free.fr	http://piloris.free.fr/citronn.jpg
2635	corpsHtml	img	piloris.free.fr	http://piloris.free.fr/citronn.jpg
2635	corpsHtml	img	piloris.free.fr	http://piloris.free.fr/citronn.jpg
2635	corpsHtml	img	piloris.free.fr	http://piloris.free.fr/citronn.jpg
2635	corpsHtml	img	piloris.free.fr	http://piloris.free.fr/citronn.jpg
2635	corpsHtml	img	piloris.free.fr	http://piloris.free.fr/citronn.jpg
2635	corpsHtml	img	piloris.free.fr	http://piloris.free.fr/citronn.jpg
2635	corpsHtml	img	piloris.free.fr	http://piloris.free.fr/citronn.jpg
2635	corpsHtml	img	piloris.free.fr	http://piloris.free.fr/citronn.jpg
2635	corpsHtml	img	piloris.free.fr	http://piloris.free.fr/citronn.jpg
2635	corpsHtml	img	piloris.free.fr	http://piloris.free.fr/citronn.jpg
2635	corpsHtml	img	piloris.free.fr	http://piloris.free.fr/citronn.jpg
2635	corpsHtml	img	piloris.free.fr	http://piloris.free.fr/citronn.jpg
2635	corpsHtml	img	piloris.free.fr	http://piloris.free.fr/citronn.jpg
2635	corpsHtml	img	piloris.free.fr	http://piloris.free.fr/citronn.jpg
2635	corpsHtml	img	piloris.free.fr	http://piloris.free.fr/demicitronn.jpg
2635	corpsHtml	img	piloris.free.fr	http://piloris.free.fr/citronn.jpg
2635	corpsHtml	img	piloris.free.fr	http://piloris.free.fr/citronn.jpg
2635	corpsHtml	img	piloris.free.fr	http://piloris.free.fr/citronn.jpg
2635	corpsHtml	img	piloris.free.fr	http://piloris.free.fr/citronn.jpg
2635	corpsHtml	img	piloris.free.fr	http://piloris.free.fr/citronn.jpg
2635	corpsHtml	img	piloris.free.fr	http://piloris.free.fr/citronn.jpg
2635	corpsHtml	img	piloris.free.fr	http://piloris.free.fr/citronn.jpg
2635	corpsHtml	img	piloris.free.fr	http://piloris.free.fr/citronn.jpg
2635	corpsHtml	img	piloris.free.fr	http://piloris.free.fr/citronn.jpg
2635	corpsHtml	img	piloris.free.fr	http://piloris.free.fr/citronn.jpg
2635	corpsHtml	img	piloris.free.fr	http://piloris.free.fr/citronn.jpg
2635	corpsHtml	img	piloris.free.fr	http://piloris.free.fr/citronn.jpg
2635	corpsHtml	img	piloris.free.fr	http://piloris.free.fr/citronn.jpg
2635	corpsHtml	img	piloris.free.fr	http://piloris.free.fr/citronn.jpg
2635	corpsHtml	img	piloris.free.fr	http://piloris.free.fr/citronn.jpg
2635	corpsHtml	img	piloris.free.fr	http://piloris.free.fr/citronn.jpg
2635	corpsHtml	img	piloris.free.fr	http://piloris.free.fr/demicitronn.jpg
2635	corpsHtml	img	piloris.free.fr	http://piloris.free.fr/citronn.jpg
2635	corpsHtml	img	piloris.free.fr	http://piloris.free.fr/citronn.jpg
2635	corpsHtml	img	piloris.free.fr	http://piloris.free.fr/citronn.jpg
2635	corpsHtml	img	piloris.free.fr	http://piloris.free.fr/demicitronn.jpg
2635	corpsHtml	img	piloris.free.fr	http://piloris.free.fr/citronn.jpg
2635	corpsHtml	img	piloris.free.fr	http://piloris.free.fr/citronn.jpg
2635	corpsHtml	img	piloris.free.fr	http://piloris.free.fr/citronn.jpg
2635	corpsHtml	img	piloris.free.fr	http://piloris.free.fr/demicitronn.jpg
2635	corpsHtml	img	musicontempo.free.fr	http://musicontempo.free.fr/citron.jpg
2635	corpsHtml	img	musicontempo.free.fr	http://musicontempo.free.fr/citron.jpg
2635	corpsHtml	img	musicontempo.free.fr	http://musicontempo.free.fr/citron.jpg
2635	corpsHtml	img	musicontempo.free.fr	http://musicontempo.free.fr/citron.jpg
2635	corpsHtml	img	musicontempo.free.fr	http://musicontempo.free.fr/citron.jpg
2635	corpsHtml	img	musicontempo.free.fr	http://musicontempo.free.fr/citron.jpg
2635	corpsHtml	img	musicontempo.free.fr	http://musicontempo.free.fr/citron.jpg
2635	corpsHtml	img	musicontempo.free.fr	http://musicontempo.free.fr/citron.jpg
2635	corpsHtml	img	musicontempo.free.fr	http://musicontempo.free.fr/citron.jpg
2635	corpsHtml	img	musicontempo.free.fr	http://musicontempo.free.fr/citron.jpg
2635	corpsHtml	img	musicontempo.free.fr	http://musicontempo.free.fr/citron.jpg
2635	corpsHtml	img	musicontempo.free.fr	http://musicontempo.free.fr/citron.jpg
2635	corpsHtml	img	musicontempo.free.fr	http://musicontempo.free.fr/citron.jpg
2635	corpsHtml	img	musicontempo.free.fr	http://musicontempo.free.fr/citron.jpg
2635	corpsHtml	img	musicontempo.free.fr	http://musicontempo.free.fr/citron.jpg
2635	corpsHtml	img	musicontempo.free.fr	http://musicontempo.free.fr/colere.jpg
2635	corpsHtml	img	musicontempo.free.fr	http://musicontempo.free.fr/colere.jpg
2635	corpsHtml	img	musicontempo.free.fr	http://musicontempo.free.fr/colere.jpg
2635	corpsHtml	img	musicontempo.free.fr	http://musicontempo.free.fr/colere.jpg
2635	corpsHtml	img	musicontempo.free.fr	http://musicontempo.free.fr/colere.jpg
2635	corpsHtml	img	musicontempo.free.fr	http://musicontempo.free.fr/colere.jpg
2635	chapoHtml	img	piloris.free.fr	http://piloris.free.fr/citronn.jpg
2635	chapoHtml	img	piloris.free.fr	http://piloris.free.fr/citronn.jpg
2635	chapoHtml	img	piloris.free.fr	http://piloris.free.fr/citronn.jpg
2635	chapoHtml	img	piloris.free.fr	http://piloris.free.fr/demicitronn.jpg
2635	chapoHtml	img	piloris.free.fr	http://piloris.free.fr/citronn.jpg
2635	chapoHtml	img	piloris.free.fr	http://piloris.free.fr/citronn.jpg
2635	chapoHtml	img	piloris.free.fr	http://piloris.free.fr/demicitronn.jpg
2635	chapoHtml	img	piloris.free.fr	http://piloris.free.fr/citronn.jpg
2635	chapoHtml	img	piloris.free.fr	http://piloris.free.fr/citronn.jpg
2635	chapoHtml	img	piloris.free.fr	http://piloris.free.fr/citronn.jpg
2635	chapoHtml	img	piloris.free.fr	http://piloris.free.fr/citronn.jpg
2635	chapoHtml	img	piloris.free.fr	http://piloris.free.fr/citronn.jpg
2635	chapoHtml	img	piloris.free.fr	http://piloris.free.fr/citronn.jpg
2635	chapoHtml	img	piloris.free.fr	http://piloris.free.fr/citronn.jpg
2635	chapoHtml	img	piloris.free.fr	http://piloris.free.fr/citronn.jpg
2635	chapoHtml	img	piloris.free.fr	http://piloris.free.fr/citronn.jpg
2635	chapoHtml	img	piloris.free.fr	http://piloris.free.fr/citronn.jpg
2635	chapoHtml	img	piloris.free.fr	http://piloris.free.fr/citronn.jpg
2635	chapoHtml	img	piloris.free.fr	http://piloris.free.fr/citronn.jpg
2635	chapoHtml	img	piloris.free.fr	http://piloris.free.fr/citronn.jpg
2635	chapoHtml	img	piloris.free.fr	http://piloris.free.fr/demicitronn.jpg
2635	chapoHtml	img	piloris.free.fr	http://piloris.free.fr/citronn.jpg
2635	chapoHtml	img	piloris.free.fr	http://piloris.free.fr/citronn.jpg
2635	chapoHtml	img	piloris.free.fr	http://piloris.free.fr/citronn.jpg
2635	chapoHtml	img	piloris.free.fr	http://piloris.free.fr/citronn.jpg
2635	chapoHtml	img	piloris.free.fr	http://piloris.free.fr/citronn.jpg
2635	chapoHtml	img	piloris.free.fr	http://piloris.free.fr/citronn.jpg
2635	chapoHtml	img	piloris.free.fr	http://piloris.free.fr/citronn.jpg
2635	chapoHtml	img	piloris.free.fr	http://piloris.free.fr/citronn.jpg
2635	chapoHtml	img	piloris.free.fr	http://piloris.free.fr/citronn.jpg
2635	chapoHtml	img	piloris.free.fr	http://piloris.free.fr/citronn.jpg
2635	chapoHtml	img	piloris.free.fr	http://piloris.free.fr/citronn.jpg
2635	chapoHtml	img	piloris.free.fr	http://piloris.free.fr/demicitronn.jpg
2635	chapoHtml	img	piloris.free.fr	http://piloris.free.fr/citronn.jpg
2635	chapoHtml	img	piloris.free.fr	http://piloris.free.fr/citronn.jpg
2635	chapoHtml	img	piloris.free.fr	http://piloris.free.fr/citronn.jpg
2635	chapoHtml	img	piloris.free.fr	http://piloris.free.fr/citronn.jpg
2635	chapoHtml	img	piloris.free.fr	http://piloris.free.fr/citronn.jpg
2635	chapoHtml	img	piloris.free.fr	http://piloris.free.fr/citronn.jpg
2635	chapoHtml	img	piloris.free.fr	http://piloris.free.fr/demicitronn.jpg
2635	chapoHtml	img	piloris.free.fr	http://piloris.free.fr/citronn.jpg
2635	chapoHtml	img	piloris.free.fr	http://piloris.free.fr/citronn.jpg
2635	chapoHtml	img	piloris.free.fr	http://piloris.free.fr/citronn.jpg
2635	chapoHtml	img	piloris.free.fr	http://piloris.free.fr/citronn.jpg
2635	chapoHtml	img	piloris.free.fr	http://piloris.free.fr/demicitronn.jpg
2635	chapoHtml	img	www.deutschegrammophon.com	http://www.deutschegrammophon.com/imgs/s300x300/4794101.jpg
2635	chapoHtml	img	piloris.free.fr	http://piloris.free.fr/citronn.jpg
2635	chapoHtml	img	piloris.free.fr	http://piloris.free.fr/citronn.jpg
2635	chapoHtml	img	piloris.free.fr	http://piloris.free.fr/citronn.jpg
2635	chapoHtml	img	piloris.free.fr	http://piloris.free.fr/citronn.jpg
2635	chapoHtml	img	piloris.free.fr	http://piloris.free.fr/demicitronn.jpg
2635	chapoHtml	img	piloris.free.fr	http://piloris.free.fr/citronn.jpg
2635	chapoHtml	img	piloris.free.fr	http://piloris.free.fr/citronn.jpg
2635	chapoHtml	img	piloris.free.fr	http://piloris.free.fr/citronn.jpg
2635	chapoHtml	img	piloris.free.fr	http://piloris.free.fr/citronn.jpg
2635	chapoHtml	img	piloris.free.fr	http://piloris.free.fr/citronn.jpg
2635	chapoHtml	img	piloris.free.fr	http://piloris.free.fr/citronn.jpg
2635	chapoHtml	img	piloris.free.fr	http://piloris.free.fr/demicitronn.jpg
2635	chapoHtml	img	piloris.free.fr	http://piloris.free.fr/citronn.jpg
2635	chapoHtml	img	piloris.free.fr	http://piloris.free.fr/citronn.jpg
2635	chapoHtml	img	piloris.free.fr	http://piloris.free.fr/citronn.jpg
2635	chapoHtml	img	piloris.free.fr	http://piloris.free.fr/citronn.jpg
2635	chapoHtml	img	piloris.free.fr	http://piloris.free.fr/demicitronn.jpg
2635	chapoHtml	img	piloris.free.fr	http://piloris.free.fr/citronn.jpg
2635	chapoHtml	img	piloris.free.fr	http://piloris.free.fr/citronn.jpg
2635	chapoHtml	img	piloris.free.fr	http://piloris.free.fr/citronn.jpg
2635	chapoHtml	img	piloris.free.fr	http://piloris.free.fr/citronn.jpg
2635	chapoHtml	img	piloris.free.fr	http://piloris.free.fr/citronn.jpg
2635	chapoHtml	img	piloris.free.fr	http://piloris.free.fr/citronn.jpg
2635	chapoHtml	img	piloris.free.fr	http://piloris.free.fr/demicitronn.jpg
2635	chapoHtml	img	piloris.free.fr	http://piloris.free.fr/citronn.jpg
2635	chapoHtml	img	piloris.free.fr	http://piloris.free.fr/citronn.jpg
2635	chapoHtml	img	piloris.free.fr	http://piloris.free.fr/citronn.jpg
2635	chapoHtml	img	piloris.free.fr	http://piloris.free.fr/demicitronn.jpg
2635	chapoHtml	img	piloris.free.fr	http://piloris.free.fr/citronn.jpg
2635	chapoHtml	img	piloris.free.fr	http://piloris.free.fr/citronn.jpg
2635	chapoHtml	img	piloris.free.fr	http://piloris.free.fr/demicitronn.jpg
2635	chapoHtml	img	piloris.free.fr	http://piloris.free.fr/citronn.jpg
2635	chapoHtml	img	piloris.free.fr	http://piloris.free.fr/citronn.jpg
2635	chapoHtml	img	piloris.free.fr	http://piloris.free.fr/citronn.jpg
2635	chapoHtml	img	piloris.free.fr	http://piloris.free.fr/citronn.jpg
2635	chapoHtml	img	piloris.free.fr	http://piloris.free.fr/demicitronn.jpg
2635	chapoHtml	img	piloris.free.fr	http://piloris.free.fr/citronn.jpg
2635	chapoHtml	img	piloris.free.fr	http://piloris.free.fr/citronn.jpg
2635	chapoHtml	img	piloris.free.fr	http://piloris.free.fr/citronn.jpg
2635	chapoHtml	img	piloris.free.fr	http://piloris.free.fr/demicitronn.jpg
2635	chapoHtml	img	piloris.free.fr	http://piloris.free.fr/citronn.jpg
2635	chapoHtml	img	piloris.free.fr	http://piloris.free.fr/citronn.jpg
2635	chapoHtml	img	piloris.free.fr	http://piloris.free.fr/citronn.jpg
2635	chapoHtml	img	piloris.free.fr	http://piloris.free.fr/demicitronn.jpg
2635	chapoHtml	img	piloris.free.fr	http://piloris.free.fr/citronn.jpg
2635	chapoHtml	img	piloris.free.fr	http://piloris.free.fr/citronn.jpg
2635	chapoHtml	img	piloris.free.fr	http://piloris.free.fr/citronn.jpg
2635	chapoHtml	img	piloris.free.fr	http://piloris.free.fr/citronn.jpg
2635	chapoHtml	img	piloris.free.fr	http://piloris.free.fr/citronn.jpg
2635	chapoHtml	img	piloris.free.fr	http://piloris.free.fr/citronn.jpg
2635	chapoHtml	img	piloris.free.fr	http://piloris.free.fr/citronn.jpg
2635	chapoHtml	img	piloris.free.fr	http://piloris.free.fr/demicitronn.jpg
2638	chapoHtml	object	operacritiques.free.fr	http://operacritiques.free.fr/css/dewplayer-multi.swf?son=http://operacritiques.free.fr/css/sons/minko_robert.mp3
2638	chapoHtml	object	operacritiques.free.fr	http://operacritiques.free.fr/css/dewplayer-multi.swf?son=http://operacritiques.free.fr/css/sons/minko_poniatowski.mp3
2639	chapoHtml	object	operacritiques.free.fr	http://operacritiques.free.fr/css/dewplayer-multi.swf?son=http://operacritiques.free.fr/css/sons/fireworks_niquet.mp3
2641	corpsHtml	object	operacritiques.free.fr	http://operacritiques.free.fr/css/dewplayer-multi.swf?son=http://operacritiques.free.fr/css/sons/bolena_harmonie.mp3
2641	corpsHtml	object	operacritiques.free.fr	http://operacritiques.free.fr/css/dewplayer-multi.swf?son=http://operacritiques.free.fr/css/sons/bolena_parodie.mp3
2641	corpsHtml	object	operacritiques.free.fr	http://operacritiques.free.fr/css/dewplayer-multi.swf?son=http://operacritiques.free.fr/css/sons/modulation_elisir_domingo_pritchard.mp3
2641	corpsHtml	object	operacritiques.free.fr	http://operacritiques.free.fr/css/dewplayer-multi.swf?son=http://operacritiques.free.fr/css/sons/elisir_pointes.mp3
2641	corpsHtml	object	operacritiques.free.fr	http://operacritiques.free.fr/css/dewplayer-multi.swf?son=http://operacritiques.free.fr/css/sons/elisir_orchestration_basson_1.mp3
2641	corpsHtml	object	operacritiques.free.fr	http://operacritiques.free.fr/css/dewplayer-multi.swf?son=http://operacritiques.free.fr/css/sons/elisir_orchestration_basson_2.mp3
2644	corpsHtml	img	piloris.free.fr	http://piloris.free.fr/citronn.jpg
2644	corpsHtml	img	piloris.free.fr	http://piloris.free.fr/citronn.jpg
2644	corpsHtml	img	piloris.free.fr	http://piloris.free.fr/citronn.jpg
2644	corpsHtml	img	piloris.free.fr	http://piloris.free.fr/citronn.jpg
2644	corpsHtml	img	piloris.free.fr	http://piloris.free.fr/citronn.jpg
2644	corpsHtml	img	piloris.free.fr	http://piloris.free.fr/citronn.jpg
2644	corpsHtml	img	piloris.free.fr	http://piloris.free.fr/citronn.jpg
2644	corpsHtml	img	piloris.free.fr	http://piloris.free.fr/citronn.jpg
2644	corpsHtml	img	piloris.free.fr	http://piloris.free.fr/citronn.jpg
2644	corpsHtml	img	piloris.free.fr	http://piloris.free.fr/citronn.jpg
2644	corpsHtml	img	piloris.free.fr	http://piloris.free.fr/citronn.jpg
2644	corpsHtml	img	piloris.free.fr	http://piloris.free.fr/citronn.jpg
2644	corpsHtml	img	piloris.free.fr	http://piloris.free.fr/citronn.jpg
2644	corpsHtml	img	piloris.free.fr	http://piloris.free.fr/citronn.jpg
2644	corpsHtml	img	piloris.free.fr	http://piloris.free.fr/citronn.jpg
2644	corpsHtml	img	piloris.free.fr	http://piloris.free.fr/citronn.jpg
2644	corpsHtml	img	piloris.free.fr	http://piloris.free.fr/citronn.jpg
2644	corpsHtml	img	piloris.free.fr	http://piloris.free.fr/citronn.jpg
2644	corpsHtml	img	piloris.free.fr	http://piloris.free.fr/citronn.jpg
2644	corpsHtml	img	piloris.free.fr	http://piloris.free.fr/citronn.jpg
2644	corpsHtml	img	piloris.free.fr	http://piloris.free.fr/citronn.jpg
2644	corpsHtml	img	piloris.free.fr	http://piloris.free.fr/citronn.jpg
2644	corpsHtml	img	piloris.free.fr	http://piloris.free.fr/citronn.jpg
2644	corpsHtml	img	piloris.free.fr	http://piloris.free.fr/citronn.jpg
2644	corpsHtml	img	piloris.free.fr	http://piloris.free.fr/citronn.jpg
2644	corpsHtml	img	piloris.free.fr	http://piloris.free.fr/citronn.jpg
2644	corpsHtml	img	piloris.free.fr	http://piloris.free.fr/citronn.jpg
2644	corpsHtml	img	piloris.free.fr	http://piloris.free.fr/citronn.jpg
2644	corpsHtml	img	piloris.free.fr	http://piloris.free.fr/citronn.jpg
2644	corpsHtml	img	piloris.free.fr	http://piloris.free.fr/citronn.jpg
2644	corpsHtml	img	piloris.free.fr	http://piloris.free.fr/citronn.jpg
2644	corpsHtml	img	piloris.free.fr	http://piloris.free.fr/citronn.jpg
2644	corpsHtml	img	piloris.free.fr	http://piloris.free.fr/citronn.jpg
2644	corpsHtml	img	piloris.free.fr	http://piloris.free.fr/citronn.jpg
2644	corpsHtml	img	piloris.free.fr	http://piloris.free.fr/citronn.jpg
2644	corpsHtml	img	piloris.free.fr	http://piloris.free.fr/citronn.jpg
2644	corpsHtml	img	piloris.free.fr	http://piloris.free.fr/citronn.jpg
2644	corpsHtml	img	piloris.free.fr	http://piloris.free.fr/citronn.jpg
2644	corpsHtml	img	piloris.free.fr	http://piloris.free.fr/citronn.jpg
2644	corpsHtml	img	piloris.free.fr	http://piloris.free.fr/citronn.jpg
2644	corpsHtml	img	piloris.free.fr	http://piloris.free.fr/citronn.jpg
2644	corpsHtml	img	piloris.free.fr	http://piloris.free.fr/citronn.jpg
2644	corpsHtml	img	piloris.free.fr	http://piloris.free.fr/citronn.jpg
2644	corpsHtml	img	piloris.free.fr	http://piloris.free.fr/citronn.jpg
2644	corpsHtml	img	piloris.free.fr	http://piloris.free.fr/citronn.jpg
2644	corpsHtml	img	piloris.free.fr	http://piloris.free.fr/citronn.jpg
2644	corpsHtml	img	piloris.free.fr	http://piloris.free.fr/citronn.jpg
2644	corpsHtml	img	piloris.free.fr	http://piloris.free.fr/citronn.jpg
2644	corpsHtml	img	piloris.free.fr	http://piloris.free.fr/citronn.jpg
2644	corpsHtml	img	piloris.free.fr	http://piloris.free.fr/citronn.jpg
2644	corpsHtml	img	piloris.free.fr	http://piloris.free.fr/citronn.jpg
2644	corpsHtml	img	piloris.free.fr	http://piloris.free.fr/citronn.jpg
2644	corpsHtml	img	piloris.free.fr	http://piloris.free.fr/citronn.jpg
2644	corpsHtml	img	piloris.free.fr	http://piloris.free.fr/citronn.jpg
2644	corpsHtml	img	piloris.free.fr	http://piloris.free.fr/citronn.jpg
2644	corpsHtml	img	piloris.free.fr	http://piloris.free.fr/citronn.jpg
2644	corpsHtml	img	piloris.free.fr	http://piloris.free.fr/citronn.jpg
2644	corpsHtml	img	piloris.free.fr	http://piloris.free.fr/citronn.jpg
2644	corpsHtml	img	piloris.free.fr	http://piloris.free.fr/citronn.jpg
2644	corpsHtml	img	piloris.free.fr	http://piloris.free.fr/citronn.jpg
2644	corpsHtml	img	piloris.free.fr	http://piloris.free.fr/citronn.jpg
2644	corpsHtml	img	piloris.free.fr	http://piloris.free.fr/citronn.jpg
2644	corpsHtml	img	piloris.free.fr	http://piloris.free.fr/citronn.jpg
2644	corpsHtml	img	piloris.free.fr	http://piloris.free.fr/citronn.jpg
2644	corpsHtml	img	piloris.free.fr	http://piloris.free.fr/citronn.jpg
2644	corpsHtml	img	piloris.free.fr	http://piloris.free.fr/citronn.jpg
2644	corpsHtml	img	piloris.free.fr	http://piloris.free.fr/citronn.jpg
2644	corpsHtml	img	piloris.free.fr	http://piloris.free.fr/citronn.jpg
2644	corpsHtml	img	piloris.free.fr	http://piloris.free.fr/citronn.jpg
2644	corpsHtml	img	piloris.free.fr	http://piloris.free.fr/citronn.jpg
2644	corpsHtml	img	piloris.free.fr	http://piloris.free.fr/citronn.jpg
2644	corpsHtml	img	piloris.free.fr	http://piloris.free.fr/citronn.jpg
2644	corpsHtml	img	piloris.free.fr	http://piloris.free.fr/citronn.jpg
2644	corpsHtml	img	piloris.free.fr	http://piloris.free.fr/citronn.jpg
2644	corpsHtml	img	piloris.free.fr	http://piloris.free.fr/citronn.jpg
2644	corpsHtml	img	piloris.free.fr	http://piloris.free.fr/citronn.jpg
2644	corpsHtml	img	piloris.free.fr	http://piloris.free.fr/citronn.jpg
2644	corpsHtml	img	piloris.free.fr	http://piloris.free.fr/citronn.jpg
2644	corpsHtml	img	piloris.free.fr	http://piloris.free.fr/citronn.jpg
2644	corpsHtml	img	piloris.free.fr	http://piloris.free.fr/citronn.jpg
2644	corpsHtml	img	piloris.free.fr	http://piloris.free.fr/citronn.jpg
2644	corpsHtml	img	piloris.free.fr	http://piloris.free.fr/citronn.jpg
2644	corpsHtml	img	piloris.free.fr	http://piloris.free.fr/citronn.jpg
2644	corpsHtml	img	piloris.free.fr	http://piloris.free.fr/citronn.jpg
2644	corpsHtml	img	piloris.free.fr	http://piloris.free.fr/citronn.jpg
2644	corpsHtml	img	piloris.free.fr	http://piloris.free.fr/citronn.jpg
2644	corpsHtml	img	piloris.free.fr	http://piloris.free.fr/citronn.jpg
2644	corpsHtml	img	piloris.free.fr	http://piloris.free.fr/citronn.jpg
2644	corpsHtml	img	piloris.free.fr	http://piloris.free.fr/citronn.jpg
2644	corpsHtml	img	piloris.free.fr	http://piloris.free.fr/citronn.jpg
2644	corpsHtml	img	piloris.free.fr	http://piloris.free.fr/citronn.jpg
2644	corpsHtml	img	piloris.free.fr	http://piloris.free.fr/citronn.jpg
2644	corpsHtml	img	piloris.free.fr	http://piloris.free.fr/citronn.jpg
2644	corpsHtml	img	piloris.free.fr	http://piloris.free.fr/citronn.jpg
2644	corpsHtml	img	piloris.free.fr	http://piloris.free.fr/citronn.jpg
2644	corpsHtml	img	piloris.free.fr	http://piloris.free.fr/citronn.jpg
2644	corpsHtml	img	piloris.free.fr	http://piloris.free.fr/citronn.jpg
2644	corpsHtml	img	piloris.free.fr	http://piloris.free.fr/citronn.jpg
2644	corpsHtml	img	piloris.free.fr	http://piloris.free.fr/citronn.jpg
2644	corpsHtml	img	piloris.free.fr	http://piloris.free.fr/citronn.jpg
2644	corpsHtml	img	piloris.free.fr	http://piloris.free.fr/citronn.jpg
2644	corpsHtml	img	piloris.free.fr	http://piloris.free.fr/citronn.jpg
2644	corpsHtml	img	piloris.free.fr	http://piloris.free.fr/citronn.jpg
2644	corpsHtml	img	piloris.free.fr	http://piloris.free.fr/citronn.jpg
2644	corpsHtml	img	piloris.free.fr	http://piloris.free.fr/citronn.jpg
2644	corpsHtml	img	piloris.free.fr	http://piloris.free.fr/citronn.jpg
2644	corpsHtml	img	piloris.free.fr	http://piloris.free.fr/citronn.jpg
2644	corpsHtml	img	piloris.free.fr	http://piloris.free.fr/citronn.jpg
2644	corpsHtml	img	piloris.free.fr	http://piloris.free.fr/citronn.jpg
2644	corpsHtml	img	piloris.free.fr	http://piloris.free.fr/citronn.jpg
2644	corpsHtml	img	piloris.free.fr	http://piloris.free.fr/citronn.jpg
2644	corpsHtml	img	piloris.free.fr	http://piloris.free.fr/citronn.jpg
2644	corpsHtml	img	piloris.free.fr	http://piloris.free.fr/citronn.jpg
2644	corpsHtml	img	piloris.free.fr	http://piloris.free.fr/citronn.jpg
2644	corpsHtml	img	piloris.free.fr	http://piloris.free.fr/citronn.jpg
2644	corpsHtml	img	piloris.free.fr	http://piloris.free.fr/citronn.jpg
2644	corpsHtml	img	piloris.free.fr	http://piloris.free.fr/citronn.jpg
2644	corpsHtml	img	piloris.free.fr	http://piloris.free.fr/citronn.jpg
2644	corpsHtml	img	piloris.free.fr	http://piloris.free.fr/citronn.jpg
2644	corpsHtml	img	piloris.free.fr	http://piloris.free.fr/citronn.jpg
2644	corpsHtml	img	piloris.free.fr	http://piloris.free.fr/citronn.jpg
2644	corpsHtml	img	piloris.free.fr	http://piloris.free.fr/citronn.jpg
2644	corpsHtml	img	piloris.free.fr	http://piloris.free.fr/citronn.jpg
2644	corpsHtml	img	piloris.free.fr	http://piloris.free.fr/citronn.jpg
2644	corpsHtml	img	piloris.free.fr	http://piloris.free.fr/citronn.jpg
2644	corpsHtml	img	piloris.free.fr	http://piloris.free.fr/citronn.jpg
2644	corpsHtml	img	piloris.free.fr	http://piloris.free.fr/citronn.jpg
2644	corpsHtml	img	piloris.free.fr	http://piloris.free.fr/citronn.jpg
2644	corpsHtml	img	piloris.free.fr	http://piloris.free.fr/citronn.jpg
2644	corpsHtml	img	piloris.free.fr	http://piloris.free.fr/citronn.jpg
2644	corpsHtml	img	piloris.free.fr	http://piloris.free.fr/citronn.jpg
2644	corpsHtml	img	piloris.free.fr	http://piloris.free.fr/citronn.jpg
2644	corpsHtml	img	piloris.free.fr	http://piloris.free.fr/citronn.jpg
2644	corpsHtml	img	piloris.free.fr	http://piloris.free.fr/citronn.jpg
2644	corpsHtml	img	piloris.free.fr	http://piloris.free.fr/citronn.jpg
2644	corpsHtml	img	piloris.free.fr	http://piloris.free.fr/citronn.jpg
2644	corpsHtml	img	piloris.free.fr	http://piloris.free.fr/citronn.jpg
2644	corpsHtml	img	piloris.free.fr	http://piloris.free.fr/citronn.jpg
2644	corpsHtml	img	piloris.free.fr	http://piloris.free.fr/citronn.jpg
2644	corpsHtml	img	piloris.free.fr	http://piloris.free.fr/citronn.jpg
2644	corpsHtml	img	piloris.free.fr	http://piloris.free.fr/citronn.jpg
2644	corpsHtml	img	piloris.free.fr	http://piloris.free.fr/citronn.jpg
2644	corpsHtml	img	piloris.free.fr	http://piloris.free.fr/citronn.jpg
2644	corpsHtml	img	piloris.free.fr	http://piloris.free.fr/citronn.jpg
2644	corpsHtml	img	piloris.free.fr	http://piloris.free.fr/citronn.jpg
2644	corpsHtml	img	piloris.free.fr	http://piloris.free.fr/citronn.jpg
2644	corpsHtml	img	piloris.free.fr	http://piloris.free.fr/citronn.jpg
2644	corpsHtml	img	piloris.free.fr	http://piloris.free.fr/citronn.jpg
2644	corpsHtml	img	piloris.free.fr	http://piloris.free.fr/citronn.jpg
2644	corpsHtml	img	piloris.free.fr	http://piloris.free.fr/citronn.jpg
2644	corpsHtml	img	piloris.free.fr	http://piloris.free.fr/citronn.jpg
2644	corpsHtml	img	piloris.free.fr	http://piloris.free.fr/citronn.jpg
2644	corpsHtml	img	piloris.free.fr	http://piloris.free.fr/citronn.jpg
2644	corpsHtml	img	piloris.free.fr	http://piloris.free.fr/citronn.jpg
2644	corpsHtml	img	piloris.free.fr	http://piloris.free.fr/citronn.jpg
2644	corpsHtml	img	piloris.free.fr	http://piloris.free.fr/citronn.jpg
2644	corpsHtml	img	piloris.free.fr	http://piloris.free.fr/citronn.jpg
2644	corpsHtml	img	piloris.free.fr	http://piloris.free.fr/citronn.jpg
2644	corpsHtml	img	piloris.free.fr	http://piloris.free.fr/citronn.jpg
2644	corpsHtml	img	piloris.free.fr	http://piloris.free.fr/citronn.jpg
2644	corpsHtml	img	piloris.free.fr	http://piloris.free.fr/citronn.jpg
2644	corpsHtml	img	piloris.free.fr	http://piloris.free.fr/citronn.jpg
2644	corpsHtml	img	piloris.free.fr	http://piloris.free.fr/citronn.jpg
2644	corpsHtml	img	piloris.free.fr	http://piloris.free.fr/citronn.jpg
2644	corpsHtml	img	piloris.free.fr	http://piloris.free.fr/citronn.jpg
2644	corpsHtml	img	piloris.free.fr	http://piloris.free.fr/citronn.jpg
2644	corpsHtml	img	piloris.free.fr	http://piloris.free.fr/citronn.jpg
2644	corpsHtml	img	piloris.free.fr	http://piloris.free.fr/citronn.jpg
2644	corpsHtml	img	piloris.free.fr	http://piloris.free.fr/citronn.jpg
2644	corpsHtml	img	piloris.free.fr	http://piloris.free.fr/citronn.jpg
2644	corpsHtml	img	piloris.free.fr	http://piloris.free.fr/citronn.jpg
2644	corpsHtml	img	piloris.free.fr	http://piloris.free.fr/citronn.jpg
2644	corpsHtml	img	piloris.free.fr	http://piloris.free.fr/citronn.jpg
2644	corpsHtml	img	piloris.free.fr	http://piloris.free.fr/citronn.jpg
2644	corpsHtml	img	piloris.free.fr	http://piloris.free.fr/citronn.jpg
2644	corpsHtml	img	piloris.free.fr	http://piloris.free.fr/citronn.jpg
2644	corpsHtml	img	piloris.free.fr	http://piloris.free.fr/citronn.jpg
2644	corpsHtml	img	piloris.free.fr	http://piloris.free.fr/citronn.jpg
2644	corpsHtml	img	piloris.free.fr	http://piloris.free.fr/citronn.jpg
2644	corpsHtml	img	piloris.free.fr	http://piloris.free.fr/citronn.jpg
2644	corpsHtml	img	piloris.free.fr	http://piloris.free.fr/citronn.jpg
2644	corpsHtml	img	piloris.free.fr	http://piloris.free.fr/citronn.jpg
2644	corpsHtml	img	piloris.free.fr	http://piloris.free.fr/citronn.jpg
2644	corpsHtml	img	piloris.free.fr	http://piloris.free.fr/citronn.jpg
2644	corpsHtml	img	piloris.free.fr	http://piloris.free.fr/citronn.jpg
2644	corpsHtml	img	piloris.free.fr	http://piloris.free.fr/citronn.jpg
2644	corpsHtml	img	piloris.free.fr	http://piloris.free.fr/citronn.jpg
2644	corpsHtml	img	piloris.free.fr	http://piloris.free.fr/citronn.jpg
2644	corpsHtml	img	piloris.free.fr	http://piloris.free.fr/citronn.jpg
2644	corpsHtml	img	piloris.free.fr	http://piloris.free.fr/citronn.jpg
2644	corpsHtml	img	piloris.free.fr	http://piloris.free.fr/citronn.jpg
2644	corpsHtml	img	piloris.free.fr	http://piloris.free.fr/citronn.jpg
2644	corpsHtml	img	piloris.free.fr	http://piloris.free.fr/citronn.jpg
2644	corpsHtml	img	piloris.free.fr	http://piloris.free.fr/citronn.jpg
2644	corpsHtml	img	piloris.free.fr	http://piloris.free.fr/citronn.jpg
2644	corpsHtml	img	piloris.free.fr	http://piloris.free.fr/citronn.jpg
2644	corpsHtml	img	piloris.free.fr	http://piloris.free.fr/citronn.jpg
2644	corpsHtml	img	piloris.free.fr	http://piloris.free.fr/citronn.jpg
2644	corpsHtml	img	piloris.free.fr	http://piloris.free.fr/citronn.jpg
2644	corpsHtml	img	piloris.free.fr	http://piloris.free.fr/citronn.jpg
2644	corpsHtml	img	piloris.free.fr	http://piloris.free.fr/citronn.jpg
2644	corpsHtml	img	piloris.free.fr	http://piloris.free.fr/citronn.jpg
2644	corpsHtml	img	piloris.free.fr	http://piloris.free.fr/citronn.jpg
2644	corpsHtml	img	piloris.free.fr	http://piloris.free.fr/citronn.jpg
2644	corpsHtml	img	piloris.free.fr	http://piloris.free.fr/citronn.jpg
2644	corpsHtml	img	piloris.free.fr	http://piloris.free.fr/citronn.jpg
2644	corpsHtml	img	piloris.free.fr	http://piloris.free.fr/citronn.jpg
2644	corpsHtml	img	piloris.free.fr	http://piloris.free.fr/citronn.jpg
2644	corpsHtml	img	piloris.free.fr	http://piloris.free.fr/citronn.jpg
2644	corpsHtml	img	piloris.free.fr	http://piloris.free.fr/citronn.jpg
2644	corpsHtml	img	piloris.free.fr	http://piloris.free.fr/citronn.jpg
2644	corpsHtml	img	piloris.free.fr	http://piloris.free.fr/citronn.jpg
2644	corpsHtml	img	piloris.free.fr	http://piloris.free.fr/citronn.jpg
2644	corpsHtml	img	piloris.free.fr	http://piloris.free.fr/citronn.jpg
2644	corpsHtml	img	piloris.free.fr	http://piloris.free.fr/citronn.jpg
2644	corpsHtml	img	piloris.free.fr	http://piloris.free.fr/citronn.jpg
2644	corpsHtml	img	piloris.free.fr	http://piloris.free.fr/citronn.jpg
2644	corpsHtml	img	piloris.free.fr	http://piloris.free.fr/citronn.jpg
2644	corpsHtml	img	piloris.free.fr	http://piloris.free.fr/citronn.jpg
2644	corpsHtml	img	piloris.free.fr	http://piloris.free.fr/citronn.jpg
2644	corpsHtml	img	piloris.free.fr	http://piloris.free.fr/citronn.jpg
2644	corpsHtml	img	piloris.free.fr	http://piloris.free.fr/citronn.jpg
2644	corpsHtml	img	piloris.free.fr	http://piloris.free.fr/citronn.jpg
2644	corpsHtml	img	piloris.free.fr	http://piloris.free.fr/citronn.jpg
2644	corpsHtml	img	piloris.free.fr	http://piloris.free.fr/citronn.jpg
2644	corpsHtml	img	piloris.free.fr	http://piloris.free.fr/citronn.jpg
2644	corpsHtml	img	piloris.free.fr	http://piloris.free.fr/citronn.jpg
2644	corpsHtml	img	piloris.free.fr	http://piloris.free.fr/citronn.jpg
2644	corpsHtml	img	piloris.free.fr	http://piloris.free.fr/citronn.jpg
2644	corpsHtml	img	piloris.free.fr	http://piloris.free.fr/citronn.jpg
2644	corpsHtml	img	piloris.free.fr	http://piloris.free.fr/citronn.jpg
2644	corpsHtml	img	piloris.free.fr	http://piloris.free.fr/citronn.jpg
2644	corpsHtml	img	piloris.free.fr	http://piloris.free.fr/citronn.jpg
2644	corpsHtml	img	piloris.free.fr	http://piloris.free.fr/citronn.jpg
2644	corpsHtml	img	piloris.free.fr	http://piloris.free.fr/citronn.jpg
2644	corpsHtml	img	piloris.free.fr	http://piloris.free.fr/citronn.jpg
2644	corpsHtml	img	piloris.free.fr	http://piloris.free.fr/citronn.jpg
2644	corpsHtml	img	piloris.free.fr	http://piloris.free.fr/citronn.jpg
2644	corpsHtml	img	piloris.free.fr	http://piloris.free.fr/citronn.jpg
2644	corpsHtml	img	piloris.free.fr	http://piloris.free.fr/citronn.jpg
2644	corpsHtml	img	piloris.free.fr	http://piloris.free.fr/citronn.jpg
2644	corpsHtml	img	piloris.free.fr	http://piloris.free.fr/citronn.jpg
2644	corpsHtml	img	piloris.free.fr	http://piloris.free.fr/citronn.jpg
2644	corpsHtml	img	piloris.free.fr	http://piloris.free.fr/citronn.jpg
2644	corpsHtml	img	piloris.free.fr	http://piloris.free.fr/citronn.jpg
2644	corpsHtml	img	piloris.free.fr	http://piloris.free.fr/citronn.jpg
2644	corpsHtml	img	piloris.free.fr	http://piloris.free.fr/citronn.jpg
2644	corpsHtml	img	piloris.free.fr	http://piloris.free.fr/citronn.jpg
2644	corpsHtml	img	piloris.free.fr	http://piloris.free.fr/citronn.jpg
2644	corpsHtml	img	piloris.free.fr	http://piloris.free.fr/citronn.jpg
2644	corpsHtml	img	piloris.free.fr	http://piloris.free.fr/citronn.jpg
2644	corpsHtml	img	piloris.free.fr	http://piloris.free.fr/citronn.jpg
2644	corpsHtml	img	piloris.free.fr	http://piloris.free.fr/citronn.jpg
2644	corpsHtml	img	piloris.free.fr	http://piloris.free.fr/citronn.jpg
2644	corpsHtml	img	piloris.free.fr	http://piloris.free.fr/citronn.jpg
2644	corpsHtml	img	piloris.free.fr	http://piloris.free.fr/citronn.jpg
2644	corpsHtml	img	piloris.free.fr	http://piloris.free.fr/citronn.jpg
2644	corpsHtml	img	piloris.free.fr	http://piloris.free.fr/citronn.jpg
2644	corpsHtml	img	piloris.free.fr	http://piloris.free.fr/citronn.jpg
2644	corpsHtml	img	piloris.free.fr	http://piloris.free.fr/citronn.jpg
2644	corpsHtml	img	piloris.free.fr	http://piloris.free.fr/citronn.jpg
2644	corpsHtml	img	piloris.free.fr	http://piloris.free.fr/citronn.jpg
2644	corpsHtml	img	piloris.free.fr	http://piloris.free.fr/citronn.jpg
2644	corpsHtml	img	piloris.free.fr	http://piloris.free.fr/citronn.jpg
2644	corpsHtml	img	piloris.free.fr	http://piloris.free.fr/citronn.jpg
2644	corpsHtml	img	piloris.free.fr	http://piloris.free.fr/citronn.jpg
2644	corpsHtml	img	piloris.free.fr	http://piloris.free.fr/citronn.jpg
2644	corpsHtml	img	piloris.free.fr	http://piloris.free.fr/citronn.jpg
2644	corpsHtml	img	piloris.free.fr	http://piloris.free.fr/citronn.jpg
2644	corpsHtml	img	piloris.free.fr	http://piloris.free.fr/citronn.jpg
2644	corpsHtml	img	piloris.free.fr	http://piloris.free.fr/citronn.jpg
2644	corpsHtml	img	piloris.free.fr	http://piloris.free.fr/citronn.jpg
2644	corpsHtml	img	piloris.free.fr	http://piloris.free.fr/citronn.jpg
2644	corpsHtml	img	piloris.free.fr	http://piloris.free.fr/citronn.jpg
2644	corpsHtml	img	piloris.free.fr	http://piloris.free.fr/citronn.jpg
2644	corpsHtml	img	piloris.free.fr	http://piloris.free.fr/citronn.jpg
2644	corpsHtml	img	piloris.free.fr	http://piloris.free.fr/citronn.jpg
2644	corpsHtml	img	piloris.free.fr	http://piloris.free.fr/citronn.jpg
2644	corpsHtml	img	piloris.free.fr	http://piloris.free.fr/citronn.jpg
2644	corpsHtml	img	piloris.free.fr	http://piloris.free.fr/citronn.jpg
2644	corpsHtml	img	piloris.free.fr	http://piloris.free.fr/citronn.jpg
2644	corpsHtml	img	piloris.free.fr	http://piloris.free.fr/citronn.jpg
2644	corpsHtml	img	piloris.free.fr	http://piloris.free.fr/citronn.jpg
2644	corpsHtml	img	piloris.free.fr	http://piloris.free.fr/citronn.jpg
2644	corpsHtml	img	piloris.free.fr	http://piloris.free.fr/citronn.jpg
2644	corpsHtml	img	piloris.free.fr	http://piloris.free.fr/citronn.jpg
2644	corpsHtml	img	piloris.free.fr	http://piloris.free.fr/citronn.jpg
2644	corpsHtml	img	piloris.free.fr	http://piloris.free.fr/citronn.jpg
2644	corpsHtml	img	piloris.free.fr	http://piloris.free.fr/citronn.jpg
2644	corpsHtml	img	piloris.free.fr	http://piloris.free.fr/citronn.jpg
2644	corpsHtml	img	piloris.free.fr	http://piloris.free.fr/citronn.jpg
2644	corpsHtml	img	piloris.free.fr	http://piloris.free.fr/citronn.jpg
2644	corpsHtml	img	piloris.free.fr	http://piloris.free.fr/citronn.jpg
2644	corpsHtml	img	piloris.free.fr	http://piloris.free.fr/citronn.jpg
2644	corpsHtml	img	piloris.free.fr	http://piloris.free.fr/citronn.jpg
2644	corpsHtml	img	piloris.free.fr	http://piloris.free.fr/citronn.jpg
2644	corpsHtml	img	piloris.free.fr	http://piloris.free.fr/citronn.jpg
2644	corpsHtml	img	piloris.free.fr	http://piloris.free.fr/citronn.jpg
2644	corpsHtml	img	piloris.free.fr	http://piloris.free.fr/citronn.jpg
2644	corpsHtml	img	piloris.free.fr	http://piloris.free.fr/citronn.jpg
2644	corpsHtml	img	piloris.free.fr	http://piloris.free.fr/citronn.jpg
2644	corpsHtml	img	piloris.free.fr	http://piloris.free.fr/citronn.jpg
2644	corpsHtml	img	piloris.free.fr	http://piloris.free.fr/citronn.jpg
2644	corpsHtml	img	piloris.free.fr	http://piloris.free.fr/citronn.jpg
2644	corpsHtml	img	piloris.free.fr	http://piloris.free.fr/citronn.jpg
2644	corpsHtml	img	piloris.free.fr	http://piloris.free.fr/citronn.jpg
2644	corpsHtml	img	piloris.free.fr	http://piloris.free.fr/citronn.jpg
2644	corpsHtml	img	piloris.free.fr	http://piloris.free.fr/citronn.jpg
2644	corpsHtml	img	piloris.free.fr	http://piloris.free.fr/citronn.jpg
2644	corpsHtml	img	piloris.free.fr	http://piloris.free.fr/citronn.jpg
2644	corpsHtml	img	piloris.free.fr	http://piloris.free.fr/citronn.jpg
2644	corpsHtml	img	piloris.free.fr	http://piloris.free.fr/citronn.jpg
2644	corpsHtml	img	piloris.free.fr	http://piloris.free.fr/citronn.jpg
2644	corpsHtml	img	musicontempo.free.fr	http://musicontempo.free.fr/citron.jpg
2644	corpsHtml	img	musicontempo.free.fr	http://musicontempo.free.fr/citron.jpg
2644	corpsHtml	img	musicontempo.free.fr	http://musicontempo.free.fr/citron.jpg
2644	corpsHtml	img	musicontempo.free.fr	http://musicontempo.free.fr/citron.jpg
2644	corpsHtml	img	musicontempo.free.fr	http://musicontempo.free.fr/citron.jpg
2644	corpsHtml	img	musicontempo.free.fr	http://musicontempo.free.fr/citron.jpg
2644	corpsHtml	img	musicontempo.free.fr	http://musicontempo.free.fr/citron.jpg
2644	corpsHtml	img	musicontempo.free.fr	http://musicontempo.free.fr/citron.jpg
2644	corpsHtml	img	musicontempo.free.fr	http://musicontempo.free.fr/citron.jpg
2644	corpsHtml	img	musicontempo.free.fr	http://musicontempo.free.fr/citron.jpg
2644	corpsHtml	img	musicontempo.free.fr	http://musicontempo.free.fr/citron.jpg
2644	corpsHtml	img	musicontempo.free.fr	http://musicontempo.free.fr/citron.jpg
2644	corpsHtml	img	musicontempo.free.fr	http://musicontempo.free.fr/citron.jpg
2644	corpsHtml	img	musicontempo.free.fr	http://musicontempo.free.fr/citron.jpg
2644	corpsHtml	img	musicontempo.free.fr	http://musicontempo.free.fr/citron.jpg
2644	corpsHtml	img	musicontempo.free.fr	http://musicontempo.free.fr/colere.jpg
2644	corpsHtml	img	musicontempo.free.fr	http://musicontempo.free.fr/colere.jpg
2644	corpsHtml	img	musicontempo.free.fr	http://musicontempo.free.fr/colere.jpg
2644	corpsHtml	img	musicontempo.free.fr	http://musicontempo.free.fr/colere.jpg
2644	corpsHtml	img	musicontempo.free.fr	http://musicontempo.free.fr/colere.jpg
2644	corpsHtml	img	musicontempo.free.fr	http://musicontempo.free.fr/colere.jpg
2646	corpsHtml	img	piloris.free.fr	http://piloris.free.fr/citronn.jpg
2646	corpsHtml	img	piloris.free.fr	http://piloris.free.fr/citronn.jpg
2646	corpsHtml	img	piloris.free.fr	http://piloris.free.fr/citronn.jpg
2646	corpsHtml	img	piloris.free.fr	http://piloris.free.fr/citronn.jpg
2646	corpsHtml	img	piloris.free.fr	http://piloris.free.fr/citronn.jpg
2646	corpsHtml	img	piloris.free.fr	http://piloris.free.fr/citronn.jpg
2646	corpsHtml	img	piloris.free.fr	http://piloris.free.fr/citronn.jpg
2646	corpsHtml	img	piloris.free.fr	http://piloris.free.fr/citronn.jpg
2646	corpsHtml	img	piloris.free.fr	http://piloris.free.fr/citronn.jpg
2646	corpsHtml	img	piloris.free.fr	http://piloris.free.fr/citronn.jpg
2646	corpsHtml	img	piloris.free.fr	http://piloris.free.fr/citronn.jpg
2646	corpsHtml	img	piloris.free.fr	http://piloris.free.fr/citronn.jpg
2646	corpsHtml	img	piloris.free.fr	http://piloris.free.fr/citronn.jpg
2646	corpsHtml	img	piloris.free.fr	http://piloris.free.fr/citronn.jpg
2646	corpsHtml	img	piloris.free.fr	http://piloris.free.fr/citronn.jpg
2646	corpsHtml	img	piloris.free.fr	http://piloris.free.fr/citronn.jpg
2646	corpsHtml	img	piloris.free.fr	http://piloris.free.fr/citronn.jpg
2646	corpsHtml	img	piloris.free.fr	http://piloris.free.fr/citronn.jpg
2646	corpsHtml	img	piloris.free.fr	http://piloris.free.fr/citronn.jpg
2646	corpsHtml	img	piloris.free.fr	http://piloris.free.fr/citronn.jpg
2646	corpsHtml	img	piloris.free.fr	http://piloris.free.fr/citronn.jpg
2646	corpsHtml	img	piloris.free.fr	http://piloris.free.fr/citronn.jpg
2646	corpsHtml	img	piloris.free.fr	http://piloris.free.fr/citronn.jpg
2646	corpsHtml	img	piloris.free.fr	http://piloris.free.fr/citronn.jpg
2646	corpsHtml	img	piloris.free.fr	http://piloris.free.fr/citronn.jpg
2646	corpsHtml	img	piloris.free.fr	http://piloris.free.fr/citronn.jpg
2646	corpsHtml	img	piloris.free.fr	http://piloris.free.fr/citronn.jpg
2646	corpsHtml	img	piloris.free.fr	http://piloris.free.fr/citronn.jpg
2646	corpsHtml	img	piloris.free.fr	http://piloris.free.fr/citronn.jpg
2646	corpsHtml	img	piloris.free.fr	http://piloris.free.fr/citronn.jpg
2646	corpsHtml	img	piloris.free.fr	http://piloris.free.fr/citronn.jpg
2646	corpsHtml	img	piloris.free.fr	http://piloris.free.fr/citronn.jpg
2646	corpsHtml	img	piloris.free.fr	http://piloris.free.fr/citronn.jpg
2646	corpsHtml	img	piloris.free.fr	http://piloris.free.fr/citronn.jpg
2646	corpsHtml	img	piloris.free.fr	http://piloris.free.fr/citronn.jpg
2646	corpsHtml	img	piloris.free.fr	http://piloris.free.fr/citronn.jpg
2646	corpsHtml	img	piloris.free.fr	http://piloris.free.fr/citronn.jpg
2646	corpsHtml	img	piloris.free.fr	http://piloris.free.fr/citronn.jpg
2646	corpsHtml	img	piloris.free.fr	http://piloris.free.fr/citronn.jpg
2646	corpsHtml	img	piloris.free.fr	http://piloris.free.fr/citronn.jpg
2646	corpsHtml	img	piloris.free.fr	http://piloris.free.fr/citronn.jpg
2646	corpsHtml	img	piloris.free.fr	http://piloris.free.fr/citronn.jpg
2646	corpsHtml	img	piloris.free.fr	http://piloris.free.fr/citronn.jpg
2646	corpsHtml	img	piloris.free.fr	http://piloris.free.fr/citronn.jpg
2646	corpsHtml	img	piloris.free.fr	http://piloris.free.fr/citronn.jpg
2646	corpsHtml	img	piloris.free.fr	http://piloris.free.fr/citronn.jpg
2646	corpsHtml	img	piloris.free.fr	http://piloris.free.fr/citronn.jpg
2646	corpsHtml	img	piloris.free.fr	http://piloris.free.fr/citronn.jpg
2646	corpsHtml	img	piloris.free.fr	http://piloris.free.fr/citronn.jpg
2646	corpsHtml	img	piloris.free.fr	http://piloris.free.fr/citronn.jpg
2646	corpsHtml	img	piloris.free.fr	http://piloris.free.fr/citronn.jpg
2646	corpsHtml	img	piloris.free.fr	http://piloris.free.fr/citronn.jpg
2646	corpsHtml	img	piloris.free.fr	http://piloris.free.fr/citronn.jpg
2646	corpsHtml	img	piloris.free.fr	http://piloris.free.fr/citronn.jpg
2646	corpsHtml	img	piloris.free.fr	http://piloris.free.fr/citronn.jpg
2646	corpsHtml	img	piloris.free.fr	http://piloris.free.fr/citronn.jpg
2646	corpsHtml	img	piloris.free.fr	http://piloris.free.fr/citronn.jpg
2646	corpsHtml	img	piloris.free.fr	http://piloris.free.fr/citronn.jpg
2646	corpsHtml	img	piloris.free.fr	http://piloris.free.fr/citronn.jpg
2646	corpsHtml	img	piloris.free.fr	http://piloris.free.fr/citronn.jpg
2646	corpsHtml	img	piloris.free.fr	http://piloris.free.fr/citronn.jpg
2646	corpsHtml	img	piloris.free.fr	http://piloris.free.fr/citronn.jpg
2646	corpsHtml	img	piloris.free.fr	http://piloris.free.fr/citronn.jpg
2646	corpsHtml	img	piloris.free.fr	http://piloris.free.fr/citronn.jpg
2646	corpsHtml	img	piloris.free.fr	http://piloris.free.fr/citronn.jpg
2646	corpsHtml	img	piloris.free.fr	http://piloris.free.fr/citronn.jpg
2646	corpsHtml	img	piloris.free.fr	http://piloris.free.fr/citronn.jpg
2646	corpsHtml	img	piloris.free.fr	http://piloris.free.fr/citronn.jpg
2646	corpsHtml	img	piloris.free.fr	http://piloris.free.fr/citronn.jpg
2646	corpsHtml	img	piloris.free.fr	http://piloris.free.fr/citronn.jpg
2646	corpsHtml	img	piloris.free.fr	http://piloris.free.fr/citronn.jpg
2646	corpsHtml	img	piloris.free.fr	http://piloris.free.fr/citronn.jpg
2646	corpsHtml	img	piloris.free.fr	http://piloris.free.fr/citronn.jpg
2646	corpsHtml	img	piloris.free.fr	http://piloris.free.fr/citronn.jpg
2646	corpsHtml	img	piloris.free.fr	http://piloris.free.fr/citronn.jpg
2646	corpsHtml	img	piloris.free.fr	http://piloris.free.fr/citronn.jpg
2646	corpsHtml	img	piloris.free.fr	http://piloris.free.fr/citronn.jpg
2646	corpsHtml	img	piloris.free.fr	http://piloris.free.fr/citronn.jpg
2646	corpsHtml	img	piloris.free.fr	http://piloris.free.fr/citronn.jpg
2646	corpsHtml	img	piloris.free.fr	http://piloris.free.fr/citronn.jpg
2646	corpsHtml	img	piloris.free.fr	http://piloris.free.fr/citronn.jpg
2646	corpsHtml	img	piloris.free.fr	http://piloris.free.fr/citronn.jpg
2646	corpsHtml	img	piloris.free.fr	http://piloris.free.fr/citronn.jpg
2646	corpsHtml	img	piloris.free.fr	http://piloris.free.fr/citronn.jpg
2646	corpsHtml	img	piloris.free.fr	http://piloris.free.fr/citronn.jpg
2646	corpsHtml	img	piloris.free.fr	http://piloris.free.fr/citronn.jpg
2646	corpsHtml	img	piloris.free.fr	http://piloris.free.fr/citronn.jpg
2646	corpsHtml	img	piloris.free.fr	http://piloris.free.fr/citronn.jpg
2646	corpsHtml	img	piloris.free.fr	http://piloris.free.fr/citronn.jpg
2646	corpsHtml	img	piloris.free.fr	http://piloris.free.fr/citronn.jpg
2646	corpsHtml	img	piloris.free.fr	http://piloris.free.fr/citronn.jpg
2646	corpsHtml	img	piloris.free.fr	http://piloris.free.fr/citronn.jpg
2646	corpsHtml	img	piloris.free.fr	http://piloris.free.fr/citronn.jpg
2646	corpsHtml	img	piloris.free.fr	http://piloris.free.fr/citronn.jpg
2646	corpsHtml	img	piloris.free.fr	http://piloris.free.fr/citronn.jpg
2646	corpsHtml	img	piloris.free.fr	http://piloris.free.fr/citronn.jpg
2646	corpsHtml	img	piloris.free.fr	http://piloris.free.fr/citronn.jpg
2646	corpsHtml	img	piloris.free.fr	http://piloris.free.fr/citronn.jpg
2646	corpsHtml	img	piloris.free.fr	http://piloris.free.fr/citronn.jpg
2646	corpsHtml	img	piloris.free.fr	http://piloris.free.fr/citronn.jpg
2646	corpsHtml	img	piloris.free.fr	http://piloris.free.fr/citronn.jpg
2646	corpsHtml	img	piloris.free.fr	http://piloris.free.fr/citronn.jpg
2646	corpsHtml	img	piloris.free.fr	http://piloris.free.fr/citronn.jpg
2646	corpsHtml	img	piloris.free.fr	http://piloris.free.fr/citronn.jpg
2646	corpsHtml	img	piloris.free.fr	http://piloris.free.fr/citronn.jpg
2646	corpsHtml	img	piloris.free.fr	http://piloris.free.fr/citronn.jpg
2646	corpsHtml	img	piloris.free.fr	http://piloris.free.fr/citronn.jpg
2646	corpsHtml	img	piloris.free.fr	http://piloris.free.fr/citronn.jpg
2646	corpsHtml	img	piloris.free.fr	http://piloris.free.fr/citronn.jpg
2646	corpsHtml	img	piloris.free.fr	http://piloris.free.fr/citronn.jpg
2646	corpsHtml	img	piloris.free.fr	http://piloris.free.fr/citronn.jpg
2646	corpsHtml	img	piloris.free.fr	http://piloris.free.fr/citronn.jpg
2646	corpsHtml	img	piloris.free.fr	http://piloris.free.fr/citronn.jpg
2646	corpsHtml	img	piloris.free.fr	http://piloris.free.fr/citronn.jpg
2646	corpsHtml	img	musicontempo.free.fr	http://musicontempo.free.fr/citron.jpg
2646	corpsHtml	img	musicontempo.free.fr	http://musicontempo.free.fr/citron.jpg
2646	corpsHtml	img	musicontempo.free.fr	http://musicontempo.free.fr/citron.jpg
2646	corpsHtml	img	musicontempo.free.fr	http://musicontempo.free.fr/citron.jpg
2646	corpsHtml	img	musicontempo.free.fr	http://musicontempo.free.fr/citron.jpg
2646	corpsHtml	img	musicontempo.free.fr	http://musicontempo.free.fr/citron.jpg
2646	corpsHtml	img	musicontempo.free.fr	http://musicontempo.free.fr/citron.jpg
2646	corpsHtml	img	musicontempo.free.fr	http://musicontempo.free.fr/citron.jpg
2646	corpsHtml	img	musicontempo.free.fr	http://musicontempo.free.fr/citron.jpg
2646	corpsHtml	img	musicontempo.free.fr	http://musicontempo.free.fr/citron.jpg
2646	corpsHtml	img	musicontempo.free.fr	http://musicontempo.free.fr/citron.jpg
2646	corpsHtml	img	musicontempo.free.fr	http://musicontempo.free.fr/citron.jpg
2646	corpsHtml	img	musicontempo.free.fr	http://musicontempo.free.fr/citron.jpg
2646	corpsHtml	img	musicontempo.free.fr	http://musicontempo.free.fr/citron.jpg
2646	corpsHtml	img	musicontempo.free.fr	http://musicontempo.free.fr/citron.jpg
2646	corpsHtml	img	musicontempo.free.fr	http://musicontempo.free.fr/colere.jpg
2646	corpsHtml	img	musicontempo.free.fr	http://musicontempo.free.fr/colere.jpg
2646	corpsHtml	img	musicontempo.free.fr	http://musicontempo.free.fr/colere.jpg
2646	corpsHtml	img	musicontempo.free.fr	http://musicontempo.free.fr/colere.jpg
2646	corpsHtml	img	musicontempo.free.fr	http://musicontempo.free.fr/colere.jpg
2646	corpsHtml	img	musicontempo.free.fr	http://musicontempo.free.fr/colere.jpg
2647	chapoHtml	object	operacritiques.free.fr	http://operacritiques.free.fr/css/dewplayer-multi.swf?son=http://operacritiques.free.fr/css/sons/fujikura_solaris.mp3
2649	chapoHtml	object	operacritiques.free.fr	http://operacritiques.free.fr/css/dewplayer-multi.swf?son=http://operacritiques.free.fr/css/sons/hahn_nausicaa.mp3
2650	corpsHtml	img	piloris.free.fr	http://piloris.free.fr/citronn.jpg
2650	corpsHtml	img	piloris.free.fr	http://piloris.free.fr/citronn.jpg
2650	corpsHtml	img	piloris.free.fr	http://piloris.free.fr/citronn.jpg
2650	corpsHtml	img	piloris.free.fr	http://piloris.free.fr/citronn.jpg
2650	corpsHtml	img	piloris.free.fr	http://piloris.free.fr/citronn.jpg
2650	corpsHtml	img	piloris.free.fr	http://piloris.free.fr/citronn.jpg
2650	corpsHtml	img	piloris.free.fr	http://piloris.free.fr/citronn.jpg
2650	corpsHtml	img	piloris.free.fr	http://piloris.free.fr/citronn.jpg
2650	corpsHtml	img	piloris.free.fr	http://piloris.free.fr/citronn.jpg
2650	corpsHtml	img	piloris.free.fr	http://piloris.free.fr/citronn.jpg
2650	corpsHtml	img	piloris.free.fr	http://piloris.free.fr/citronn.jpg
2650	corpsHtml	img	piloris.free.fr	http://piloris.free.fr/citronn.jpg
2650	corpsHtml	img	piloris.free.fr	http://piloris.free.fr/citronn.jpg
2650	corpsHtml	img	piloris.free.fr	http://piloris.free.fr/citronn.jpg
2650	corpsHtml	img	piloris.free.fr	http://piloris.free.fr/citronn.jpg
2650	corpsHtml	img	piloris.free.fr	http://piloris.free.fr/citronn.jpg
2650	corpsHtml	img	piloris.free.fr	http://piloris.free.fr/citronn.jpg
2650	corpsHtml	img	piloris.free.fr	http://piloris.free.fr/citronn.jpg
2650	corpsHtml	img	piloris.free.fr	http://piloris.free.fr/citronn.jpg
2650	corpsHtml	img	piloris.free.fr	http://piloris.free.fr/citronn.jpg
2650	corpsHtml	img	piloris.free.fr	http://piloris.free.fr/citronn.jpg
2650	corpsHtml	img	piloris.free.fr	http://piloris.free.fr/citronn.jpg
2650	corpsHtml	img	piloris.free.fr	http://piloris.free.fr/citronn.jpg
2650	corpsHtml	img	piloris.free.fr	http://piloris.free.fr/citronn.jpg
2650	corpsHtml	img	piloris.free.fr	http://piloris.free.fr/citronn.jpg
2650	corpsHtml	img	piloris.free.fr	http://piloris.free.fr/citronn.jpg
2650	corpsHtml	img	piloris.free.fr	http://piloris.free.fr/citronn.jpg
2650	corpsHtml	img	piloris.free.fr	http://piloris.free.fr/citronn.jpg
2650	corpsHtml	img	piloris.free.fr	http://piloris.free.fr/citronn.jpg
2650	corpsHtml	img	piloris.free.fr	http://piloris.free.fr/citronn.jpg
2650	corpsHtml	img	piloris.free.fr	http://piloris.free.fr/citronn.jpg
2650	corpsHtml	img	piloris.free.fr	http://piloris.free.fr/citronn.jpg
2650	corpsHtml	img	piloris.free.fr	http://piloris.free.fr/citronn.jpg
2650	corpsHtml	img	piloris.free.fr	http://piloris.free.fr/citronn.jpg
2650	corpsHtml	img	piloris.free.fr	http://piloris.free.fr/citronn.jpg
2650	corpsHtml	img	piloris.free.fr	http://piloris.free.fr/citronn.jpg
2650	corpsHtml	img	piloris.free.fr	http://piloris.free.fr/citronn.jpg
2650	corpsHtml	img	piloris.free.fr	http://piloris.free.fr/citronn.jpg
2650	corpsHtml	img	piloris.free.fr	http://piloris.free.fr/citronn.jpg
2650	corpsHtml	img	piloris.free.fr	http://piloris.free.fr/citronn.jpg
2650	corpsHtml	img	piloris.free.fr	http://piloris.free.fr/citronn.jpg
2650	corpsHtml	img	piloris.free.fr	http://piloris.free.fr/citronn.jpg
2650	corpsHtml	img	piloris.free.fr	http://piloris.free.fr/citronn.jpg
2650	corpsHtml	img	piloris.free.fr	http://piloris.free.fr/citronn.jpg
2650	corpsHtml	img	piloris.free.fr	http://piloris.free.fr/citronn.jpg
2650	corpsHtml	img	piloris.free.fr	http://piloris.free.fr/citronn.jpg
2650	corpsHtml	img	piloris.free.fr	http://piloris.free.fr/citronn.jpg
2650	corpsHtml	img	piloris.free.fr	http://piloris.free.fr/citronn.jpg
2650	corpsHtml	img	piloris.free.fr	http://piloris.free.fr/citronn.jpg
2650	corpsHtml	img	piloris.free.fr	http://piloris.free.fr/citronn.jpg
2650	corpsHtml	img	piloris.free.fr	http://piloris.free.fr/citronn.jpg
2650	corpsHtml	img	piloris.free.fr	http://piloris.free.fr/citronn.jpg
2650	corpsHtml	img	piloris.free.fr	http://piloris.free.fr/citronn.jpg
2650	corpsHtml	img	piloris.free.fr	http://piloris.free.fr/citronn.jpg
2650	corpsHtml	img	piloris.free.fr	http://piloris.free.fr/citronn.jpg
2650	corpsHtml	img	piloris.free.fr	http://piloris.free.fr/citronn.jpg
2650	corpsHtml	img	piloris.free.fr	http://piloris.free.fr/citronn.jpg
2650	corpsHtml	img	piloris.free.fr	http://piloris.free.fr/citronn.jpg
2650	corpsHtml	img	piloris.free.fr	http://piloris.free.fr/citronn.jpg
2650	corpsHtml	img	piloris.free.fr	http://piloris.free.fr/citronn.jpg
2650	corpsHtml	img	piloris.free.fr	http://piloris.free.fr/citronn.jpg
2650	corpsHtml	img	piloris.free.fr	http://piloris.free.fr/citronn.jpg
2650	corpsHtml	img	piloris.free.fr	http://piloris.free.fr/citronn.jpg
2650	corpsHtml	img	piloris.free.fr	http://piloris.free.fr/citronn.jpg
2650	corpsHtml	img	piloris.free.fr	http://piloris.free.fr/citronn.jpg
2650	corpsHtml	img	piloris.free.fr	http://piloris.free.fr/citronn.jpg
2650	corpsHtml	img	piloris.free.fr	http://piloris.free.fr/citronn.jpg
2650	corpsHtml	img	piloris.free.fr	http://piloris.free.fr/citronn.jpg
2650	corpsHtml	img	piloris.free.fr	http://piloris.free.fr/citronn.jpg
2650	corpsHtml	img	piloris.free.fr	http://piloris.free.fr/citronn.jpg
2650	corpsHtml	img	piloris.free.fr	http://piloris.free.fr/citronn.jpg
2650	corpsHtml	img	piloris.free.fr	http://piloris.free.fr/citronn.jpg
2650	corpsHtml	img	piloris.free.fr	http://piloris.free.fr/citronn.jpg
2650	corpsHtml	img	piloris.free.fr	http://piloris.free.fr/citronn.jpg
2650	corpsHtml	img	piloris.free.fr	http://piloris.free.fr/citronn.jpg
2650	corpsHtml	img	piloris.free.fr	http://piloris.free.fr/citronn.jpg
2650	corpsHtml	img	piloris.free.fr	http://piloris.free.fr/citronn.jpg
2650	corpsHtml	img	piloris.free.fr	http://piloris.free.fr/citronn.jpg
2650	corpsHtml	img	piloris.free.fr	http://piloris.free.fr/citronn.jpg
2650	corpsHtml	img	piloris.free.fr	http://piloris.free.fr/citronn.jpg
2650	corpsHtml	img	piloris.free.fr	http://piloris.free.fr/citronn.jpg
2650	corpsHtml	img	piloris.free.fr	http://piloris.free.fr/citronn.jpg
2650	corpsHtml	img	piloris.free.fr	http://piloris.free.fr/citronn.jpg
2650	corpsHtml	img	piloris.free.fr	http://piloris.free.fr/citronn.jpg
2650	corpsHtml	img	piloris.free.fr	http://piloris.free.fr/citronn.jpg
2650	corpsHtml	img	piloris.free.fr	http://piloris.free.fr/citronn.jpg
2650	corpsHtml	img	piloris.free.fr	http://piloris.free.fr/citronn.jpg
2650	corpsHtml	img	piloris.free.fr	http://piloris.free.fr/citronn.jpg
2650	corpsHtml	img	piloris.free.fr	http://piloris.free.fr/citronn.jpg
2650	corpsHtml	img	piloris.free.fr	http://piloris.free.fr/citronn.jpg
2650	corpsHtml	img	piloris.free.fr	http://piloris.free.fr/citronn.jpg
2650	corpsHtml	img	piloris.free.fr	http://piloris.free.fr/citronn.jpg
2650	corpsHtml	img	piloris.free.fr	http://piloris.free.fr/citronn.jpg
2650	corpsHtml	img	piloris.free.fr	http://piloris.free.fr/citronn.jpg
2650	corpsHtml	img	piloris.free.fr	http://piloris.free.fr/citronn.jpg
2650	corpsHtml	img	piloris.free.fr	http://piloris.free.fr/citronn.jpg
2650	corpsHtml	img	piloris.free.fr	http://piloris.free.fr/citronn.jpg
2650	corpsHtml	img	piloris.free.fr	http://piloris.free.fr/citronn.jpg
2650	corpsHtml	img	piloris.free.fr	http://piloris.free.fr/citronn.jpg
2650	corpsHtml	img	piloris.free.fr	http://piloris.free.fr/citronn.jpg
2650	corpsHtml	img	piloris.free.fr	http://piloris.free.fr/citronn.jpg
2650	corpsHtml	img	piloris.free.fr	http://piloris.free.fr/citronn.jpg
2650	corpsHtml	img	piloris.free.fr	http://piloris.free.fr/citronn.jpg
2650	corpsHtml	img	piloris.free.fr	http://piloris.free.fr/citronn.jpg
2650	corpsHtml	img	piloris.free.fr	http://piloris.free.fr/citronn.jpg
2650	corpsHtml	img	piloris.free.fr	http://piloris.free.fr/citronn.jpg
2650	corpsHtml	img	piloris.free.fr	http://piloris.free.fr/citronn.jpg
2650	corpsHtml	img	piloris.free.fr	http://piloris.free.fr/citronn.jpg
2650	corpsHtml	img	piloris.free.fr	http://piloris.free.fr/citronn.jpg
2650	corpsHtml	img	piloris.free.fr	http://piloris.free.fr/citronn.jpg
2650	corpsHtml	img	piloris.free.fr	http://piloris.free.fr/citronn.jpg
2650	corpsHtml	img	piloris.free.fr	http://piloris.free.fr/citronn.jpg
2650	corpsHtml	img	piloris.free.fr	http://piloris.free.fr/citronn.jpg
2650	corpsHtml	img	piloris.free.fr	http://piloris.free.fr/citronn.jpg
2650	corpsHtml	img	piloris.free.fr	http://piloris.free.fr/citronn.jpg
2650	corpsHtml	img	piloris.free.fr	http://piloris.free.fr/citronn.jpg
2650	corpsHtml	img	piloris.free.fr	http://piloris.free.fr/citronn.jpg
2650	corpsHtml	img	piloris.free.fr	http://piloris.free.fr/citronn.jpg
2650	corpsHtml	img	piloris.free.fr	http://piloris.free.fr/citronn.jpg
2650	corpsHtml	img	piloris.free.fr	http://piloris.free.fr/citronn.jpg
2650	corpsHtml	img	piloris.free.fr	http://piloris.free.fr/citronn.jpg
2650	corpsHtml	img	piloris.free.fr	http://piloris.free.fr/citronn.jpg
2650	corpsHtml	img	piloris.free.fr	http://piloris.free.fr/citronn.jpg
2650	corpsHtml	img	piloris.free.fr	http://piloris.free.fr/citronn.jpg
2650	corpsHtml	img	piloris.free.fr	http://piloris.free.fr/citronn.jpg
2650	corpsHtml	img	piloris.free.fr	http://piloris.free.fr/citronn.jpg
2650	corpsHtml	img	piloris.free.fr	http://piloris.free.fr/citronn.jpg
2650	corpsHtml	img	piloris.free.fr	http://piloris.free.fr/citronn.jpg
2650	corpsHtml	img	piloris.free.fr	http://piloris.free.fr/citronn.jpg
2650	corpsHtml	img	piloris.free.fr	http://piloris.free.fr/citronn.jpg
2650	corpsHtml	img	piloris.free.fr	http://piloris.free.fr/citronn.jpg
2650	corpsHtml	img	piloris.free.fr	http://piloris.free.fr/citronn.jpg
2650	corpsHtml	img	piloris.free.fr	http://piloris.free.fr/citronn.jpg
2650	corpsHtml	img	piloris.free.fr	http://piloris.free.fr/citronn.jpg
2650	corpsHtml	img	piloris.free.fr	http://piloris.free.fr/citronn.jpg
2650	corpsHtml	img	piloris.free.fr	http://piloris.free.fr/citronn.jpg
2650	corpsHtml	img	piloris.free.fr	http://piloris.free.fr/citronn.jpg
2650	corpsHtml	img	piloris.free.fr	http://piloris.free.fr/citronn.jpg
2650	corpsHtml	img	piloris.free.fr	http://piloris.free.fr/citronn.jpg
2650	corpsHtml	img	piloris.free.fr	http://piloris.free.fr/citronn.jpg
2650	corpsHtml	img	piloris.free.fr	http://piloris.free.fr/citronn.jpg
2650	corpsHtml	img	piloris.free.fr	http://piloris.free.fr/citronn.jpg
2650	corpsHtml	img	piloris.free.fr	http://piloris.free.fr/citronn.jpg
2650	corpsHtml	img	piloris.free.fr	http://piloris.free.fr/citronn.jpg
2650	corpsHtml	img	piloris.free.fr	http://piloris.free.fr/citronn.jpg
2650	corpsHtml	img	piloris.free.fr	http://piloris.free.fr/citronn.jpg
2650	corpsHtml	img	piloris.free.fr	http://piloris.free.fr/citronn.jpg
2650	corpsHtml	img	piloris.free.fr	http://piloris.free.fr/citronn.jpg
2650	corpsHtml	img	piloris.free.fr	http://piloris.free.fr/citronn.jpg
2650	corpsHtml	img	piloris.free.fr	http://piloris.free.fr/citronn.jpg
2650	corpsHtml	img	piloris.free.fr	http://piloris.free.fr/citronn.jpg
2650	corpsHtml	img	piloris.free.fr	http://piloris.free.fr/citronn.jpg
2650	corpsHtml	img	piloris.free.fr	http://piloris.free.fr/citronn.jpg
2650	corpsHtml	img	piloris.free.fr	http://piloris.free.fr/citronn.jpg
2650	corpsHtml	img	piloris.free.fr	http://piloris.free.fr/citronn.jpg
2650	corpsHtml	img	piloris.free.fr	http://piloris.free.fr/citronn.jpg
2650	corpsHtml	img	piloris.free.fr	http://piloris.free.fr/citronn.jpg
2650	corpsHtml	img	piloris.free.fr	http://piloris.free.fr/citronn.jpg
2650	corpsHtml	img	piloris.free.fr	http://piloris.free.fr/citronn.jpg
2650	corpsHtml	img	piloris.free.fr	http://piloris.free.fr/citronn.jpg
2650	corpsHtml	img	piloris.free.fr	http://piloris.free.fr/citronn.jpg
2650	corpsHtml	img	piloris.free.fr	http://piloris.free.fr/citronn.jpg
2650	corpsHtml	img	piloris.free.fr	http://piloris.free.fr/citronn.jpg
2650	corpsHtml	img	piloris.free.fr	http://piloris.free.fr/citronn.jpg
2650	corpsHtml	img	piloris.free.fr	http://piloris.free.fr/citronn.jpg
2650	corpsHtml	img	piloris.free.fr	http://piloris.free.fr/citronn.jpg
2650	corpsHtml	img	piloris.free.fr	http://piloris.free.fr/citronn.jpg
2650	corpsHtml	img	piloris.free.fr	http://piloris.free.fr/citronn.jpg
2650	corpsHtml	img	piloris.free.fr	http://piloris.free.fr/citronn.jpg
2650	corpsHtml	img	piloris.free.fr	http://piloris.free.fr/citronn.jpg
2650	corpsHtml	img	piloris.free.fr	http://piloris.free.fr/citronn.jpg
2650	corpsHtml	img	piloris.free.fr	http://piloris.free.fr/citronn.jpg
2650	corpsHtml	img	piloris.free.fr	http://piloris.free.fr/citronn.jpg
2650	corpsHtml	img	piloris.free.fr	http://piloris.free.fr/citronn.jpg
2650	corpsHtml	img	piloris.free.fr	http://piloris.free.fr/citronn.jpg
2650	corpsHtml	img	piloris.free.fr	http://piloris.free.fr/citronn.jpg
2650	corpsHtml	img	piloris.free.fr	http://piloris.free.fr/citronn.jpg
2650	corpsHtml	img	piloris.free.fr	http://piloris.free.fr/citronn.jpg
2650	corpsHtml	img	piloris.free.fr	http://piloris.free.fr/citronn.jpg
2650	corpsHtml	img	piloris.free.fr	http://piloris.free.fr/citronn.jpg
2650	corpsHtml	img	piloris.free.fr	http://piloris.free.fr/citronn.jpg
2650	corpsHtml	img	piloris.free.fr	http://piloris.free.fr/citronn.jpg
2650	corpsHtml	img	piloris.free.fr	http://piloris.free.fr/citronn.jpg
2650	corpsHtml	img	piloris.free.fr	http://piloris.free.fr/citronn.jpg
2650	corpsHtml	img	piloris.free.fr	http://piloris.free.fr/citronn.jpg
2650	corpsHtml	img	piloris.free.fr	http://piloris.free.fr/citronn.jpg
2650	corpsHtml	img	piloris.free.fr	http://piloris.free.fr/citronn.jpg
2650	corpsHtml	img	piloris.free.fr	http://piloris.free.fr/citronn.jpg
2650	corpsHtml	img	piloris.free.fr	http://piloris.free.fr/citronn.jpg
2650	corpsHtml	img	piloris.free.fr	http://piloris.free.fr/citronn.jpg
2650	corpsHtml	img	piloris.free.fr	http://piloris.free.fr/citronn.jpg
2650	corpsHtml	img	piloris.free.fr	http://piloris.free.fr/citronn.jpg
2650	corpsHtml	img	piloris.free.fr	http://piloris.free.fr/citronn.jpg
2650	corpsHtml	img	piloris.free.fr	http://piloris.free.fr/citronn.jpg
2650	corpsHtml	img	piloris.free.fr	http://piloris.free.fr/citronn.jpg
2650	corpsHtml	img	piloris.free.fr	http://piloris.free.fr/citronn.jpg
2650	corpsHtml	img	piloris.free.fr	http://piloris.free.fr/citronn.jpg
2650	corpsHtml	img	piloris.free.fr	http://piloris.free.fr/citronn.jpg
2650	corpsHtml	img	piloris.free.fr	http://piloris.free.fr/citronn.jpg
2650	corpsHtml	img	piloris.free.fr	http://piloris.free.fr/citronn.jpg
2650	corpsHtml	img	piloris.free.fr	http://piloris.free.fr/citronn.jpg
2650	corpsHtml	img	piloris.free.fr	http://piloris.free.fr/citronn.jpg
2650	corpsHtml	img	piloris.free.fr	http://piloris.free.fr/citronn.jpg
2650	corpsHtml	img	piloris.free.fr	http://piloris.free.fr/citronn.jpg
2650	corpsHtml	img	piloris.free.fr	http://piloris.free.fr/citronn.jpg
2650	corpsHtml	img	piloris.free.fr	http://piloris.free.fr/citronn.jpg
2650	corpsHtml	img	piloris.free.fr	http://piloris.free.fr/citronn.jpg
2650	corpsHtml	img	piloris.free.fr	http://piloris.free.fr/citronn.jpg
2650	corpsHtml	img	piloris.free.fr	http://piloris.free.fr/citronn.jpg
2650	corpsHtml	img	piloris.free.fr	http://piloris.free.fr/citronn.jpg
2650	corpsHtml	img	piloris.free.fr	http://piloris.free.fr/citronn.jpg
2650	corpsHtml	img	piloris.free.fr	http://piloris.free.fr/citronn.jpg
2650	corpsHtml	img	piloris.free.fr	http://piloris.free.fr/citronn.jpg
2650	corpsHtml	img	musicontempo.free.fr	http://musicontempo.free.fr/citron.jpg
2650	corpsHtml	img	musicontempo.free.fr	http://musicontempo.free.fr/citron.jpg
2650	corpsHtml	img	musicontempo.free.fr	http://musicontempo.free.fr/citron.jpg
2650	corpsHtml	img	musicontempo.free.fr	http://musicontempo.free.fr/citron.jpg
2650	corpsHtml	img	musicontempo.free.fr	http://musicontempo.free.fr/citron.jpg
2650	corpsHtml	img	musicontempo.free.fr	http://musicontempo.free.fr/citron.jpg
2650	corpsHtml	img	musicontempo.free.fr	http://musicontempo.free.fr/citron.jpg
2650	corpsHtml	img	musicontempo.free.fr	http://musicontempo.free.fr/citron.jpg
2650	corpsHtml	img	musicontempo.free.fr	http://musicontempo.free.fr/citron.jpg
2650	corpsHtml	img	musicontempo.free.fr	http://musicontempo.free.fr/citron.jpg
2650	corpsHtml	img	musicontempo.free.fr	http://musicontempo.free.fr/citron.jpg
2650	corpsHtml	img	musicontempo.free.fr	http://musicontempo.free.fr/citron.jpg
2650	corpsHtml	img	musicontempo.free.fr	http://musicontempo.free.fr/citron.jpg
2650	corpsHtml	img	musicontempo.free.fr	http://musicontempo.free.fr/citron.jpg
2650	corpsHtml	img	musicontempo.free.fr	http://musicontempo.free.fr/citron.jpg
2650	corpsHtml	img	musicontempo.free.fr	http://musicontempo.free.fr/colere.jpg
2650	corpsHtml	img	musicontempo.free.fr	http://musicontempo.free.fr/colere.jpg
2650	corpsHtml	img	musicontempo.free.fr	http://musicontempo.free.fr/colere.jpg
2650	corpsHtml	img	musicontempo.free.fr	http://musicontempo.free.fr/colere.jpg
2650	corpsHtml	img	musicontempo.free.fr	http://musicontempo.free.fr/colere.jpg
2650	corpsHtml	img	musicontempo.free.fr	http://musicontempo.free.fr/colere.jpg
2653	corpsHtml	img	piloris.free.fr	http://piloris.free.fr/citronn.jpg
2653	corpsHtml	img	piloris.free.fr	http://piloris.free.fr/citronn.jpg
2653	corpsHtml	img	piloris.free.fr	http://piloris.free.fr/citronn.jpg
2653	corpsHtml	img	piloris.free.fr	http://piloris.free.fr/citronn.jpg
2653	corpsHtml	img	piloris.free.fr	http://piloris.free.fr/citronn.jpg
2653	corpsHtml	img	piloris.free.fr	http://piloris.free.fr/citronn.jpg
2653	corpsHtml	img	piloris.free.fr	http://piloris.free.fr/citronn.jpg
2653	corpsHtml	img	piloris.free.fr	http://piloris.free.fr/citronn.jpg
2653	corpsHtml	img	piloris.free.fr	http://piloris.free.fr/citronn.jpg
2653	corpsHtml	img	piloris.free.fr	http://piloris.free.fr/citronn.jpg
2653	corpsHtml	img	piloris.free.fr	http://piloris.free.fr/citronn.jpg
2653	corpsHtml	img	piloris.free.fr	http://piloris.free.fr/citronn.jpg
2653	corpsHtml	img	piloris.free.fr	http://piloris.free.fr/citronn.jpg
2653	corpsHtml	img	piloris.free.fr	http://piloris.free.fr/citronn.jpg
2653	corpsHtml	img	piloris.free.fr	http://piloris.free.fr/citronn.jpg
2653	corpsHtml	img	piloris.free.fr	http://piloris.free.fr/citronn.jpg
2653	corpsHtml	img	piloris.free.fr	http://piloris.free.fr/citronn.jpg
2653	corpsHtml	img	piloris.free.fr	http://piloris.free.fr/citronn.jpg
2653	corpsHtml	img	piloris.free.fr	http://piloris.free.fr/citronn.jpg
2653	corpsHtml	img	piloris.free.fr	http://piloris.free.fr/citronn.jpg
2653	corpsHtml	img	piloris.free.fr	http://piloris.free.fr/citronn.jpg
2653	corpsHtml	img	piloris.free.fr	http://piloris.free.fr/citronn.jpg
2653	corpsHtml	img	piloris.free.fr	http://piloris.free.fr/citronn.jpg
2653	corpsHtml	img	piloris.free.fr	http://piloris.free.fr/citronn.jpg
2653	corpsHtml	img	piloris.free.fr	http://piloris.free.fr/citronn.jpg
2653	corpsHtml	img	piloris.free.fr	http://piloris.free.fr/citronn.jpg
2653	corpsHtml	img	piloris.free.fr	http://piloris.free.fr/citronn.jpg
2653	corpsHtml	img	piloris.free.fr	http://piloris.free.fr/citronn.jpg
2653	corpsHtml	img	piloris.free.fr	http://piloris.free.fr/citronn.jpg
2653	corpsHtml	img	piloris.free.fr	http://piloris.free.fr/citronn.jpg
2653	corpsHtml	img	piloris.free.fr	http://piloris.free.fr/citronn.jpg
2653	corpsHtml	img	piloris.free.fr	http://piloris.free.fr/citronn.jpg
2653	corpsHtml	img	piloris.free.fr	http://piloris.free.fr/citronn.jpg
2653	corpsHtml	img	piloris.free.fr	http://piloris.free.fr/citronn.jpg
2653	corpsHtml	img	piloris.free.fr	http://piloris.free.fr/citronn.jpg
2653	corpsHtml	img	piloris.free.fr	http://piloris.free.fr/citronn.jpg
2653	corpsHtml	img	piloris.free.fr	http://piloris.free.fr/citronn.jpg
2653	corpsHtml	img	piloris.free.fr	http://piloris.free.fr/citronn.jpg
2653	corpsHtml	img	piloris.free.fr	http://piloris.free.fr/citronn.jpg
2653	corpsHtml	img	piloris.free.fr	http://piloris.free.fr/citronn.jpg
2653	corpsHtml	img	piloris.free.fr	http://piloris.free.fr/citronn.jpg
2653	corpsHtml	img	piloris.free.fr	http://piloris.free.fr/citronn.jpg
2653	corpsHtml	img	piloris.free.fr	http://piloris.free.fr/citronn.jpg
2653	corpsHtml	img	piloris.free.fr	http://piloris.free.fr/citronn.jpg
2653	corpsHtml	img	piloris.free.fr	http://piloris.free.fr/citronn.jpg
2653	corpsHtml	img	piloris.free.fr	http://piloris.free.fr/citronn.jpg
2653	corpsHtml	img	piloris.free.fr	http://piloris.free.fr/citronn.jpg
2653	corpsHtml	img	piloris.free.fr	http://piloris.free.fr/citronn.jpg
2653	corpsHtml	img	piloris.free.fr	http://piloris.free.fr/citronn.jpg
2653	corpsHtml	img	piloris.free.fr	http://piloris.free.fr/citronn.jpg
2653	corpsHtml	img	piloris.free.fr	http://piloris.free.fr/citronn.jpg
2653	corpsHtml	img	piloris.free.fr	http://piloris.free.fr/citronn.jpg
2653	corpsHtml	img	piloris.free.fr	http://piloris.free.fr/citronn.jpg
2653	corpsHtml	img	piloris.free.fr	http://piloris.free.fr/citronn.jpg
2653	corpsHtml	img	piloris.free.fr	http://piloris.free.fr/citronn.jpg
2653	corpsHtml	img	piloris.free.fr	http://piloris.free.fr/citronn.jpg
2653	corpsHtml	img	piloris.free.fr	http://piloris.free.fr/citronn.jpg
2653	corpsHtml	img	piloris.free.fr	http://piloris.free.fr/citronn.jpg
2653	corpsHtml	img	piloris.free.fr	http://piloris.free.fr/citronn.jpg
2653	corpsHtml	img	piloris.free.fr	http://piloris.free.fr/citronn.jpg
2653	corpsHtml	img	piloris.free.fr	http://piloris.free.fr/citronn.jpg
2653	corpsHtml	img	piloris.free.fr	http://piloris.free.fr/citronn.jpg
2653	corpsHtml	img	piloris.free.fr	http://piloris.free.fr/citronn.jpg
2653	corpsHtml	img	piloris.free.fr	http://piloris.free.fr/citronn.jpg
2653	corpsHtml	img	piloris.free.fr	http://piloris.free.fr/citronn.jpg
2653	corpsHtml	img	piloris.free.fr	http://piloris.free.fr/citronn.jpg
2653	corpsHtml	img	piloris.free.fr	http://piloris.free.fr/citronn.jpg
2653	corpsHtml	img	piloris.free.fr	http://piloris.free.fr/citronn.jpg
2653	corpsHtml	img	piloris.free.fr	http://piloris.free.fr/citronn.jpg
2653	corpsHtml	img	piloris.free.fr	http://piloris.free.fr/citronn.jpg
2653	corpsHtml	img	piloris.free.fr	http://piloris.free.fr/citronn.jpg
2653	corpsHtml	img	piloris.free.fr	http://piloris.free.fr/citronn.jpg
2653	corpsHtml	img	piloris.free.fr	http://piloris.free.fr/citronn.jpg
2653	corpsHtml	img	piloris.free.fr	http://piloris.free.fr/citronn.jpg
2653	corpsHtml	img	piloris.free.fr	http://piloris.free.fr/citronn.jpg
2653	corpsHtml	img	piloris.free.fr	http://piloris.free.fr/citronn.jpg
2653	corpsHtml	img	piloris.free.fr	http://piloris.free.fr/citronn.jpg
2653	corpsHtml	img	piloris.free.fr	http://piloris.free.fr/citronn.jpg
2653	corpsHtml	img	piloris.free.fr	http://piloris.free.fr/citronn.jpg
2653	corpsHtml	img	piloris.free.fr	http://piloris.free.fr/citronn.jpg
2653	corpsHtml	img	piloris.free.fr	http://piloris.free.fr/citronn.jpg
2653	corpsHtml	img	piloris.free.fr	http://piloris.free.fr/citronn.jpg
2653	corpsHtml	img	piloris.free.fr	http://piloris.free.fr/citronn.jpg
2653	corpsHtml	img	piloris.free.fr	http://piloris.free.fr/citronn.jpg
2653	corpsHtml	img	piloris.free.fr	http://piloris.free.fr/citronn.jpg
2653	corpsHtml	img	piloris.free.fr	http://piloris.free.fr/citronn.jpg
2653	corpsHtml	img	piloris.free.fr	http://piloris.free.fr/citronn.jpg
2653	corpsHtml	img	piloris.free.fr	http://piloris.free.fr/citronn.jpg
2653	corpsHtml	img	piloris.free.fr	http://piloris.free.fr/citronn.jpg
2653	corpsHtml	img	piloris.free.fr	http://piloris.free.fr/citronn.jpg
2653	corpsHtml	img	piloris.free.fr	http://piloris.free.fr/citronn.jpg
2653	corpsHtml	img	piloris.free.fr	http://piloris.free.fr/citronn.jpg
2653	corpsHtml	img	piloris.free.fr	http://piloris.free.fr/citronn.jpg
2653	corpsHtml	img	piloris.free.fr	http://piloris.free.fr/citronn.jpg
2653	corpsHtml	img	piloris.free.fr	http://piloris.free.fr/citronn.jpg
2653	corpsHtml	img	piloris.free.fr	http://piloris.free.fr/citronn.jpg
2653	corpsHtml	img	piloris.free.fr	http://piloris.free.fr/citronn.jpg
2653	corpsHtml	img	piloris.free.fr	http://piloris.free.fr/citronn.jpg
2653	corpsHtml	img	piloris.free.fr	http://piloris.free.fr/citronn.jpg
2653	corpsHtml	img	piloris.free.fr	http://piloris.free.fr/citronn.jpg
2653	corpsHtml	img	piloris.free.fr	http://piloris.free.fr/citronn.jpg
2653	corpsHtml	img	piloris.free.fr	http://piloris.free.fr/citronn.jpg
2653	corpsHtml	img	piloris.free.fr	http://piloris.free.fr/citronn.jpg
2653	corpsHtml	img	piloris.free.fr	http://piloris.free.fr/citronn.jpg
2653	corpsHtml	img	piloris.free.fr	http://piloris.free.fr/citronn.jpg
2653	corpsHtml	img	piloris.free.fr	http://piloris.free.fr/citronn.jpg
2653	corpsHtml	img	piloris.free.fr	http://piloris.free.fr/citronn.jpg
2653	corpsHtml	img	piloris.free.fr	http://piloris.free.fr/citronn.jpg
2653	corpsHtml	img	piloris.free.fr	http://piloris.free.fr/citronn.jpg
2653	corpsHtml	img	piloris.free.fr	http://piloris.free.fr/citronn.jpg
2653	corpsHtml	img	piloris.free.fr	http://piloris.free.fr/citronn.jpg
2653	corpsHtml	img	piloris.free.fr	http://piloris.free.fr/citronn.jpg
2653	corpsHtml	img	piloris.free.fr	http://piloris.free.fr/citronn.jpg
2653	corpsHtml	img	piloris.free.fr	http://piloris.free.fr/citronn.jpg
2653	corpsHtml	img	piloris.free.fr	http://piloris.free.fr/citronn.jpg
2653	corpsHtml	img	piloris.free.fr	http://piloris.free.fr/citronn.jpg
2653	corpsHtml	img	piloris.free.fr	http://piloris.free.fr/citronn.jpg
2653	corpsHtml	img	piloris.free.fr	http://piloris.free.fr/citronn.jpg
2653	corpsHtml	img	piloris.free.fr	http://piloris.free.fr/citronn.jpg
2653	corpsHtml	img	piloris.free.fr	http://piloris.free.fr/citronn.jpg
2653	corpsHtml	img	piloris.free.fr	http://piloris.free.fr/citronn.jpg
2653	corpsHtml	img	piloris.free.fr	http://piloris.free.fr/citronn.jpg
2653	corpsHtml	img	piloris.free.fr	http://piloris.free.fr/citronn.jpg
2653	corpsHtml	img	piloris.free.fr	http://piloris.free.fr/citronn.jpg
2653	corpsHtml	img	piloris.free.fr	http://piloris.free.fr/citronn.jpg
2653	corpsHtml	img	piloris.free.fr	http://piloris.free.fr/citronn.jpg
2653	corpsHtml	img	piloris.free.fr	http://piloris.free.fr/citronn.jpg
2653	corpsHtml	img	piloris.free.fr	http://piloris.free.fr/citronn.jpg
2653	corpsHtml	img	piloris.free.fr	http://piloris.free.fr/citronn.jpg
2653	corpsHtml	img	piloris.free.fr	http://piloris.free.fr/citronn.jpg
2653	corpsHtml	img	piloris.free.fr	http://piloris.free.fr/citronn.jpg
2653	corpsHtml	img	piloris.free.fr	http://piloris.free.fr/citronn.jpg
2653	corpsHtml	img	piloris.free.fr	http://piloris.free.fr/citronn.jpg
2653	corpsHtml	img	piloris.free.fr	http://piloris.free.fr/citronn.jpg
2653	corpsHtml	img	piloris.free.fr	http://piloris.free.fr/citronn.jpg
2653	corpsHtml	img	piloris.free.fr	http://piloris.free.fr/citronn.jpg
2653	corpsHtml	img	piloris.free.fr	http://piloris.free.fr/citronn.jpg
2653	corpsHtml	img	piloris.free.fr	http://piloris.free.fr/citronn.jpg
2653	corpsHtml	img	piloris.free.fr	http://piloris.free.fr/citronn.jpg
2653	corpsHtml	img	piloris.free.fr	http://piloris.free.fr/citronn.jpg
2653	corpsHtml	img	piloris.free.fr	http://piloris.free.fr/citronn.jpg
2653	corpsHtml	img	piloris.free.fr	http://piloris.free.fr/citronn.jpg
2653	corpsHtml	img	piloris.free.fr	http://piloris.free.fr/citronn.jpg
2653	corpsHtml	img	piloris.free.fr	http://piloris.free.fr/citronn.jpg
2653	corpsHtml	img	piloris.free.fr	http://piloris.free.fr/citronn.jpg
2653	corpsHtml	img	piloris.free.fr	http://piloris.free.fr/citronn.jpg
2653	corpsHtml	img	piloris.free.fr	http://piloris.free.fr/citronn.jpg
2653	corpsHtml	img	piloris.free.fr	http://piloris.free.fr/citronn.jpg
2653	corpsHtml	img	piloris.free.fr	http://piloris.free.fr/citronn.jpg
2653	corpsHtml	img	piloris.free.fr	http://piloris.free.fr/citronn.jpg
2653	corpsHtml	img	piloris.free.fr	http://piloris.free.fr/citronn.jpg
2653	corpsHtml	img	piloris.free.fr	http://piloris.free.fr/citronn.jpg
2653	corpsHtml	img	piloris.free.fr	http://piloris.free.fr/citronn.jpg
2653	corpsHtml	img	piloris.free.fr	http://piloris.free.fr/citronn.jpg
2653	corpsHtml	img	piloris.free.fr	http://piloris.free.fr/citronn.jpg
2653	corpsHtml	img	piloris.free.fr	http://piloris.free.fr/citronn.jpg
2653	corpsHtml	img	piloris.free.fr	http://piloris.free.fr/citronn.jpg
2653	corpsHtml	img	piloris.free.fr	http://piloris.free.fr/citronn.jpg
2653	corpsHtml	img	piloris.free.fr	http://piloris.free.fr/citronn.jpg
2653	corpsHtml	img	piloris.free.fr	http://piloris.free.fr/citronn.jpg
2653	corpsHtml	img	piloris.free.fr	http://piloris.free.fr/citronn.jpg
2653	corpsHtml	img	piloris.free.fr	http://piloris.free.fr/citronn.jpg
2653	corpsHtml	img	piloris.free.fr	http://piloris.free.fr/citronn.jpg
2653	corpsHtml	img	piloris.free.fr	http://piloris.free.fr/citronn.jpg
2653	corpsHtml	img	piloris.free.fr	http://piloris.free.fr/citronn.jpg
2653	corpsHtml	img	piloris.free.fr	http://piloris.free.fr/citronn.jpg
2653	corpsHtml	img	piloris.free.fr	http://piloris.free.fr/citronn.jpg
2653	corpsHtml	img	piloris.free.fr	http://piloris.free.fr/citronn.jpg
2653	corpsHtml	img	piloris.free.fr	http://piloris.free.fr/citronn.jpg
2653	corpsHtml	img	piloris.free.fr	http://piloris.free.fr/citronn.jpg
2653	corpsHtml	img	piloris.free.fr	http://piloris.free.fr/citronn.jpg
2653	corpsHtml	img	piloris.free.fr	http://piloris.free.fr/citronn.jpg
2653	corpsHtml	img	piloris.free.fr	http://piloris.free.fr/citronn.jpg
2653	corpsHtml	img	piloris.free.fr	http://piloris.free.fr/citronn.jpg
2653	corpsHtml	img	piloris.free.fr	http://piloris.free.fr/citronn.jpg
2653	corpsHtml	img	piloris.free.fr	http://piloris.free.fr/citronn.jpg
2653	corpsHtml	img	piloris.free.fr	http://piloris.free.fr/citronn.jpg
2653	corpsHtml	img	piloris.free.fr	http://piloris.free.fr/citronn.jpg
2653	corpsHtml	img	piloris.free.fr	http://piloris.free.fr/citronn.jpg
2653	corpsHtml	img	piloris.free.fr	http://piloris.free.fr/citronn.jpg
2653	corpsHtml	img	piloris.free.fr	http://piloris.free.fr/citronn.jpg
2653	corpsHtml	img	piloris.free.fr	http://piloris.free.fr/citronn.jpg
2653	corpsHtml	img	piloris.free.fr	http://piloris.free.fr/citronn.jpg
2653	corpsHtml	img	piloris.free.fr	http://piloris.free.fr/citronn.jpg
2653	corpsHtml	img	piloris.free.fr	http://piloris.free.fr/citronn.jpg
2653	corpsHtml	img	piloris.free.fr	http://piloris.free.fr/citronn.jpg
2653	corpsHtml	img	piloris.free.fr	http://piloris.free.fr/citronn.jpg
2653	corpsHtml	img	piloris.free.fr	http://piloris.free.fr/citronn.jpg
2653	corpsHtml	img	piloris.free.fr	http://piloris.free.fr/citronn.jpg
2653	corpsHtml	img	piloris.free.fr	http://piloris.free.fr/citronn.jpg
2653	corpsHtml	img	piloris.free.fr	http://piloris.free.fr/citronn.jpg
2653	corpsHtml	img	piloris.free.fr	http://piloris.free.fr/citronn.jpg
2653	corpsHtml	img	piloris.free.fr	http://piloris.free.fr/citronn.jpg
2653	corpsHtml	img	piloris.free.fr	http://piloris.free.fr/citronn.jpg
2653	corpsHtml	img	piloris.free.fr	http://piloris.free.fr/citronn.jpg
2653	corpsHtml	img	piloris.free.fr	http://piloris.free.fr/citronn.jpg
2653	corpsHtml	img	piloris.free.fr	http://piloris.free.fr/citronn.jpg
2653	corpsHtml	img	piloris.free.fr	http://piloris.free.fr/citronn.jpg
2653	corpsHtml	img	piloris.free.fr	http://piloris.free.fr/citronn.jpg
2653	corpsHtml	img	piloris.free.fr	http://piloris.free.fr/citronn.jpg
2653	corpsHtml	img	piloris.free.fr	http://piloris.free.fr/citronn.jpg
2653	corpsHtml	img	piloris.free.fr	http://piloris.free.fr/citronn.jpg
2653	corpsHtml	img	piloris.free.fr	http://piloris.free.fr/citronn.jpg
2653	corpsHtml	img	piloris.free.fr	http://piloris.free.fr/citronn.jpg
2653	corpsHtml	img	piloris.free.fr	http://piloris.free.fr/citronn.jpg
2653	corpsHtml	img	piloris.free.fr	http://piloris.free.fr/citronn.jpg
2653	corpsHtml	img	piloris.free.fr	http://piloris.free.fr/citronn.jpg
2653	corpsHtml	img	piloris.free.fr	http://piloris.free.fr/citronn.jpg
2653	corpsHtml	img	piloris.free.fr	http://piloris.free.fr/citronn.jpg
2653	corpsHtml	img	piloris.free.fr	http://piloris.free.fr/citronn.jpg
2653	corpsHtml	img	piloris.free.fr	http://piloris.free.fr/citronn.jpg
2653	corpsHtml	img	piloris.free.fr	http://piloris.free.fr/citronn.jpg
2653	corpsHtml	img	piloris.free.fr	http://piloris.free.fr/citronn.jpg
2653	corpsHtml	img	piloris.free.fr	http://piloris.free.fr/citronn.jpg
2653	corpsHtml	img	piloris.free.fr	http://piloris.free.fr/citronn.jpg
2653	corpsHtml	img	piloris.free.fr	http://piloris.free.fr/citronn.jpg
2653	corpsHtml	img	piloris.free.fr	http://piloris.free.fr/citronn.jpg
2653	corpsHtml	img	piloris.free.fr	http://piloris.free.fr/citronn.jpg
2653	corpsHtml	img	piloris.free.fr	http://piloris.free.fr/citronn.jpg
2653	corpsHtml	img	piloris.free.fr	http://piloris.free.fr/citronn.jpg
2653	corpsHtml	img	piloris.free.fr	http://piloris.free.fr/citronn.jpg
2653	corpsHtml	img	piloris.free.fr	http://piloris.free.fr/citronn.jpg
2653	corpsHtml	img	piloris.free.fr	http://piloris.free.fr/citronn.jpg
2653	corpsHtml	img	piloris.free.fr	http://piloris.free.fr/citronn.jpg
2653	corpsHtml	img	piloris.free.fr	http://piloris.free.fr/citronn.jpg
2653	corpsHtml	img	piloris.free.fr	http://piloris.free.fr/citronn.jpg
2653	corpsHtml	img	piloris.free.fr	http://piloris.free.fr/citronn.jpg
2653	corpsHtml	img	piloris.free.fr	http://piloris.free.fr/citronn.jpg
2653	corpsHtml	img	piloris.free.fr	http://piloris.free.fr/citronn.jpg
2653	corpsHtml	img	piloris.free.fr	http://piloris.free.fr/citronn.jpg
2653	corpsHtml	img	piloris.free.fr	http://piloris.free.fr/citronn.jpg
2653	corpsHtml	img	piloris.free.fr	http://piloris.free.fr/citronn.jpg
2653	corpsHtml	img	piloris.free.fr	http://piloris.free.fr/citronn.jpg
2653	corpsHtml	img	piloris.free.fr	http://piloris.free.fr/citronn.jpg
2653	corpsHtml	img	piloris.free.fr	http://piloris.free.fr/citronn.jpg
2653	corpsHtml	img	piloris.free.fr	http://piloris.free.fr/citronn.jpg
2653	corpsHtml	img	piloris.free.fr	http://piloris.free.fr/citronn.jpg
2653	corpsHtml	img	piloris.free.fr	http://piloris.free.fr/citronn.jpg
2653	corpsHtml	img	piloris.free.fr	http://piloris.free.fr/citronn.jpg
2653	corpsHtml	img	piloris.free.fr	http://piloris.free.fr/citronn.jpg
2653	corpsHtml	img	piloris.free.fr	http://piloris.free.fr/citronn.jpg
2653	corpsHtml	img	piloris.free.fr	http://piloris.free.fr/citronn.jpg
2653	corpsHtml	img	piloris.free.fr	http://piloris.free.fr/citronn.jpg
2653	corpsHtml	img	piloris.free.fr	http://piloris.free.fr/citronn.jpg
2653	corpsHtml	img	piloris.free.fr	http://piloris.free.fr/citronn.jpg
2653	corpsHtml	img	piloris.free.fr	http://piloris.free.fr/citronn.jpg
2653	corpsHtml	img	piloris.free.fr	http://piloris.free.fr/citronn.jpg
2653	corpsHtml	img	piloris.free.fr	http://piloris.free.fr/citronn.jpg
2653	corpsHtml	img	piloris.free.fr	http://piloris.free.fr/citronn.jpg
2653	corpsHtml	img	piloris.free.fr	http://piloris.free.fr/citronn.jpg
2653	corpsHtml	img	piloris.free.fr	http://piloris.free.fr/citronn.jpg
2653	corpsHtml	img	piloris.free.fr	http://piloris.free.fr/citronn.jpg
2653	corpsHtml	img	piloris.free.fr	http://piloris.free.fr/citronn.jpg
2653	corpsHtml	img	piloris.free.fr	http://piloris.free.fr/citronn.jpg
2653	corpsHtml	img	piloris.free.fr	http://piloris.free.fr/citronn.jpg
2653	corpsHtml	img	piloris.free.fr	http://piloris.free.fr/citronn.jpg
2653	corpsHtml	img	piloris.free.fr	http://piloris.free.fr/citronn.jpg
2653	corpsHtml	img	piloris.free.fr	http://piloris.free.fr/citronn.jpg
2653	corpsHtml	img	piloris.free.fr	http://piloris.free.fr/citronn.jpg
2653	corpsHtml	img	piloris.free.fr	http://piloris.free.fr/citronn.jpg
2653	corpsHtml	img	piloris.free.fr	http://piloris.free.fr/citronn.jpg
2653	corpsHtml	img	piloris.free.fr	http://piloris.free.fr/citronn.jpg
2653	corpsHtml	img	piloris.free.fr	http://piloris.free.fr/citronn.jpg
2653	corpsHtml	img	piloris.free.fr	http://piloris.free.fr/citronn.jpg
2653	corpsHtml	img	piloris.free.fr	http://piloris.free.fr/citronn.jpg
2653	corpsHtml	img	piloris.free.fr	http://piloris.free.fr/citronn.jpg
2653	corpsHtml	img	piloris.free.fr	http://piloris.free.fr/citronn.jpg
2653	corpsHtml	img	piloris.free.fr	http://piloris.free.fr/citronn.jpg
2653	corpsHtml	img	piloris.free.fr	http://piloris.free.fr/citronn.jpg
2653	corpsHtml	img	piloris.free.fr	http://piloris.free.fr/citronn.jpg
2653	corpsHtml	img	piloris.free.fr	http://piloris.free.fr/citronn.jpg
2653	corpsHtml	img	piloris.free.fr	http://piloris.free.fr/citronn.jpg
2653	corpsHtml	img	piloris.free.fr	http://piloris.free.fr/citronn.jpg
2653	corpsHtml	img	piloris.free.fr	http://piloris.free.fr/citronn.jpg
2653	corpsHtml	img	piloris.free.fr	http://piloris.free.fr/citronn.jpg
2653	corpsHtml	img	piloris.free.fr	http://piloris.free.fr/citronn.jpg
2653	corpsHtml	img	piloris.free.fr	http://piloris.free.fr/citronn.jpg
2653	corpsHtml	img	piloris.free.fr	http://piloris.free.fr/citronn.jpg
2653	corpsHtml	img	piloris.free.fr	http://piloris.free.fr/citronn.jpg
2653	corpsHtml	img	piloris.free.fr	http://piloris.free.fr/citronn.jpg
2653	corpsHtml	img	piloris.free.fr	http://piloris.free.fr/citronn.jpg
2653	corpsHtml	img	piloris.free.fr	http://piloris.free.fr/citronn.jpg
2653	corpsHtml	img	piloris.free.fr	http://piloris.free.fr/citronn.jpg
2653	corpsHtml	img	piloris.free.fr	http://piloris.free.fr/citronn.jpg
2653	corpsHtml	img	piloris.free.fr	http://piloris.free.fr/citronn.jpg
2653	corpsHtml	img	piloris.free.fr	http://piloris.free.fr/citronn.jpg
2653	corpsHtml	img	piloris.free.fr	http://piloris.free.fr/citronn.jpg
2653	corpsHtml	img	piloris.free.fr	http://piloris.free.fr/citronn.jpg
2653	corpsHtml	img	piloris.free.fr	http://piloris.free.fr/citronn.jpg
2653	corpsHtml	img	piloris.free.fr	http://piloris.free.fr/citronn.jpg
2653	corpsHtml	img	piloris.free.fr	http://piloris.free.fr/citronn.jpg
2653	corpsHtml	img	piloris.free.fr	http://piloris.free.fr/citronn.jpg
2653	corpsHtml	img	piloris.free.fr	http://piloris.free.fr/citronn.jpg
2653	corpsHtml	img	piloris.free.fr	http://piloris.free.fr/citronn.jpg
2653	corpsHtml	img	piloris.free.fr	http://piloris.free.fr/citronn.jpg
2653	corpsHtml	img	piloris.free.fr	http://piloris.free.fr/citronn.jpg
2653	corpsHtml	img	piloris.free.fr	http://piloris.free.fr/citronn.jpg
2653	corpsHtml	img	piloris.free.fr	http://piloris.free.fr/citronn.jpg
2653	corpsHtml	img	piloris.free.fr	http://piloris.free.fr/citronn.jpg
2653	corpsHtml	img	piloris.free.fr	http://piloris.free.fr/citronn.jpg
2653	corpsHtml	img	piloris.free.fr	http://piloris.free.fr/citronn.jpg
2653	corpsHtml	img	piloris.free.fr	http://piloris.free.fr/citronn.jpg
2653	corpsHtml	img	piloris.free.fr	http://piloris.free.fr/citronn.jpg
2653	corpsHtml	img	piloris.free.fr	http://piloris.free.fr/citronn.jpg
2653	corpsHtml	img	piloris.free.fr	http://piloris.free.fr/citronn.jpg
2653	corpsHtml	img	piloris.free.fr	http://piloris.free.fr/citronn.jpg
2653	corpsHtml	img	piloris.free.fr	http://piloris.free.fr/citronn.jpg
2653	corpsHtml	img	piloris.free.fr	http://piloris.free.fr/citronn.jpg
2653	corpsHtml	img	piloris.free.fr	http://piloris.free.fr/citronn.jpg
2653	corpsHtml	img	piloris.free.fr	http://piloris.free.fr/citronn.jpg
2653	corpsHtml	img	piloris.free.fr	http://piloris.free.fr/citronn.jpg
2653	corpsHtml	img	piloris.free.fr	http://piloris.free.fr/citronn.jpg
2653	corpsHtml	img	piloris.free.fr	http://piloris.free.fr/citronn.jpg
2653	corpsHtml	img	piloris.free.fr	http://piloris.free.fr/citronn.jpg
2653	corpsHtml	img	piloris.free.fr	http://piloris.free.fr/citronn.jpg
2653	corpsHtml	img	piloris.free.fr	http://piloris.free.fr/citronn.jpg
2653	corpsHtml	img	piloris.free.fr	http://piloris.free.fr/citronn.jpg
2653	corpsHtml	img	piloris.free.fr	http://piloris.free.fr/citronn.jpg
2653	corpsHtml	img	piloris.free.fr	http://piloris.free.fr/citronn.jpg
2653	corpsHtml	img	piloris.free.fr	http://piloris.free.fr/citronn.jpg
2653	corpsHtml	img	piloris.free.fr	http://piloris.free.fr/citronn.jpg
2653	corpsHtml	img	piloris.free.fr	http://piloris.free.fr/citronn.jpg
2653	corpsHtml	img	piloris.free.fr	http://piloris.free.fr/citronn.jpg
2653	corpsHtml	img	piloris.free.fr	http://piloris.free.fr/citronn.jpg
2653	corpsHtml	img	piloris.free.fr	http://piloris.free.fr/citronn.jpg
2653	corpsHtml	img	piloris.free.fr	http://piloris.free.fr/citronn.jpg
2653	corpsHtml	img	piloris.free.fr	http://piloris.free.fr/citronn.jpg
2653	corpsHtml	img	piloris.free.fr	http://piloris.free.fr/citronn.jpg
2653	corpsHtml	img	piloris.free.fr	http://piloris.free.fr/citronn.jpg
2653	corpsHtml	img	piloris.free.fr	http://piloris.free.fr/citronn.jpg
2653	corpsHtml	img	piloris.free.fr	http://piloris.free.fr/citronn.jpg
2653	corpsHtml	img	piloris.free.fr	http://piloris.free.fr/citronn.jpg
2653	corpsHtml	img	piloris.free.fr	http://piloris.free.fr/citronn.jpg
2653	corpsHtml	img	piloris.free.fr	http://piloris.free.fr/citronn.jpg
2653	corpsHtml	img	piloris.free.fr	http://piloris.free.fr/citronn.jpg
2653	corpsHtml	img	piloris.free.fr	http://piloris.free.fr/citronn.jpg
2653	corpsHtml	img	piloris.free.fr	http://piloris.free.fr/citronn.jpg
2653	corpsHtml	img	piloris.free.fr	http://piloris.free.fr/citronn.jpg
2653	corpsHtml	img	piloris.free.fr	http://piloris.free.fr/citronn.jpg
2653	corpsHtml	img	piloris.free.fr	http://piloris.free.fr/citronn.jpg
2653	corpsHtml	img	piloris.free.fr	http://piloris.free.fr/citronn.jpg
2653	corpsHtml	img	piloris.free.fr	http://piloris.free.fr/citronn.jpg
2653	corpsHtml	img	piloris.free.fr	http://piloris.free.fr/citronn.jpg
2653	corpsHtml	img	piloris.free.fr	http://piloris.free.fr/citronn.jpg
2653	corpsHtml	img	piloris.free.fr	http://piloris.free.fr/citronn.jpg
2653	corpsHtml	img	piloris.free.fr	http://piloris.free.fr/citronn.jpg
2653	corpsHtml	img	piloris.free.fr	http://piloris.free.fr/citronn.jpg
2653	corpsHtml	img	piloris.free.fr	http://piloris.free.fr/citronn.jpg
2653	corpsHtml	img	piloris.free.fr	http://piloris.free.fr/citronn.jpg
2653	corpsHtml	img	piloris.free.fr	http://piloris.free.fr/citronn.jpg
2653	corpsHtml	img	piloris.free.fr	http://piloris.free.fr/citronn.jpg
2653	corpsHtml	img	piloris.free.fr	http://piloris.free.fr/citronn.jpg
2653	corpsHtml	img	piloris.free.fr	http://piloris.free.fr/citronn.jpg
2653	corpsHtml	img	piloris.free.fr	http://piloris.free.fr/citronn.jpg
2653	corpsHtml	img	piloris.free.fr	http://piloris.free.fr/citronn.jpg
2653	corpsHtml	img	piloris.free.fr	http://piloris.free.fr/citronn.jpg
2653	corpsHtml	img	piloris.free.fr	http://piloris.free.fr/citronn.jpg
2653	corpsHtml	img	piloris.free.fr	http://piloris.free.fr/citronn.jpg
2653	corpsHtml	img	piloris.free.fr	http://piloris.free.fr/citronn.jpg
2653	corpsHtml	img	piloris.free.fr	http://piloris.free.fr/citronn.jpg
2653	corpsHtml	img	piloris.free.fr	http://piloris.free.fr/citronn.jpg
2653	corpsHtml	img	piloris.free.fr	http://piloris.free.fr/citronn.jpg
2653	corpsHtml	img	piloris.free.fr	http://piloris.free.fr/citronn.jpg
2653	corpsHtml	img	piloris.free.fr	http://piloris.free.fr/citronn.jpg
2653	corpsHtml	img	piloris.free.fr	http://piloris.free.fr/citronn.jpg
2653	corpsHtml	img	piloris.free.fr	http://piloris.free.fr/citronn.jpg
2653	corpsHtml	img	piloris.free.fr	http://piloris.free.fr/citronn.jpg
2653	corpsHtml	img	piloris.free.fr	http://piloris.free.fr/citronn.jpg
2653	corpsHtml	img	piloris.free.fr	http://piloris.free.fr/citronn.jpg
2653	corpsHtml	img	piloris.free.fr	http://piloris.free.fr/citronn.jpg
2653	corpsHtml	img	piloris.free.fr	http://piloris.free.fr/citronn.jpg
2653	corpsHtml	img	piloris.free.fr	http://piloris.free.fr/citronn.jpg
2653	corpsHtml	img	piloris.free.fr	http://piloris.free.fr/citronn.jpg
2653	corpsHtml	img	piloris.free.fr	http://piloris.free.fr/citronn.jpg
2653	corpsHtml	img	musicontempo.free.fr	http://musicontempo.free.fr/citron.jpg
2653	corpsHtml	img	musicontempo.free.fr	http://musicontempo.free.fr/citron.jpg
2653	corpsHtml	img	musicontempo.free.fr	http://musicontempo.free.fr/citron.jpg
2653	corpsHtml	img	musicontempo.free.fr	http://musicontempo.free.fr/citron.jpg
2653	corpsHtml	img	musicontempo.free.fr	http://musicontempo.free.fr/citron.jpg
2653	corpsHtml	img	musicontempo.free.fr	http://musicontempo.free.fr/citron.jpg
2653	corpsHtml	img	musicontempo.free.fr	http://musicontempo.free.fr/citron.jpg
2653	corpsHtml	img	musicontempo.free.fr	http://musicontempo.free.fr/citron.jpg
2653	corpsHtml	img	musicontempo.free.fr	http://musicontempo.free.fr/citron.jpg
2653	corpsHtml	img	musicontempo.free.fr	http://musicontempo.free.fr/citron.jpg
2653	corpsHtml	img	musicontempo.free.fr	http://musicontempo.free.fr/citron.jpg
2653	corpsHtml	img	musicontempo.free.fr	http://musicontempo.free.fr/citron.jpg
2653	corpsHtml	img	musicontempo.free.fr	http://musicontempo.free.fr/citron.jpg
2653	corpsHtml	img	musicontempo.free.fr	http://musicontempo.free.fr/citron.jpg
2653	corpsHtml	img	musicontempo.free.fr	http://musicontempo.free.fr/citron.jpg
2653	corpsHtml	img	musicontempo.free.fr	http://musicontempo.free.fr/colere.jpg
2653	corpsHtml	img	musicontempo.free.fr	http://musicontempo.free.fr/colere.jpg
2653	corpsHtml	img	musicontempo.free.fr	http://musicontempo.free.fr/colere.jpg
2653	corpsHtml	img	musicontempo.free.fr	http://musicontempo.free.fr/colere.jpg
2653	corpsHtml	img	musicontempo.free.fr	http://musicontempo.free.fr/colere.jpg
2653	corpsHtml	img	musicontempo.free.fr	http://musicontempo.free.fr/colere.jpg
2658	corpsHtml	lien	filefactory.com	http://filefactory.com/file/z4jajcn3m27/herold%20pre%20clercs%20benedetti%201959.mp3
266	chapoHtml	img	upload.wikimedia.org	http://upload.wikimedia.org/wikipedia/commons/thumb/8/84/Hesiod.jpg/180px-Hesiod.jpg
2661	chapoHtml	iframe	www.deezer.com	http://www.deezer.com/plugins/player?autoplay=false&playlist=false&width=700&height=80&cover=true&type=playlist&id=6706873&title=&app_id=undefined
2662	corpsHtml	object	operacritiques.free.fr	http://operacritiques.free.fr/css/dewplayer-multi.swf?son=http://operacritiques.free.fr/css/sons/rusalka_unissons.mp3
2662	corpsHtml	object	operacritiques.free.fr	http://operacritiques.free.fr/css/dewplayer-multi.swf?son=http://operacritiques.free.fr/css/sons/rusalka_tristan.mp3
2662	corpsHtml	object	operacritiques.free.fr	http://operacritiques.free.fr/css/dewplayer-multi.swf?son=http://operacritiques.free.fr/css/sons/rusalka_gurnemanz.mp3
2662	corpsHtml	object	operacritiques.free.fr	http://operacritiques.free.fr/css/dewplayer-multi.swf?son=http://operacritiques.free.fr/css/sons/rusalka_trompette.mp3
2666	corpsHtml	object	operacritiques.free.fr	http://operacritiques.free.fr/css/dewplayer-multi.swf?son=http://operacritiques.free.fr/css/sons/boulez_orestie.mp3
2666	corpsHtml	lien	operacritiques.free.fr	http://operacritiques.free.fr/css/sons/boulez_orestie.mp3
2666	chapoHtml	object	operacritiques.free.fr	http://operacritiques.free.fr/css/dewplayer-multi.swf?son=http://operacritiques.free.fr/css/sons/boulez_agamemnon.mp3|http://operacritiques.free.fr/css/sons/boulez_renaud.mp3
2670	chapoHtml	object	operacritiques.free.fr	http://operacritiques.free.fr/css/dewplayer-multi.swf?son=http://operacritiques.free.fr/css/sons/selig_huber_lieder_stephan_schwanengesang.mp3
2672	corpsHtml	object	operacritiques.free.fr	http://operacritiques.free.fr/css/dewplayer-multi.swf?son=http://operacritiques.free.fr/css/sons/vampyr_fr_ruthven_dlm_castaing.mp3
2676	corpsHtml	object	operacritiques.free.fr	http://operacritiques.free.fr/css/dewplayer-multi.swf?son=http://operacritiques.free.fr/css/sons/devinette_de_mai_2015.mp3
2676	corpsHtml	object	operacritiques.free.fr	http://operacritiques.free.fr/css/dewplayer-multi.swf?son=http://operacritiques.free.fr/css/sons/myst_77.mp3
268	chapoHtml	img	images.encarta.msn.com	http://images.encarta.msn.com/xrefmedia/sharemed/targets/images/pho/t013/T013058A.jsm
2682	corpsHtml	object	operacritiques.free.fr	http://operacritiques.free.fr/css/dewplayer-multi.swf?son=http://operacritiques.free.fr/css/sons/uthal_bbc.mp3
2682	corpsHtml	object	operacritiques.free.fr	http://operacritiques.free.fr/css/dewplayer-multi.swf?son=http://operacritiques.free.fr/css/sons/lesueur_osssian.mp3
2682	corpsHtml	lien	operacritiques.free.fr	http://operacritiques.free.fr/css/images/uthal_notes.pdf
2684	corpsHtml	object	operacritiques.free.fr	http://operacritiques.free.fr/css/dewplayer-multi.swf?son=http://operacritiques.free.fr/css/sons/myst_15-06-07.mp3
2690	corpsHtml	iframe	www.deezer.com	http://www.deezer.com/plugins/player?format=classic&autoplay=false&playlist=true&width=700&height=290&color=1990DB&layout=dark&size=medium&type=album&id=1567105&title=&app_id=1
2690	corpsHtml	iframe	www.deezer.com	http://www.deezer.com/plugins/player?format=classic&autoplay=false&playlist=true&width=700&height=290&color=1990DB&layout=dark&size=medium&type=album&id=9892636&title=&app_id=1
2693	corpsHtml	object	operacritiques.free.fr	http://operacritiques.free.fr/css/dewplayer-multi.swf?son=http://operacritiques.free.fr/css/sons/winterreise_chihara.mp3
2693	corpsHtml	object	operacritiques.free.fr	http://operacritiques.free.fr/css/dewplayer-multi.swf?son=http://operacritiques.free.fr/css/sons/schumann_gottwald.mp3
2694	corpsHtml	iframe	www.deezer.com	http://www.deezer.com/plugins/player?format=classic&autoplay=false&playlist=true&width=700&height=290&color=1990DB&layout=dark&size=medium&type=album&id=6687219&title=&app_id=1
2695	corpsHtml	object	operacritiques.free.fr	http://operacritiques.free.fr/css/dewplayer-multi.swf?son=http://operacritiques.free.fr/css/sons/suoni_la_tromba_14_juillet.mp3
2695	corpsHtml	object	operacritiques.free.fr	http://operacritiques.free.fr/css/dewplayer-multi.swf?son=http://operacritiques.free.fr/css/sons/suoni_tromba_blanc_modesti_gui.mp3
2695	corpsHtml	object	operacritiques.free.fr	http://operacritiques.free.fr/css/dewplayer-multi.swf?son=http://operacritiques.free.fr/css/sons/marseillaise_berlioz.mp3
2695	corpsHtml	object	operacritiques.free.fr	http://operacritiques.free.fr/css/dewplayer-multi.swf?son=http://operacritiques.free.fr/css/sons/marseillaise_modulation.mp3
2695	corpsHtml	object	operacritiques.free.fr	http://operacritiques.free.fr/css/dewplayer-multi.swf?son=http://operacritiques.free.fr/css/sons/marseillaise_rubato.mp3
2699	corpsHtml	object	operacritiques.free.fr	http://operacritiques.free.fr/css/dewplayer-multi.swf?son=http://operacritiques.free.fr/css/sons/don_carlo_abbado_1977_revelation.mp3
2699	corpsHtml	object	operacritiques.free.fr	http://operacritiques.free.fr/css/dewplayer-multi.swf?son=http://operacritiques.free.fr/css/sons/don_carlo_abbado_1978_revelation.mp3
2704	corpsHtml	object	operacritiques.free.fr	http://operacritiques.free.fr/css/dewplayer-multi.swf?son=http://operacritiques.free.fr/css/sons/devinette_555b.mp3
2704	corpsHtml	object	operacritiques.free.fr	http://operacritiques.free.fr/css/dewplayer-multi.swf?son=http://operacritiques.free.fr/css/sons/devinette_555c.mp3
2704	corpsHtml	object	operacritiques.free.fr	http://operacritiques.free.fr/css/dewplayer-multi.swf?son=http://operacritiques.free.fr/css/sons/devinette_555d.mp3
2704	chapoHtml	object	operacritiques.free.fr	http://operacritiques.free.fr/css/dewplayer-multi.swf?son=http://operacritiques.free.fr/css/sons/devinette_555a.mp3
2706	corpsHtml	audio	operacritiques.free.fr	http://operacritiques.free.fr/css/sons/gretry_guesler.mp3
2706	corpsHtml	audio	operacritiques.free.fr	http://operacritiques.free.fr/css/sons/gretry_tell_repetitions_acte_ii.mp3
2706	corpsHtml	audio	operacritiques.free.fr	http://operacritiques.free.fr/css/sons/gretry_voisine.mp3
2706	corpsHtml	audio	operacritiques.free.fr	http://operacritiques.free.fr/css/sons/gretry_coudrette.mp3
2707	corpsHtml	object	operacritiques.free.fr	http://operacritiques.free.fr/css/dewplayer-multi.swf?son=http://operacritiques.free.fr/css/sons/devinette_556.mp3
2711	corpsHtml	audio	operacritiques.free.fr	http://operacritiques.free.fr/css/sons/meisel_berlin_acte_i.mp3
2712	corpsHtml	audio	operacritiques.free.fr	http://operacritiques.free.fr/css/sons/gezeichneten_gielen_07-Track-07.mp3
2712	corpsHtml	audio	operacritiques.free.fr	http://operacritiques.free.fr/css/sons/gezeichneten_gielen_08-Track-08.mp3
272	chapoHtml	img	www.theepochtimes.com	http://www.theepochtimes.com/news_images/2005-2-1-nub-2.jpg
2727	corpsHtml	audio	operacritiques.free.fr	http://operacritiques.free.fr/css/sons/celeste_corelli.mp3
2727	corpsHtml	audio	operacritiques.free.fr	http://operacritiques.free.fr/css/sons/celeste_kaufmann.mp3
2727	corpsHtml	audio	operacritiques.free.fr	http://operacritiques.free.fr/css/sons/celeste_vickers.mp3
2727	corpsHtml	audio	operacritiques.free.fr	http://operacritiques.free.fr/css/sons/celeste_carreras.mp3
2727	corpsHtml	audio	operacritiques.free.fr	http://operacritiques.free.fr/css/sons/celeste_pavarotti.mp3
2727	corpsHtml	audio	operacritiques.free.fr	http://operacritiques.free.fr/css/sons/celeste_bergonzi.mp3
2727	corpsHtml	audio	operacritiques.free.fr	http://operacritiques.free.fr/css/sons/celeste_domingo.mp3
2742	corpsHtml	audio	operacritiques.free.fr	http://operacritiques.free.fr/css/sons/damnation_hermanis_huees_3_saluts.mp3
2742	corpsHtml	audio	operacritiques.free.fr	http://operacritiques.free.fr/css/sons/damnation_hermanis_huees_1_precipite.mp3
2742	corpsHtml	audio	operacritiques.free.fr	http://operacritiques.free.fr/css/sons/damnation_hermanis_huees_2_ardente.mp3
2745	corpsHtml	audio	operacritiques.free.fr	http://operacritiques.free.fr/css/sons/damnation_hermanis_huees_3_saluts.mp3
2745	corpsHtml	audio	operacritiques.free.fr	http://operacritiques.free.fr/css/sons/damnation_hermanis_huees_1_precipite.mp3
2745	corpsHtml	audio	operacritiques.free.fr	http://operacritiques.free.fr/css/sons/damnation_hermanis_huees_2_ardente.mp3
2757	corpsHtml	img	operacritiques.free.fr	http://operacritiques.free.fr/css/images/putto5.png
2757	corpsHtml	img	operacritiques.free.fr	http://operacritiques.free.fr/css/images/putto3.png
2757	corpsHtml	img	operacritiques.free.fr	http://operacritiques.free.fr/css/images/putto3.png
2757	corpsHtml	img	operacritiques.free.fr	http://operacritiques.free.fr/css/images/putto4.png
2757	corpsHtml	img	operacritiques.free.fr	http://operacritiques.free.fr/css/images/putto3.png
2757	corpsHtml	img	operacritiques.free.fr	http://operacritiques.free.fr/css/images/putto5.png
2757	corpsHtml	img	operacritiques.free.fr	http://operacritiques.free.fr/css/images/putto4.png
2757	corpsHtml	img	operacritiques.free.fr	http://operacritiques.free.fr/css/images/putto4.png
2757	corpsHtml	img	operacritiques.free.fr	http://operacritiques.free.fr/css/images/putto3.png
2757	corpsHtml	img	operacritiques.free.fr	http://operacritiques.free.fr/css/images/putto4.png
2757	corpsHtml	img	operacritiques.free.fr	http://operacritiques.free.fr/css/images/putto5.png
2757	corpsHtml	img	operacritiques.free.fr	http://operacritiques.free.fr/css/images/putto4.png
2757	corpsHtml	img	operacritiques.free.fr	http://operacritiques.free.fr/css/images/putto3.png
2757	corpsHtml	img	operacritiques.free.fr	http://operacritiques.free.fr/css/images/putto3.png
2757	corpsHtml	img	operacritiques.free.fr	http://operacritiques.free.fr/css/images/putto3.png
2769	corpsHtml	video	operacritiques.free.fr	http://operacritiques.free.fr/css/sons/rossi_extt.mp4
277	chapoHtml	img	timbresponts.free.fr	http://timbresponts.free.fr/peintures/images_peintures/Chine/taiwan2005a.jpg
2771	corpsHtml	audio	operacritiques.free.fr	http://operacritiques.free.fr/css/sons/orfeo_hindemith_harnoncourt_debut.mp3
2771	corpsHtml	audio	operacritiques.free.fr	http://operacritiques.free.fr/css/sons/orfeo_hindemith_harnoncourt_styx.mp3
2771	corpsHtml	audio	operacritiques.free.fr	http://operacritiques.free.fr/css/sons/orfeo_hindemith_harnoncourt_cetra.mp3
2776	corpsHtml	audio	operacritiques.free.fr	http://operacritiques.free.fr/css/sons/instant_gilles.mp3
2776	corpsHtml	audio	operacritiques.free.fr	http://operacritiques.free.fr/css/sons/instant_moderato.mp3
2776	corpsHtml	audio	operacritiques.free.fr	http://operacritiques.free.fr/css/sons/instant_beeth_symph_2.mp3
2776	corpsHtml	audio	carnetsol.fr	http://carnetsol.fr/css/sons/instant_beeth_symph_3.mp3
2776	corpsHtml	audio	carnetsol.fr	http://carnetsol.fr/css/sons/instant_czerny.mp3
2776	corpsHtml	audio	carnetsol.fr	http://carnetsol.fr/css/sons/instant_mendelssohn_trio_expo.mp3
2776	corpsHtml	audio	carnetsol.fr	http://carnetsol.fr/css/sons/instant_rhenane.mp3
2776	corpsHtml	audio	operacritiques.free.fr	http://operacritiques.free.fr/css/sons/instant_crucis.mp3
2776	corpsHtml	audio	carnetsol.fr	http://carnetsol.fr/css/sons/instant_brahms_quintette_scherzo_b.mp3
2776	corpsHtml	audio	operacritiques.free.fr	http://operacritiques.free.fr/css/sons/instant_dubois.mp3
2776	corpsHtml	audio	carnetsol.fr	http://carnetsol.fr/css/sons/instant_fried.mp3
2776	corpsHtml	audio	carnetsol.fr	http://carnetsol.fr/css/sons/instant_schwartz.mp3
2776	corpsHtml	audio	carnetsol.fr	http://carnetsol.fr/css/sons/instant_chryso.mp3
2776	corpsHtml	audio	operacritiques.free.fr	http://operacritiques.free.fr/css/sons/myst_napo.mp3
2776	corpsHtml	audio	operacritiques.free.fr	http://operacritiques.free.fr/css/sons/fanfare.mp3
2780	corpsHtml	audio	operacritiques.free.fr	http://operacritiques.free.fr/css/sons/passion_gardiner-i.mp3
2780	corpsHtml	audio	operacritiques.free.fr	http://operacritiques.free.fr/css/sons/passion_harnoncourt-iii.mp3
2780	corpsHtml	audio	operacritiques.free.fr	http://operacritiques.free.fr/css/sons/passion_parrott.mp3
2780	corpsHtml	audio	operacritiques.free.fr	http://operacritiques.free.fr/css/sons/passion_fasolis.mp3
2780	corpsHtml	audio	operacritiques.free.fr	http://operacritiques.free.fr/css/sons/passion_pichon.mp3
2780	corpsHtml	audio	operacritiques.free.fr	http://operacritiques.free.fr/css/sons/passion_herreweghe-i.mp3
2780	corpsHtml	audio	operacritiques.free.fr	http://operacritiques.free.fr/css/sons/passion_takehisa.mp3
2783	corpsHtml	lien	www.iremus.cnrs.fr	http://www.iremus.cnrs.fr/sites/default/files/programme_colloque_persee_-_versailles_-_1770.pdf
279	chapoHtml	img	images-eu.amazon.com	http://images-eu.amazon.com/images/P/207072431X.01.LZZZZZZZ.jpg
2806	corpsHtml	audio	operacritiques.free.fr	http://operacritiques.free.fr/css/sons/pavarotti_ouvert.mp3
2806	corpsHtml	audio	operacritiques.free.fr	http://operacritiques.free.fr/css/sons/pavarotti_couvert.mp3
2806	corpsHtml	audio	operacritiques.free.fr	http://operacritiques.free.fr/css/sons/pavarotti_domandar.mp3
2806	corpsHtml	audio	operacritiques.free.fr	http://operacritiques.free.fr/css/sons/pavarotti_avaro.mp3
2806	corpsHtml	audio	operacritiques.free.fr	http://operacritiques.free.fr/css/sons/tom_raskin_athlete_ouvert.mp3
2806	corpsHtml	audio	operacritiques.free.fr	http://operacritiques.free.fr/css/sons/arfagard_ouvert.mp3
2806	corpsHtml	audio	operacritiques.free.fr	http://operacritiques.free.fr/css/sons/di_stefano_forza_aperto.mp3
2806	corpsHtml	audio	operacritiques.free.fr	http://operacritiques.free.fr/css/sons/di_stefano_forza_aperto-coperto.mp3
2806	corpsHtml	audio	operacritiques.free.fr	http://operacritiques.free.fr/css/sons/couverture_tamagno.mp3
2806	corpsHtml	audio	operacritiques.free.fr	http://operacritiques.free.fr/css/sons/couverture_gillet.mp3
2806	corpsHtml	audio	operacritiques.free.fr	http://operacritiques.free.fr/css/sons/apertures_gillet.mp3
2806	corpsHtml	audio	operacritiques.free.fr	http://operacritiques.free.fr/css/sons/couverture_domingo.mp3
2806	corpsHtml	audio	operacritiques.free.fr	http://operacritiques.free.fr/css/sons/couverture_liccioni.mp3
2806	corpsHtml	audio	operacritiques.free.fr	http://operacritiques.free.fr/css/sons/couverture_mixte_vanzo_rodolphe.mp3
2806	corpsHtml	audio	operacritiques.free.fr	http://operacritiques.free.fr/css/sons/couverture_mixte_aler_nadir_forets.mp3
2806	corpsHtml	audio	operacritiques.free.fr	http://operacritiques.free.fr/css/sons/couverture_mixte_schipa_lagrima.mp3
2806	corpsHtml	audio	operacritiques.free.fr	http://operacritiques.free.fr/css/sons/couverture_mixte_bergonzi_alvaro.mp3
2806	corpsHtml	audio	operacritiques.free.fr	http://operacritiques.free.fr/css/sons/couverture_mixte_crook_tarare.mp3
2806	corpsHtml	audio	operacritiques.free.fr	http://operacritiques.free.fr/css/sons/couverture_mixte_courtis_carlos_frate.mp3
2806	corpsHtml	audio	operacritiques.free.fr	http://operacritiques.free.fr/css/sons/couverture_sombre_thill_werther.mp3
2806	corpsHtml	audio	operacritiques.free.fr	http://operacritiques.free.fr/css/sons/couverture_sombre_thill_jose.mp3
2806	corpsHtml	audio	operacritiques.free.fr	http://operacritiques.free.fr/css/sons/couverture_sombre_domingo_romeo.mp3
2806	corpsHtml	audio	operacritiques.free.fr	http://operacritiques.free.fr/css/sons/couverture_sombre_galouzine_esultate.mp3
2806	corpsHtml	audio	operacritiques.free.fr	http://operacritiques.free.fr/css/sons/couverture_sombre_kaufmann_siegmund.mp3
2806	corpsHtml	audio	operacritiques.free.fr	http://operacritiques.free.fr/css/sons/couverture_sombre_kaufmann_siegmund_ae.mp3
2806	corpsHtml	audio	operacritiques.free.fr	http://operacritiques.free.fr/css/sons/couverture_sombre_kaufmann_siegmund_a.mp3
2806	corpsHtml	audio	operacritiques.free.fr	http://operacritiques.free.fr/css/sons/couverture_sombre_kaufmann_siegmund_aa.mp3
2806	corpsHtml	audio	operacritiques.free.fr	http://operacritiques.free.fr/css/sons/couverture_sombre_kaufmann_siegmund_au.mp3
2806	corpsHtml	audio	operacritiques.free.fr	http://operacritiques.free.fr/css/sons/couverture_sombre_kaufmann_siegmund_i.mp3
2806	corpsHtml	audio	operacritiques.free.fr	http://operacritiques.free.fr/css/sons/couverture_sombre_kaufmann_siegmund_ii.mp3
2806	corpsHtml	audio	operacritiques.free.fr	http://operacritiques.free.fr/css/sons/couverture_sombre_bruson_posa.mp3
2806	corpsHtml	audio	operacritiques.free.fr	http://operacritiques.free.fr/css/sons/couverture_sombre_mattei_posa.mp3
2806	corpsHtml	audio	operacritiques.free.fr	http://operacritiques.free.fr/css/sons/couverture_sombre_pons_luna.mp3
2811	corpsHtml	audio	operacritiques.free.fr	http://operacritiques.free.fr/css/sons/tarare_oserai.mp3
2811	corpsHtml	audio	operacritiques.free.fr	http://operacritiques.free.fr/css/sons/tarare_foudre.mp3
2811	corpsHtml	audio	operacritiques.free.fr	http://operacritiques.free.fr/css/sons/tarare_ceremonie.mp3
2811	corpsHtml	audio	operacritiques.free.fr	http://operacritiques.free.fr/css/sons/tarare_couplet.mp3
2817	corpsHtml	audio	operacritiques.free.fr	http://operacritiques.free.fr/css/sons/devinette_557.mp3
2822	corpsHtml	audio	operacritiques.free.fr	http://operacritiques.free.fr/css/sons/marais_ariane_lohmuller_zais.mp3
2822	corpsHtml	audio	operacritiques.free.fr	http://operacritiques.free.fr/css/sons/mouret_ariane_lohmuller_zais.mp3
2827	corpsHtml	lien	www.frederic-chopin.com	http://www.frederic-chopin.com/files/festivals/pdf/33e-festival-chopin-a-paris-Plaquette%20Chopin%202016.pdf
2827	corpsHtml	lien	www.frederic-chopin.com	http://www.frederic-chopin.com/files/festivals/pdf/33e-festival-chopin-a-paris-Plaquette%20Chopin%202016.pdf
2830	corpsHtml	audio	operacritiques.free.fr	http://operacritiques.free.fr/css/sons/leitmotiv_rheinesgold.mp3
2830	corpsHtml	audio	operacritiques.free.fr	http://operacritiques.free.fr/css/sons/leitmotiv_mord.mp3
2831	corpsHtml	audio	operacritiques.free.fr	http://operacritiques.free.fr/css/sons/tarare_ceremonie.mp3
2831	corpsHtml	audio	operacritiques.free.fr	http://operacritiques.free.fr/css/sons/tarare_couplet.mp3
2832	corpsHtml	lien	operacritiques.free.fr	http://operacritiques.free.fr/css/sons/golaud_verite.mp3
2837	corpsHtml	audio	operacritiques.free.fr	http://operacritiques.free.fr/css/sons/damase_eugene_boyer_filles.mp3
2837	corpsHtml	audio	operacritiques.free.fr	http://operacritiques.free.fr/css/sons/damase_eugene_boyer_education.mp3
2837	corpsHtml	audio	operacritiques.free.fr	http://operacritiques.free.fr/css/sons/damase_eugene_boyer_fortune.mp3
2837	corpsHtml	video	operacritiques.free.fr	http://operacritiques.free.fr/css/sons/pillibi_eurovision.mp4
2837	corpsHtml	video	operacritiques.free.fr	http://operacritiques.free.fr/css/sons/dennis_morgan.mp4
2837	corpsHtml	video	operacritiques.free.fr	http://operacritiques.free.fr/css/sons/crosby_bells.mp4
2837	corpsHtml	video	operacritiques.free.fr	http://operacritiques.free.fr/css/sons/wixell_eurovision.mp4
2837	corpsHtml	video	operacritiques.free.fr	http://operacritiques.free.fr/css/sons/gall_eurovision.mp4
2837	corpsHtml	audio	operacritiques.free.fr	http://operacritiques.free.fr/css/sons/pillibi_tohama.mp3
2837	corpsHtml	audio	operacritiques.free.fr	http://operacritiques.free.fr/css/sons/pillibi_riff.mp3
2837	corpsHtml	audio	operacritiques.free.fr	http://operacritiques.free.fr/css/sons/pillibi_scarlet.mp3
2837	corpsHtml	audio	operacritiques.free.fr	http://operacritiques.free.fr/css/sons/pillibi-tom_yvette-giraud.mp3
2837	corpsHtml	audio	operacritiques.free.fr	http://operacritiques.free.fr/css/sons/pillibi_cereda.mp3
2837	corpsHtml	audio	operacritiques.free.fr	http://operacritiques.free.fr/css/sons/pillibi_slovenie.mp3
2837	corpsHtml	audio	operacritiques.free.fr	http://operacritiques.free.fr/css/sons/pillibi_thibeault.mp3
2837	corpsHtml	audio	operacritiques.free.fr	http://operacritiques.free.fr/css/sons/pillibi_rodriguez.mp3
2837	corpsHtml	audio	operacritiques.free.fr	http://operacritiques.free.fr/css/sons/pillibi_chanterels.mp3
2837	corpsHtml	video	operacritiques.free.fr	http://operacritiques.free.fr/css/sons/pillibi_villanelle.mp4
2837	corpsHtml	audio	operacritiques.free.fr	http://operacritiques.free.fr/css/sons/pillibi_pourcel.mp3
2837	corpsHtml	audio	operacritiques.free.fr	http://operacritiques.free.fr/css/sons/pillibi_bonneau.mp3
2837	corpsHtml	audio	operacritiques.free.fr	http://operacritiques.free.fr/css/sons/pillibi_mills.mp3
2837	corpsHtml	audio	operacritiques.free.fr	http://operacritiques.free.fr/css/sons/pillibi_noguez.mp3
2837	corpsHtml	audio	operacritiques.free.fr	http://operacritiques.free.fr/css/sons/pillibi_barbarie.mp3
2837	corpsHtml	audio	operacritiques.free.fr	http://operacritiques.free.fr/css/sons/pillibi_neerlandais.mp3
2837	corpsHtml	audio	operacritiques.free.fr	http://operacritiques.free.fr/css/sons/pillibi_danois.mp3
2837	corpsHtml	audio	operacritiques.free.fr	http://operacritiques.free.fr/css/sons/pillibi_aznar.mp3
2837	corpsHtml	audio	operacritiques.free.fr	http://operacritiques.free.fr/css/sons/pillibi_allemand.mp3
2837	corpsHtml	audio	operacritiques.free.fr	http://operacritiques.free.fr/css/sons/pillibi_westen.mp3
2837	corpsHtml	audio	operacritiques.free.fr	http://operacritiques.free.fr/css/sons/pillibi_anglais.mp3
2837	corpsHtml	audio	operacritiques.free.fr	http://operacritiques.free.fr/css/sons/pillibi_andrews.mp3
2837	corpsHtml	audio	operacritiques.free.fr	http://operacritiques.free.fr/css/sons/pillibi_1981.mp3
2837	corpsHtml	video	operacritiques.free.fr	http://operacritiques.free.fr/css/sons/pillibi_2015.mp4
2837	corpsHtml	video	operacritiques.free.fr	http://operacritiques.free.fr/css/sons/pillibi_vaillance.mp4
2837	corpsHtml	lien	operacritiques.free.fr	http://operacritiques.free.fr/css/sons/fatalnormal.mp3
2838	corpsHtml	audio	operacritiques.free.fr	http://operacritiques.free.fr/css/sons/coree_militaire.mp3
2838	corpsHtml	lien	operacritiques.free.fr	http://operacritiques.free.fr/css/sons/segolene_royal.mp3
2839	corpsHtml	audio	operacritiques.free.fr	http://operacritiques.free.fr/css/sons/rame_lahaj.mp3
2839	corpsHtml	audio	operacritiques.free.fr	http://operacritiques.free.fr/css/sons/olga_kulchynska.mp3
2839	corpsHtml	video	operacritiques.free.fr	http://operacritiques.free.fr/css/sons/bogdan_volkov.mp4
2839	corpsHtml	audio	operacritiques.free.fr	http://operacritiques.free.fr/css/sons/bogdan_volkov.mp3
2839	corpsHtml	audio	operacritiques.free.fr	http://operacritiques.free.fr/css/sons/elena_stikhina.mp3
2839	corpsHtml	video	operacritiques.free.fr	http://operacritiques.free.fr/css/sons/stikhina_piano.mp4
2839	corpsHtml	audio	operacritiques.free.fr	http://operacritiques.free.fr/css/sons/nicholas_brownlee.mp3
2839	corpsHtml	audio	operacritiques.free.fr	http://operacritiques.free.fr/css/sons/j-nai_bridges.mp3
2839	corpsHtml	audio	operacritiques.free.fr	http://operacritiques.free.fr/css/sons/sehoon_moon.mp3
2839	corpsHtml	audio	operacritiques.free.fr	http://operacritiques.free.fr/css/sons/aviva_fortunata.mp3
2839	corpsHtml	video	operacritiques.free.fr	http://operacritiques.free.fr/css/sons/keon-woo_kim.mp4
2839	corpsHtml	audio	operacritiques.free.fr	http://operacritiques.free.fr/css/sons/marina_costa-jackson.mp3
2839	corpsHtml	video	operacritiques.free.fr	http://operacritiques.free.fr/css/sons/brenton_ryan.mp4
2839	corpsHtml	video	operacritiques.free.fr	http://operacritiques.free.fr/css/sons/dreisig_operalia.mp4
2839	corpsHtml	audio	operacritiques.free.fr	http://operacritiques.free.fr/css/sons/dreisig_debussy.mp3
2839	corpsHtml	audio	operacritiques.free.fr	http://operacritiques.free.fr/css/sons/dreisig_strauss.mp3
2839	corpsHtml	audio	operacritiques.free.fr	http://operacritiques.free.fr/css/sons/dreisig_lieder.mp3
2839	corpsHtml	audio	operacritiques.free.fr	http://operacritiques.free.fr/css/sons/dreisig_cabaret.mp3
2839	corpsHtml	audio	operacritiques.free.fr	http://operacritiques.free.fr/css/sons/juancarlos_heredia.mp3
2841	corpsHtml	video	operacritiques.free.fr	http://operacritiques.free.fr/css/sons/armide_helsinki.mp4
2842	corpsHtml	audio	operacritiques.free.fr	http://operacritiques.free.fr/css/sons/fora_temer.mp3
2845	corpsHtml	img	piloris.free.fr	http://piloris.free.fr/putto1.png
2845	corpsHtml	img	piloris.free.fr	http://piloris.free.fr/putto1.png
2845	corpsHtml	img	piloris.free.fr	http://piloris.free.fr/putto1.png
2845	corpsHtml	img	piloris.free.fr	http://piloris.free.fr/putto1.png
2845	corpsHtml	img	piloris.free.fr	http://piloris.free.fr/putto1.png
2845	corpsHtml	img	piloris.free.fr	http://piloris.free.fr/putto1.png
2845	corpsHtml	img	piloris.free.fr	http://piloris.free.fr/putto1.png
2845	corpsHtml	img	piloris.free.fr	http://piloris.free.fr/putto1.png
2845	corpsHtml	img	piloris.free.fr	http://piloris.free.fr/putto1.png
2845	corpsHtml	img	piloris.free.fr	http://piloris.free.fr/putto1.png
2845	corpsHtml	img	piloris.free.fr	http://piloris.free.fr/putto1.png
2845	corpsHtml	img	piloris.free.fr	http://piloris.free.fr/putto1.png
2845	corpsHtml	img	piloris.free.fr	http://piloris.free.fr/putto1.png
2845	corpsHtml	img	piloris.free.fr	http://piloris.free.fr/putto1.png
2845	corpsHtml	img	piloris.free.fr	http://piloris.free.fr/putto1.png
2848	corpsHtml	video	operacritiques.free.fr	http://operacritiques.free.fr/css/sons/braindead_bartoli.mp4
2864	corpsHtml	audio	operacritiques.free.fr	http://operacritiques.free.fr/css/sons/burgmueller_scherzo.mp3
2864	corpsHtml	audio	operacritiques.free.fr	http://operacritiques.free.fr/css/sons/sinding_scherzo.mp3
2864	corpsHtml	audio	operacritiques.free.fr	http://operacritiques.free.fr/css/sons/pierne_mil.mp3
2883	corpsHtml	audio	operacritiques.free.fr	http://operacritiques.free.fr/css/sons/elias_baal.mp3
2883	corpsHtml	audio	operacritiques.free.fr	http://operacritiques.free.fr/css/sons/psalm42_schlusschor.mp3
2886	corpsHtml	audio	operacritiques.free.fr	http://operacritiques.free.fr/css/sons/hahn_ile_reve_athenee_2016.mp3
2886	corpsHtml	audio	operacritiques.free.fr	http://operacritiques.free.fr/css/sons/motif_ile.mp3
2886	corpsHtml	audio	operacritiques.free.fr	http://operacritiques.free.fr/css/sons/motif_vendange.mp3
2886	corpsHtml	audio	operacritiques.free.fr	http://operacritiques.free.fr/css/sons/hahn_vendange_theruel_belooussova.mp3
2887	corpsHtml	audio	operacritiques.free.fr	http://operacritiques.free.fr/css/sons/vivent_deputes.mp3
2895	corpsHtml	audio	operacritiques.free.fr	http://operacritiques.free.fr/css/sons/gilse_2.mp3
2895	corpsHtml	audio	operacritiques.free.fr	http://operacritiques.free.fr/css/sons/gilse_valse.mp3
2899	corpsHtml	img	nsa37.casimages.com	http://nsa37.casimages.com/img/2017/02/01/170201100750692999.jpg
2899	corpsHtml	img	nsa38.casimages.com	http://nsa38.casimages.com/img/2017/02/01/170201100750181708.jpg
2899	corpsHtml	img	nsa37.casimages.com	http://nsa37.casimages.com/img/2017/02/01/170201095131655199.png
290	chapoHtml	img	www.pausa-inn.co.il	http://www.pausa-inn.co.il/images/estate/petanque.jpg
2904	corpsHtml	audio	operacritiques.free.fr	http://operacritiques.free.fr/css/sons/sacchini_air_chimene_1.mp3
2904	corpsHtml	audio	operacritiques.free.fr	http://operacritiques.free.fr/css/sons/sacchini_scene_chimene_combat.mp3
2904	corpsHtml	audio	operacritiques.free.fr	http://operacritiques.free.fr/css/sons/sacchini_chimene_autres_concertato.mp3
2904	corpsHtml	audio	operacritiques.free.fr	http://operacritiques.free.fr/css/sons/sacchini_suivante_chimene_tenero_momento.mp3
2904	corpsHtml	audio	operacritiques.free.fr	http://operacritiques.free.fr/css/sons/sacchini_chimene_resolution_mozart.mp3
2904	corpsHtml	audio	operacritiques.free.fr	http://operacritiques.free.fr/css/sons/sacchini_air_chimene_2.mp3
2904	corpsHtml	audio	operacritiques.free.fr	http://operacritiques.free.fr/css/sons/sacchini_air_diegue_1.mp3
2904	corpsHtml	audio	operacritiques.free.fr	http://operacritiques.free.fr/css/sons/sacchini_chimene_recit_victoire.mp3
2904	corpsHtml	audio	operacritiques.free.fr	http://operacritiques.free.fr/css/sons/chimene_hautbois.mp3
2904	corpsHtml	audio	operacritiques.free.fr	http://operacritiques.free.fr/css/sons/sacchini_duo_rodrigue_chimene_1.mp3
2904	corpsHtml	lien	filefactory.com	http://filefactory.com/file/6r1uacw2p8n5/Sacchini%20Chim%C3%A8ne%2020170113.mp3
2907	corpsHtml	audio	operacritiques.free.fr	http://operacritiques.free.fr/css/sons/bernier_laudate_dominum_choeur_rameau_de_versailles.mp3
2907	corpsHtml	audio	operacritiques.free.fr	http://operacritiques.free.fr/css/sons/bernier_laudate_rhetorique_qui_sanat.mp3
2907	corpsHtml	audio	operacritiques.free.fr	http://operacritiques.free.fr/css/sons/bernier_laudate_repete_magnus_dominus.mp3
2908	corpsHtml	audio	operacritiques.free.fr	http://operacritiques.free.fr/css/sons/burgmueller_scherzo.mp3
2908	corpsHtml	audio	operacritiques.free.fr	http://operacritiques.free.fr/css/sons/sinding_scherzo.mp3
2908	corpsHtml	audio	operacritiques.free.fr	http://operacritiques.free.fr/css/sons/pierne_mil.mp3
2909	corpsHtml	audio	operacritiques.free.fr	http://operacritiques.free.fr/css/sons/omars.mp3
2912	corpsHtml	lien	www.theses.fr	http://www.theses.fr/2013PAUU1008.pdf
2912	chapoHtml	audio	operacritiques.free.fr	http://operacritiques.free.fr/css/sons/schmitt_salome.mp3
2919	corpsHtml	audio	operacritiques.free.fr	http://operacritiques.free.fr/css/sons/beethoven_basson_4_i_a.mp3
2919	corpsHtml	audio	operacritiques.free.fr	http://operacritiques.free.fr/css/sons/beethoven_basson_4_i_aa.mp3
2919	corpsHtml	audio	operacritiques.free.fr	http://operacritiques.free.fr/css/sons/beethoven_basson_4_i_b.mp3
2919	corpsHtml	audio	operacritiques.free.fr	http://operacritiques.free.fr/css/sons/beethoven_basson_4_i_cd.mp3
2919	corpsHtml	audio	operacritiques.free.fr	http://operacritiques.free.fr/css/sons/beethoven_basson_4_i_ef.mp3
2919	corpsHtml	audio	operacritiques.free.fr	http://operacritiques.free.fr/css/sons/beethoven_basson_4_i_g.mp3
2919	corpsHtml	audio	operacritiques.free.fr	http://operacritiques.free.fr/css/sons/beethoven_basson_4_i_bg.mp3
2919	corpsHtml	audio	operacritiques.free.fr	http://operacritiques.free.fr/css/sons/beethoven_basson_4_i_h.mp3
2919	corpsHtml	audio	operacritiques.free.fr	http://operacritiques.free.fr/css/sons/beethoven_motif_symphonie_4_a.mp3
2919	corpsHtml	audio	operacritiques.free.fr	http://operacritiques.free.fr/css/sons/beethoven_motif_symphonie_4_b.mp3
2919	corpsHtml	audio	operacritiques.free.fr	http://operacritiques.free.fr/css/sons/beethoven_motif_symphonie_4_c.mp3
2919	corpsHtml	audio	operacritiques.free.fr	http://operacritiques.free.fr/css/sons/beethoven_basson_4_ii_a.mp3
2919	corpsHtml	audio	operacritiques.free.fr	http://operacritiques.free.fr/css/sons/beethoven_basson_4_iii_a.mp3
2919	corpsHtml	audio	operacritiques.free.fr	http://operacritiques.free.fr/css/sons/beethoven_basson_4_iv_a.mp3
2919	corpsHtml	audio	operacritiques.free.fr	http://operacritiques.free.fr/css/sons/beethoven_basson_4_iv_b.mp3
2919	corpsHtml	audio	operacritiques.free.fr	http://operacritiques.free.fr/css/sons/beethoven_basson_4_iv_c.mp3
292	chapoHtml	img	www4.hmc.edu	http://www4.hmc.edu:8001/humanities/beckman/PhilNotes/rousseau.gif
2925	corpsHtml	audio	operacritiques.free.fr	http://operacritiques.free.fr/css/sons/chausson_margoton.mp3
2925	corpsHtml	audio	operacritiques.free.fr	http://operacritiques.free.fr/css/sons/sibelius_caliban.mp3
2925	corpsHtml	audio	operacritiques.free.fr	http://operacritiques.free.fr/css/sons/chausson_celesta.mp3
2925	corpsHtml	audio	operacritiques.free.fr	http://operacritiques.free.fr/css/sons/tempest_purcell.mp3
2933	corpsHtml	audio	operacritiques.free.fr	http://operacritiques.free.fr/css/sons/gossec_oramo.mp3
2934	corpsHtml	audio	operacritiques.free.fr	http://operacritiques.free.fr/css/sons/alcione_matelots.mp3
2934	corpsHtml	audio	operacritiques.free.fr	http://operacritiques.free.fr/css/sons/prisonnier_hollande.mp3
2934	corpsHtml	audio	operacritiques.free.fr	http://operacritiques.free.fr/css/sons/alcione_passacaille.mp3
2934	corpsHtml	audio	operacritiques.free.fr	http://operacritiques.free.fr/css/sons/alcione_chaconne.mp3
2934	corpsHtml	audio	operacritiques.free.fr	http://operacritiques.free.fr/css/sons/alcione_chaconne_finale_tradi.mp3
2934	corpsHtml	audio	operacritiques.free.fr	http://operacritiques.free.fr/css/sons/alcione_chaconne_finale_montees.mp3
2934	corpsHtml	audio	operacritiques.free.fr	http://operacritiques.free.fr/css/sons/alcione_chaconne_finale_repetitions.mp3
2934	corpsHtml	audio	operacritiques.free.fr	http://operacritiques.free.fr/css/sons/alcione_chaconne_finale_rameau.mp3
2934	corpsHtml	audio	operacritiques.free.fr	http://operacritiques.free.fr/css/sons/alcione_chaconne_finale_gammes.mp3
2934	corpsHtml	audio	operacritiques.free.fr	http://operacritiques.free.fr/css/sons/alcione_chaconne_finale_fusees.mp3
2934	corpsHtml	audio	operacritiques.free.fr	http://operacritiques.free.fr/css/sons/alcione_chaconne_finale_traits.mp3
2934	corpsHtml	audio	operacritiques.free.fr	http://operacritiques.free.fr/css/sons/alcione_chaconne_finale_flutes.mp3
2934	corpsHtml	audio	operacritiques.free.fr	http://operacritiques.free.fr/css/sons/alcione_chaconne_finale_hautbois.mp3
2935	corpsHtml	audio	operacritiques.free.fr	http://operacritiques.free.fr/css/sons/tintagiles_fin.mp3
2937	corpsHtml	img	pbs.twimg.com	http://pbs.twimg.com/media/DAIwuicXgAA5di4.jpg
2937	corpsHtml	img	pbs.twimg.com	http://pbs.twimg.com/media/DAQRuTzXsAEDztG.jpg
2937	corpsHtml	img	pbs.twimg.com	http://pbs.twimg.com/media/C_jwGs6XUAUn6yh.jpg
2937	corpsHtml	img	pbs.twimg.com	http://pbs.twimg.com/media/C_5AYAoXcAE97HP.jpg
2937	corpsHtml	img	pbs.twimg.com	http://pbs.twimg.com/media/C_7WFhAUIAAx-nV.jpg
2937	corpsHtml	img	pbs.twimg.com	http://pbs.twimg.com/media/C_7WGX2UMAAZnd5.jpg
2937	corpsHtml	img	pbs.twimg.com	http://pbs.twimg.com/media/DArZYC3XkAYQfqp.jpg
2937	corpsHtml	img	pbs.twimg.com	http://pbs.twimg.com/media/DArZrErXgAAZmTS.jpg
2937	corpsHtml	img	pbs.twimg.com	http://pbs.twimg.com/media/DArbCbfXYAE_lal.jpg
2937	corpsHtml	img	pbs.twimg.com	http://pbs.twimg.com/media/DArrArFXcAATMWy.jpg
2937	corpsHtml	img	pbs.twimg.com	http://pbs.twimg.com/media/DArsPwNXUAE_56d.jpg
2937	corpsHtml	img	pbs.twimg.com	http://pbs.twimg.com/media/DArs_8jXgAAyFuG.jpg
2937	corpsHtml	img	pbs.twimg.com	http://pbs.twimg.com/media/DBVYIshUIAED49w.jpg
2937	corpsHtml	img	pbs.twimg.com	http://pbs.twimg.com/media/DBVYOuFUQAIsL1A.jpg
2937	corpsHtml	img	pbs.twimg.com	http://pbs.twimg.com/media/DBVw8fhXYAAKupS.jpg
2937	corpsHtml	img	pbs.twimg.com	http://pbs.twimg.com/media/DAcxAnJW0AEOKbw.jpg
2937	corpsHtml	img	pbs.twimg.com	http://pbs.twimg.com/media/DAdTBZjWsAEBT4v.jpg
2937	corpsHtml	img	pbs.twimg.com	http://pbs.twimg.com/media/DAdTSkjXsAEA5hn.jpg
2939	corpsHtml	audio	operacritiques.free.fr	http://operacritiques.free.fr/css/sons/halevy_tube_rachel_escalais.mp3
2939	corpsHtml	audio	operacritiques.free.fr	http://operacritiques.free.fr/css/sons/tubes_halevy_charles-vi_patriotique.mp3
2939	corpsHtml	audio	operacritiques.free.fr	http://operacritiques.free.fr/css/sons/halevy_tube_reine_chypre.mp3
2939	corpsHtml	audio	operacritiques.free.fr	http://operacritiques.free.fr/css/sons/tubes_halevy_sigurd_chypre.mp3
2945	corpsHtml	audio	operacritiques.free.fr	http://operacritiques.free.fr/css/sons/hagegard_miz.mp3
2945	corpsHtml	audio	operacritiques.free.fr	http://operacritiques.free.fr/css/sons/hagegard_serenade.mp3
2945	corpsHtml	audio	operacritiques.free.fr	http://operacritiques.free.fr/css/sons/hagegard_miz.mp3
2946	corpsHtml	audio	operacritiques.free.fr	http://operacritiques.free.fr/css/sons/fort-boyard_generique-1995.mp3
2946	corpsHtml	audio	operacritiques.free.fr	http://operacritiques.free.fr/css/sons/fort-boyard_generique-2017.mp3
2946	corpsHtml	audio	operacritiques.free.fr	http://operacritiques.free.fr/css/sons/fort-boyard_orchestre-symphonique-police.mp3
2946	corpsHtml	audio	operacritiques.free.fr	http://operacritiques.free.fr/css/sons/final_mahler-7_guerzenich_stenz.mp3
2947	corpsHtml	audio	operacritiques.free.fr	http://operacritiques.free.fr/css/sons/venzago_schubert_8_a.mp3
2947	corpsHtml	audio	operacritiques.free.fr	http://operacritiques.free.fr/css/sons/venzago_schubert_8_d.mp3
2947	corpsHtml	img	operacritiques.free.fr	http://operacritiques.free.fr/css/images/inachevee_venzago.png
2947	corpsHtml	audio	operacritiques.free.fr	http://operacritiques.free.fr/css/sons/venzago_schubert_8_c.mp3
2947	corpsHtml	audio	operacritiques.free.fr	http://operacritiques.free.fr/css/sons/venzago_schubert_8_b.mp3
2948	corpsHtml	img	piloris.free.fr	http://piloris.free.fr/citronn.jpg
2948	corpsHtml	img	piloris.free.fr	http://piloris.free.fr/citronn.jpg
2948	corpsHtml	img	piloris.free.fr	http://piloris.free.fr/citronn.jpg
2948	corpsHtml	img	piloris.free.fr	http://piloris.free.fr/citronn.jpg
2948	corpsHtml	img	piloris.free.fr	http://piloris.free.fr/citronn.jpg
2948	corpsHtml	img	piloris.free.fr	http://piloris.free.fr/citronn.jpg
2948	corpsHtml	img	piloris.free.fr	http://piloris.free.fr/citronn.jpg
2948	corpsHtml	img	piloris.free.fr	http://piloris.free.fr/citronn.jpg
2948	corpsHtml	img	piloris.free.fr	http://piloris.free.fr/citronn.jpg
2948	corpsHtml	img	piloris.free.fr	http://piloris.free.fr/demicitronn.jpg
2948	corpsHtml	img	piloris.free.fr	http://piloris.free.fr/citronn.jpg
2948	corpsHtml	img	piloris.free.fr	http://piloris.free.fr/citronn.jpg
2948	corpsHtml	img	piloris.free.fr	http://piloris.free.fr/citronn.jpg
2948	corpsHtml	img	piloris.free.fr	http://piloris.free.fr/citronn.jpg
2948	corpsHtml	img	piloris.free.fr	http://piloris.free.fr/citronn.jpg
2948	corpsHtml	img	piloris.free.fr	http://piloris.free.fr/citronn.jpg
2948	corpsHtml	img	piloris.free.fr	http://piloris.free.fr/citronn.jpg
2948	corpsHtml	img	piloris.free.fr	http://piloris.free.fr/citronn.jpg
2948	corpsHtml	img	piloris.free.fr	http://piloris.free.fr/citronn.jpg
2948	corpsHtml	img	piloris.free.fr	http://piloris.free.fr/citronn.jpg
2948	corpsHtml	img	piloris.free.fr	http://piloris.free.fr/citronn.jpg
2948	corpsHtml	img	piloris.free.fr	http://piloris.free.fr/citronn.jpg
2948	corpsHtml	img	piloris.free.fr	http://piloris.free.fr/citronn.jpg
2948	corpsHtml	img	piloris.free.fr	http://piloris.free.fr/citronn.jpg
2948	corpsHtml	img	piloris.free.fr	http://piloris.free.fr/citronn.jpg
2948	corpsHtml	img	piloris.free.fr	http://piloris.free.fr/citronn.jpg
2948	corpsHtml	img	piloris.free.fr	http://piloris.free.fr/citronn.jpg
2948	corpsHtml	img	piloris.free.fr	http://piloris.free.fr/citronn.jpg
2948	corpsHtml	img	piloris.free.fr	http://piloris.free.fr/citronn.jpg
2948	corpsHtml	img	piloris.free.fr	http://piloris.free.fr/citronn.jpg
2948	corpsHtml	img	piloris.free.fr	http://piloris.free.fr/citronn.jpg
2948	corpsHtml	img	piloris.free.fr	http://piloris.free.fr/citronn.jpg
2948	corpsHtml	img	piloris.free.fr	http://piloris.free.fr/citronn.jpg
2948	corpsHtml	img	piloris.free.fr	http://piloris.free.fr/citronn.jpg
2948	corpsHtml	img	piloris.free.fr	http://piloris.free.fr/demicitronn.jpg
2948	corpsHtml	img	piloris.free.fr	http://piloris.free.fr/citronn.jpg
2948	corpsHtml	img	piloris.free.fr	http://piloris.free.fr/citronn.jpg
2948	corpsHtml	img	piloris.free.fr	http://piloris.free.fr/citronn.jpg
2948	corpsHtml	img	piloris.free.fr	http://piloris.free.fr/citronn.jpg
2948	corpsHtml	img	piloris.free.fr	http://piloris.free.fr/citronn.jpg
2948	corpsHtml	img	piloris.free.fr	http://piloris.free.fr/citronn.jpg
2948	corpsHtml	img	piloris.free.fr	http://piloris.free.fr/citronn.jpg
2948	corpsHtml	img	piloris.free.fr	http://piloris.free.fr/citronn.jpg
2948	corpsHtml	img	piloris.free.fr	http://piloris.free.fr/citronn.jpg
2948	corpsHtml	img	piloris.free.fr	http://piloris.free.fr/citronn.jpg
2948	corpsHtml	img	piloris.free.fr	http://piloris.free.fr/citronn.jpg
2948	corpsHtml	img	piloris.free.fr	http://piloris.free.fr/citronn.jpg
2948	corpsHtml	img	piloris.free.fr	http://piloris.free.fr/citronn.jpg
2948	corpsHtml	img	piloris.free.fr	http://piloris.free.fr/citronn.jpg
2948	corpsHtml	img	piloris.free.fr	http://piloris.free.fr/citronn.jpg
2948	corpsHtml	img	piloris.free.fr	http://piloris.free.fr/citronn.jpg
2948	corpsHtml	img	piloris.free.fr	http://piloris.free.fr/citronn.jpg
2948	corpsHtml	img	piloris.free.fr	http://piloris.free.fr/citronn.jpg
2948	corpsHtml	img	piloris.free.fr	http://piloris.free.fr/citronn.jpg
2948	corpsHtml	img	piloris.free.fr	http://piloris.free.fr/citronn.jpg
2948	corpsHtml	img	piloris.free.fr	http://piloris.free.fr/demicitronn.jpg
2948	corpsHtml	img	piloris.free.fr	http://piloris.free.fr/citronn.jpg
2948	corpsHtml	img	piloris.free.fr	http://piloris.free.fr/citronn.jpg
2948	corpsHtml	img	piloris.free.fr	http://piloris.free.fr/citronn.jpg
2948	corpsHtml	img	piloris.free.fr	http://piloris.free.fr/citronn.jpg
2948	corpsHtml	img	piloris.free.fr	http://piloris.free.fr/citronn.jpg
2948	corpsHtml	img	piloris.free.fr	http://piloris.free.fr/citronn.jpg
2948	corpsHtml	img	piloris.free.fr	http://piloris.free.fr/citronn.jpg
2948	corpsHtml	img	piloris.free.fr	http://piloris.free.fr/citronn.jpg
2948	corpsHtml	img	piloris.free.fr	http://piloris.free.fr/citronn.jpg
2948	corpsHtml	img	piloris.free.fr	http://piloris.free.fr/citronn.jpg
2948	corpsHtml	img	piloris.free.fr	http://piloris.free.fr/citronn.jpg
2948	corpsHtml	img	piloris.free.fr	http://piloris.free.fr/citronn.jpg
2948	corpsHtml	img	piloris.free.fr	http://piloris.free.fr/demicitronn.jpg
2948	corpsHtml	img	piloris.free.fr	http://piloris.free.fr/citronn.jpg
2948	corpsHtml	img	piloris.free.fr	http://piloris.free.fr/citronn.jpg
2948	corpsHtml	img	piloris.free.fr	http://piloris.free.fr/citronn.jpg
2948	corpsHtml	img	piloris.free.fr	http://piloris.free.fr/demicitronn.jpg
2948	corpsHtml	img	piloris.free.fr	http://piloris.free.fr/citronn.jpg
2948	corpsHtml	img	piloris.free.fr	http://piloris.free.fr/citronn.jpg
2948	corpsHtml	img	piloris.free.fr	http://piloris.free.fr/citronn.jpg
2948	corpsHtml	img	piloris.free.fr	http://piloris.free.fr/citronn.jpg
2948	corpsHtml	img	piloris.free.fr	http://piloris.free.fr/citronn.jpg
2948	corpsHtml	img	piloris.free.fr	http://piloris.free.fr/citronn.jpg
2948	corpsHtml	img	piloris.free.fr	http://piloris.free.fr/demicitronn.jpg
2948	corpsHtml	img	piloris.free.fr	http://piloris.free.fr/citronn.jpg
2948	corpsHtml	img	piloris.free.fr	http://piloris.free.fr/citronn.jpg
2948	corpsHtml	img	piloris.free.fr	http://piloris.free.fr/demicitronn.jpg
2948	corpsHtml	img	piloris.free.fr	http://piloris.free.fr/citronn.jpg
2948	corpsHtml	img	piloris.free.fr	http://piloris.free.fr/citronn.jpg
2948	corpsHtml	img	piloris.free.fr	http://piloris.free.fr/citronn.jpg
2948	corpsHtml	img	piloris.free.fr	http://piloris.free.fr/citronn.jpg
2948	corpsHtml	img	piloris.free.fr	http://piloris.free.fr/citronn.jpg
2948	corpsHtml	img	piloris.free.fr	http://piloris.free.fr/citronn.jpg
2948	corpsHtml	img	piloris.free.fr	http://piloris.free.fr/demicitronn.jpg
2948	corpsHtml	img	piloris.free.fr	http://piloris.free.fr/citronn.jpg
2948	corpsHtml	img	piloris.free.fr	http://piloris.free.fr/citronn.jpg
2948	corpsHtml	img	piloris.free.fr	http://piloris.free.fr/citronn.jpg
2948	corpsHtml	img	piloris.free.fr	http://piloris.free.fr/citronn.jpg
2948	corpsHtml	img	piloris.free.fr	http://piloris.free.fr/citronn.jpg
2948	corpsHtml	img	piloris.free.fr	http://piloris.free.fr/demicitronn.jpg
2948	corpsHtml	img	piloris.free.fr	http://piloris.free.fr/citronn.jpg
2948	corpsHtml	img	piloris.free.fr	http://piloris.free.fr/citronn.jpg
2948	corpsHtml	img	piloris.free.fr	http://piloris.free.fr/citronn.jpg
2948	corpsHtml	img	piloris.free.fr	http://piloris.free.fr/demicitronn.jpg
2948	corpsHtml	img	piloris.free.fr	http://piloris.free.fr/citronn.jpg
2948	corpsHtml	img	piloris.free.fr	http://piloris.free.fr/citronn.jpg
2948	corpsHtml	img	piloris.free.fr	http://piloris.free.fr/citronn.jpg
2948	corpsHtml	img	piloris.free.fr	http://piloris.free.fr/citronn.jpg
2948	corpsHtml	img	piloris.free.fr	http://piloris.free.fr/citronn.jpg
2948	corpsHtml	img	piloris.free.fr	http://piloris.free.fr/citronn.jpg
2948	corpsHtml	img	piloris.free.fr	http://piloris.free.fr/citronn.jpg
2948	corpsHtml	img	piloris.free.fr	http://piloris.free.fr/citronn.jpg
2948	corpsHtml	img	piloris.free.fr	http://piloris.free.fr/citronn.jpg
2948	corpsHtml	img	piloris.free.fr	http://piloris.free.fr/citronn.jpg
2948	corpsHtml	img	piloris.free.fr	http://piloris.free.fr/citronn.jpg
2948	corpsHtml	img	piloris.free.fr	http://piloris.free.fr/demicitronn.jpg
2948	corpsHtml	img	piloris.free.fr	http://piloris.free.fr/citronn.jpg
2948	corpsHtml	img	piloris.free.fr	http://piloris.free.fr/citronn.jpg
2948	corpsHtml	img	piloris.free.fr	http://piloris.free.fr/citronn.jpg
2948	corpsHtml	img	piloris.free.fr	http://piloris.free.fr/demicitronn.jpg
2948	corpsHtml	img	piloris.free.fr	http://piloris.free.fr/citronn.jpg
2948	corpsHtml	img	piloris.free.fr	http://piloris.free.fr/citronn.jpg
2948	corpsHtml	img	piloris.free.fr	http://piloris.free.fr/citronn.jpg
2948	corpsHtml	img	piloris.free.fr	http://piloris.free.fr/citronn.jpg
2948	corpsHtml	img	piloris.free.fr	http://piloris.free.fr/citronn.jpg
2948	corpsHtml	img	piloris.free.fr	http://piloris.free.fr/citronn.jpg
2948	corpsHtml	img	piloris.free.fr	http://piloris.free.fr/citronn.jpg
2948	corpsHtml	img	piloris.free.fr	http://piloris.free.fr/citronn.jpg
2948	corpsHtml	img	piloris.free.fr	http://piloris.free.fr/citronn.jpg
2948	corpsHtml	img	piloris.free.fr	http://piloris.free.fr/citronn.jpg
2948	corpsHtml	img	piloris.free.fr	http://piloris.free.fr/citronn.jpg
2948	corpsHtml	img	piloris.free.fr	http://piloris.free.fr/citronn.jpg
2948	corpsHtml	img	piloris.free.fr	http://piloris.free.fr/citronn.jpg
2948	corpsHtml	img	piloris.free.fr	http://piloris.free.fr/citronn.jpg
2948	corpsHtml	img	piloris.free.fr	http://piloris.free.fr/citronn.jpg
2948	corpsHtml	img	piloris.free.fr	http://piloris.free.fr/citronn.jpg
2948	corpsHtml	img	piloris.free.fr	http://piloris.free.fr/citronn.jpg
2948	corpsHtml	img	piloris.free.fr	http://piloris.free.fr/citronn.jpg
2948	corpsHtml	img	piloris.free.fr	http://piloris.free.fr/citronn.jpg
2948	corpsHtml	img	piloris.free.fr	http://piloris.free.fr/citronn.jpg
2948	corpsHtml	img	piloris.free.fr	http://piloris.free.fr/citronn.jpg
2948	corpsHtml	img	piloris.free.fr	http://piloris.free.fr/citronn.jpg
2948	corpsHtml	img	piloris.free.fr	http://piloris.free.fr/citronn.jpg
2948	corpsHtml	img	piloris.free.fr	http://piloris.free.fr/citronn.jpg
2948	corpsHtml	img	piloris.free.fr	http://piloris.free.fr/citronn.jpg
2948	corpsHtml	img	piloris.free.fr	http://piloris.free.fr/citronn.jpg
2948	corpsHtml	img	piloris.free.fr	http://piloris.free.fr/coleren.jpg
2948	corpsHtml	img	piloris.free.fr	http://piloris.free.fr/coleren.jpg
2948	corpsHtml	img	piloris.free.fr	http://piloris.free.fr/coleren.jpg
2948	corpsHtml	img	piloris.free.fr	http://piloris.free.fr/coleren.jpg
2948	corpsHtml	img	piloris.free.fr	http://piloris.free.fr/coleren.jpg
2948	corpsHtml	img	piloris.free.fr	http://piloris.free.fr/coleren.jpg
2949	corpsHtml	audio	operacritiques.free.fr	http://operacritiques.free.fr/css/sons/couverture_liccioni.mp3
2949	corpsHtml	audio	operacritiques.free.fr	http://operacritiques.free.fr/css/sons/couverture_mixte_vanzo_rodolphe.mp3
2949	corpsHtml	audio	operacritiques.free.fr	http://operacritiques.free.fr/css/sons/couverture_mixte_aler_nadir_forets.mp3
2949	corpsHtml	audio	operacritiques.free.fr	http://operacritiques.free.fr/css/sons/couverture_mixte_schipa_lagrima.mp3
2949	corpsHtml	audio	operacritiques.free.fr	http://operacritiques.free.fr/css/sons/couverture_mixte_bergonzi_alvaro.mp3
2949	corpsHtml	audio	operacritiques.free.fr	http://operacritiques.free.fr/css/sons/couverture_mixte_crook_tarare.mp3
2949	corpsHtml	audio	operacritiques.free.fr	http://operacritiques.free.fr/css/sons/couverture_mixte_courtis_carlos_frate.mp3
2949	corpsHtml	audio	operacritiques.free.fr	http://operacritiques.free.fr/css/sons/couverture_sombre_thill_werther.mp3
2949	corpsHtml	audio	operacritiques.free.fr	http://operacritiques.free.fr/css/sons/couverture_sombre_thill_jose.mp3
2949	corpsHtml	audio	operacritiques.free.fr	http://operacritiques.free.fr/css/sons/couverture_sombre_domingo_romeo.mp3
2949	corpsHtml	audio	operacritiques.free.fr	http://operacritiques.free.fr/css/sons/couverture_sombre_galouzine_esultate.mp3
2949	corpsHtml	audio	operacritiques.free.fr	http://operacritiques.free.fr/css/sons/couverture_sombre_kaufmann_siegmund.mp3
2949	corpsHtml	audio	operacritiques.free.fr	http://operacritiques.free.fr/css/sons/couverture_sombre_kaufmann_siegmund_ae.mp3
2949	corpsHtml	audio	operacritiques.free.fr	http://operacritiques.free.fr/css/sons/couverture_sombre_kaufmann_siegmund_a.mp3
2949	corpsHtml	audio	operacritiques.free.fr	http://operacritiques.free.fr/css/sons/couverture_sombre_kaufmann_siegmund_aa.mp3
2949	corpsHtml	audio	operacritiques.free.fr	http://operacritiques.free.fr/css/sons/couverture_sombre_kaufmann_siegmund_au.mp3
2949	corpsHtml	audio	operacritiques.free.fr	http://operacritiques.free.fr/css/sons/couverture_sombre_kaufmann_siegmund_i.mp3
2949	corpsHtml	audio	operacritiques.free.fr	http://operacritiques.free.fr/css/sons/couverture_sombre_kaufmann_siegmund_ii.mp3
2949	corpsHtml	audio	operacritiques.free.fr	http://operacritiques.free.fr/css/sons/couverture_sombre_bruson_posa.mp3
2949	corpsHtml	audio	operacritiques.free.fr	http://operacritiques.free.fr/css/sons/couverture_sombre_mattei_posa.mp3
2949	corpsHtml	audio	operacritiques.free.fr	http://operacritiques.free.fr/css/sons/couverture_sombre_pons_luna.mp3
295	chapoHtml	img	membres.lycos.fr	http://membres.lycos.fr/jzamor/fic/cothurne.jpg
2950	corpsHtml	img	piloris.free.fr	http://piloris.free.fr/putto1.png
2950	corpsHtml	img	piloris.free.fr	http://piloris.free.fr/putto1.png
2950	corpsHtml	img	piloris.free.fr	http://piloris.free.fr/putto1.png
2950	corpsHtml	img	piloris.free.fr	http://piloris.free.fr/putto1.png
2950	corpsHtml	img	piloris.free.fr	http://piloris.free.fr/putto1.png
2950	corpsHtml	img	piloris.free.fr	http://piloris.free.fr/putto1.png
2950	corpsHtml	img	piloris.free.fr	http://piloris.free.fr/putto1.png
2950	corpsHtml	img	piloris.free.fr	http://piloris.free.fr/putto1.png
2950	corpsHtml	img	piloris.free.fr	http://piloris.free.fr/putto1.png
2950	corpsHtml	img	piloris.free.fr	http://piloris.free.fr/putto1.png
2950	corpsHtml	img	piloris.free.fr	http://piloris.free.fr/putto1.png
2950	corpsHtml	img	piloris.free.fr	http://piloris.free.fr/putto1.png
2950	corpsHtml	img	piloris.free.fr	http://piloris.free.fr/putto1.png
2950	corpsHtml	img	piloris.free.fr	http://piloris.free.fr/putto1.png
2950	corpsHtml	img	piloris.free.fr	http://piloris.free.fr/putto1.png
2950	corpsHtml	img	piloris.free.fr	http://piloris.free.fr/putto1.png
2950	corpsHtml	img	piloris.free.fr	http://piloris.free.fr/putto1.png
2950	corpsHtml	img	piloris.free.fr	http://piloris.free.fr/putto1.png
2950	corpsHtml	img	piloris.free.fr	http://piloris.free.fr/putto1.png
2950	corpsHtml	img	piloris.free.fr	http://piloris.free.fr/putto1.png
2950	chapoHtml	img	piloris.free.fr	http://piloris.free.fr/putto1.png
2950	chapoHtml	img	piloris.free.fr	http://piloris.free.fr/putto1.png
2952	corpsHtml	audio	operacritiques.free.fr	http://operacritiques.free.fr/css/sons/aronica_stiffelio.mp3
2952	corpsHtml	audio	operacritiques.free.fr	http://operacritiques.free.fr/css/sons/zulian_arrigo.mp3
2954	corpsHtml	audio	operacritiques.free.fr	http://operacritiques.free.fr/css/sons/schubert_patriotique_1_fierrabras_vaterland.mp3
2954	corpsHtml	audio	operacritiques.free.fr	http://operacritiques.free.fr/css/sons/schubert_patriotique_2_florinda_brust.mp3
2954	corpsHtml	audio	operacritiques.free.fr	http://operacritiques.free.fr/css/sons/schubert_patriotique_3_serbate_custodi.mp3
2954	corpsHtml	audio	operacritiques.free.fr	http://operacritiques.free.fr/css/sons/schubert_patriotique_4_traditor_deluso.mp3
2954	corpsHtml	audio	operacritiques.free.fr	http://operacritiques.free.fr/css/sons/schubert_patriotique_5_sieg_deutschen.mp3
2954	corpsHtml	audio	operacritiques.free.fr	http://operacritiques.free.fr/css/sons/schubert_patriotique_6_befreier_roth.mp3
2954	corpsHtml	audio	operacritiques.free.fr	http://operacritiques.free.fr/css/sons/schubert_patriotique_7_befreier_koningsberger.mp3
2954	corpsHtml	audio	operacritiques.free.fr	http://operacritiques.free.fr/css/sons/schubert_patriotique_8_ferne_roth.mp3
2954	corpsHtml	audio	operacritiques.free.fr	http://operacritiques.free.fr/css/sons/schubert_patriotique_9_ferne_connell.mp3
2960	corpsHtml	img	piloris.free.fr	http://piloris.free.fr/citronn.jpg
2960	corpsHtml	img	piloris.free.fr	http://piloris.free.fr/citronn.jpg
2960	corpsHtml	img	piloris.free.fr	http://piloris.free.fr/demicitronn.jpg
2960	corpsHtml	img	piloris.free.fr	http://piloris.free.fr/citronn.jpg
2960	corpsHtml	img	piloris.free.fr	http://piloris.free.fr/citronn.jpg
2960	corpsHtml	img	piloris.free.fr	http://piloris.free.fr/citronn.jpg
2960	corpsHtml	img	piloris.free.fr	http://piloris.free.fr/citronn.jpg
2960	corpsHtml	img	piloris.free.fr	http://piloris.free.fr/citronn.jpg
2960	corpsHtml	img	piloris.free.fr	http://piloris.free.fr/citronn.jpg
2960	corpsHtml	img	piloris.free.fr	http://piloris.free.fr/citronn.jpg
2960	corpsHtml	img	piloris.free.fr	http://piloris.free.fr/citronn.jpg
2960	corpsHtml	img	piloris.free.fr	http://piloris.free.fr/demicitronn.jpg
2960	corpsHtml	img	piloris.free.fr	http://piloris.free.fr/citronn.jpg
2960	corpsHtml	img	piloris.free.fr	http://piloris.free.fr/citronn.jpg
2960	corpsHtml	img	piloris.free.fr	http://piloris.free.fr/demicitronn.jpg
2960	corpsHtml	img	piloris.free.fr	http://piloris.free.fr/citronn.jpg
2960	corpsHtml	img	piloris.free.fr	http://piloris.free.fr/citronn.jpg
2960	corpsHtml	img	piloris.free.fr	http://piloris.free.fr/demicitronn.jpg
2960	corpsHtml	img	piloris.free.fr	http://piloris.free.fr/citronn.jpg
2960	corpsHtml	img	piloris.free.fr	http://piloris.free.fr/citronn.jpg
2960	corpsHtml	img	piloris.free.fr	http://piloris.free.fr/demicitronn.jpg
2960	corpsHtml	img	piloris.free.fr	http://piloris.free.fr/citronn.jpg
2960	corpsHtml	img	piloris.free.fr	http://piloris.free.fr/citronn.jpg
2960	corpsHtml	img	piloris.free.fr	http://piloris.free.fr/citronn.jpg
2960	corpsHtml	img	piloris.free.fr	http://piloris.free.fr/citronn.jpg
2960	corpsHtml	img	piloris.free.fr	http://piloris.free.fr/citronn.jpg
2960	corpsHtml	img	piloris.free.fr	http://piloris.free.fr/citronn.jpg
2960	corpsHtml	img	piloris.free.fr	http://piloris.free.fr/citronn.jpg
2960	corpsHtml	img	piloris.free.fr	http://piloris.free.fr/citronn.jpg
2960	corpsHtml	img	piloris.free.fr	http://piloris.free.fr/citronn.jpg
2960	corpsHtml	img	piloris.free.fr	http://piloris.free.fr/citronn.jpg
2960	corpsHtml	img	piloris.free.fr	http://piloris.free.fr/citronn.jpg
2960	corpsHtml	img	piloris.free.fr	http://piloris.free.fr/citronn.jpg
2960	corpsHtml	img	piloris.free.fr	http://piloris.free.fr/citronn.jpg
2960	corpsHtml	img	piloris.free.fr	http://piloris.free.fr/citronn.jpg
2960	corpsHtml	img	piloris.free.fr	http://piloris.free.fr/citronn.jpg
2960	corpsHtml	img	piloris.free.fr	http://piloris.free.fr/citronn.jpg
2960	corpsHtml	img	piloris.free.fr	http://piloris.free.fr/citronn.jpg
2960	corpsHtml	img	piloris.free.fr	http://piloris.free.fr/citronn.jpg
2960	corpsHtml	img	piloris.free.fr	http://piloris.free.fr/citronn.jpg
2960	corpsHtml	img	piloris.free.fr	http://piloris.free.fr/citronn.jpg
2960	corpsHtml	img	piloris.free.fr	http://piloris.free.fr/citronn.jpg
2960	corpsHtml	img	piloris.free.fr	http://piloris.free.fr/citronn.jpg
2960	corpsHtml	img	piloris.free.fr	http://piloris.free.fr/citronn.jpg
2960	corpsHtml	img	piloris.free.fr	http://piloris.free.fr/citronn.jpg
2960	corpsHtml	img	piloris.free.fr	http://piloris.free.fr/citronn.jpg
2960	corpsHtml	img	piloris.free.fr	http://piloris.free.fr/citronn.jpg
2960	corpsHtml	img	piloris.free.fr	http://piloris.free.fr/citronn.jpg
2960	corpsHtml	img	piloris.free.fr	http://piloris.free.fr/citronn.jpg
2960	corpsHtml	img	piloris.free.fr	http://piloris.free.fr/citronn.jpg
2960	corpsHtml	img	piloris.free.fr	http://piloris.free.fr/citronn.jpg
2960	corpsHtml	img	piloris.free.fr	http://piloris.free.fr/citronn.jpg
2960	corpsHtml	img	piloris.free.fr	http://piloris.free.fr/citronn.jpg
2960	corpsHtml	img	piloris.free.fr	http://piloris.free.fr/citronn.jpg
2960	corpsHtml	img	piloris.free.fr	http://piloris.free.fr/citronn.jpg
2960	corpsHtml	img	piloris.free.fr	http://piloris.free.fr/citronn.jpg
2960	corpsHtml	img	piloris.free.fr	http://piloris.free.fr/citronn.jpg
2960	corpsHtml	img	piloris.free.fr	http://piloris.free.fr/citronn.jpg
2960	corpsHtml	img	piloris.free.fr	http://piloris.free.fr/citronn.jpg
2960	corpsHtml	img	piloris.free.fr	http://piloris.free.fr/citronn.jpg
2960	corpsHtml	img	piloris.free.fr	http://piloris.free.fr/citronn.jpg
2960	corpsHtml	img	piloris.free.fr	http://piloris.free.fr/citronn.jpg
2960	corpsHtml	img	piloris.free.fr	http://piloris.free.fr/citronn.jpg
2960	corpsHtml	img	piloris.free.fr	http://piloris.free.fr/citronn.jpg
2960	corpsHtml	img	piloris.free.fr	http://piloris.free.fr/citronn.jpg
2960	corpsHtml	img	piloris.free.fr	http://piloris.free.fr/citronn.jpg
2960	corpsHtml	img	piloris.free.fr	http://piloris.free.fr/citronn.jpg
2960	corpsHtml	img	piloris.free.fr	http://piloris.free.fr/citronn.jpg
2960	corpsHtml	img	piloris.free.fr	http://piloris.free.fr/citronn.jpg
2960	corpsHtml	img	piloris.free.fr	http://piloris.free.fr/citronn.jpg
2960	corpsHtml	img	piloris.free.fr	http://piloris.free.fr/citronn.jpg
2960	corpsHtml	img	piloris.free.fr	http://piloris.free.fr/citronn.jpg
2960	corpsHtml	img	piloris.free.fr	http://piloris.free.fr/demicitronn.jpg
2960	corpsHtml	img	piloris.free.fr	http://piloris.free.fr/citronn.jpg
2960	corpsHtml	img	piloris.free.fr	http://piloris.free.fr/citronn.jpg
2960	corpsHtml	img	piloris.free.fr	http://piloris.free.fr/citronn.jpg
2960	corpsHtml	img	piloris.free.fr	http://piloris.free.fr/citronn.jpg
2960	corpsHtml	img	piloris.free.fr	http://piloris.free.fr/citronn.jpg
2960	corpsHtml	img	piloris.free.fr	http://piloris.free.fr/citronn.jpg
2960	corpsHtml	img	piloris.free.fr	http://piloris.free.fr/citronn.jpg
2960	corpsHtml	img	piloris.free.fr	http://piloris.free.fr/citronn.jpg
2960	corpsHtml	img	piloris.free.fr	http://piloris.free.fr/citronn.jpg
2960	corpsHtml	img	piloris.free.fr	http://piloris.free.fr/citronn.jpg
2960	corpsHtml	img	piloris.free.fr	http://piloris.free.fr/citronn.jpg
2960	corpsHtml	img	piloris.free.fr	http://piloris.free.fr/citronn.jpg
2960	corpsHtml	img	piloris.free.fr	http://piloris.free.fr/citronn.jpg
2960	corpsHtml	img	piloris.free.fr	http://piloris.free.fr/citronn.jpg
2960	corpsHtml	img	piloris.free.fr	http://piloris.free.fr/citronn.jpg
2960	corpsHtml	img	piloris.free.fr	http://piloris.free.fr/citronn.jpg
2960	corpsHtml	img	piloris.free.fr	http://piloris.free.fr/citronn.jpg
2960	corpsHtml	img	piloris.free.fr	http://piloris.free.fr/demicitronn.jpg
2960	corpsHtml	img	piloris.free.fr	http://piloris.free.fr/citronn.jpg
2960	corpsHtml	img	piloris.free.fr	http://piloris.free.fr/citronn.jpg
2960	corpsHtml	img	piloris.free.fr	http://piloris.free.fr/citronn.jpg
2960	corpsHtml	img	piloris.free.fr	http://piloris.free.fr/citronn.jpg
2960	corpsHtml	img	piloris.free.fr	http://piloris.free.fr/citronn.jpg
2960	corpsHtml	img	piloris.free.fr	http://piloris.free.fr/citronn.jpg
2960	corpsHtml	img	piloris.free.fr	http://piloris.free.fr/citronn.jpg
2960	corpsHtml	img	piloris.free.fr	http://piloris.free.fr/citronn.jpg
2960	corpsHtml	img	piloris.free.fr	http://piloris.free.fr/citronn.jpg
2960	corpsHtml	img	piloris.free.fr	http://piloris.free.fr/citronn.jpg
2960	corpsHtml	img	piloris.free.fr	http://piloris.free.fr/citronn.jpg
2960	corpsHtml	img	piloris.free.fr	http://piloris.free.fr/citronn.jpg
2960	corpsHtml	img	piloris.free.fr	http://piloris.free.fr/citronn.jpg
2960	corpsHtml	img	piloris.free.fr	http://piloris.free.fr/citronn.jpg
2960	corpsHtml	img	piloris.free.fr	http://piloris.free.fr/citronn.jpg
2960	corpsHtml	img	piloris.free.fr	http://piloris.free.fr/citronn.jpg
2960	corpsHtml	img	piloris.free.fr	http://piloris.free.fr/citronn.jpg
2960	corpsHtml	img	piloris.free.fr	http://piloris.free.fr/citronn.jpg
2960	corpsHtml	img	piloris.free.fr	http://piloris.free.fr/citronn.jpg
2960	corpsHtml	img	piloris.free.fr	http://piloris.free.fr/citronn.jpg
2960	corpsHtml	img	piloris.free.fr	http://piloris.free.fr/citronn.jpg
2960	corpsHtml	img	piloris.free.fr	http://piloris.free.fr/citronn.jpg
2960	corpsHtml	img	piloris.free.fr	http://piloris.free.fr/demicitronn.jpg
2960	corpsHtml	img	piloris.free.fr	http://piloris.free.fr/citronn.jpg
2960	corpsHtml	img	piloris.free.fr	http://piloris.free.fr/demicitronn.jpg
2960	corpsHtml	img	piloris.free.fr	http://piloris.free.fr/citronn.jpg
2960	corpsHtml	img	piloris.free.fr	http://piloris.free.fr/citronn.jpg
2960	corpsHtml	img	piloris.free.fr	http://piloris.free.fr/demicitronn.jpg
2960	corpsHtml	img	piloris.free.fr	http://piloris.free.fr/citronn.jpg
2960	corpsHtml	img	piloris.free.fr	http://piloris.free.fr/citronn.jpg
2960	corpsHtml	img	piloris.free.fr	http://piloris.free.fr/citronn.jpg
2960	corpsHtml	img	piloris.free.fr	http://piloris.free.fr/citronn.jpg
2960	corpsHtml	img	piloris.free.fr	http://piloris.free.fr/citronn.jpg
2960	corpsHtml	img	piloris.free.fr	http://piloris.free.fr/citronn.jpg
2960	corpsHtml	img	piloris.free.fr	http://piloris.free.fr/citronn.jpg
2960	corpsHtml	img	piloris.free.fr	http://piloris.free.fr/citronn.jpg
2960	corpsHtml	img	piloris.free.fr	http://piloris.free.fr/citronn.jpg
2960	corpsHtml	img	piloris.free.fr	http://piloris.free.fr/citronn.jpg
2960	corpsHtml	img	piloris.free.fr	http://piloris.free.fr/citronn.jpg
2960	corpsHtml	img	piloris.free.fr	http://piloris.free.fr/citronn.jpg
2960	corpsHtml	img	piloris.free.fr	http://piloris.free.fr/citronn.jpg
2960	corpsHtml	img	piloris.free.fr	http://piloris.free.fr/demicitronn.jpg
2960	corpsHtml	img	piloris.free.fr	http://piloris.free.fr/citronn.jpg
2960	corpsHtml	img	piloris.free.fr	http://piloris.free.fr/demicitronn.jpg
2960	corpsHtml	img	piloris.free.fr	http://piloris.free.fr/citronn.jpg
2960	corpsHtml	img	piloris.free.fr	http://piloris.free.fr/citronn.jpg
2960	corpsHtml	img	piloris.free.fr	http://piloris.free.fr/citronn.jpg
2960	corpsHtml	img	piloris.free.fr	http://piloris.free.fr/citronn.jpg
2960	corpsHtml	img	piloris.free.fr	http://piloris.free.fr/demicitronn.jpg
2960	corpsHtml	img	piloris.free.fr	http://piloris.free.fr/citronn.jpg
2960	corpsHtml	img	piloris.free.fr	http://piloris.free.fr/citronn.jpg
2960	corpsHtml	img	piloris.free.fr	http://piloris.free.fr/citronn.jpg
2960	corpsHtml	img	piloris.free.fr	http://piloris.free.fr/citronn.jpg
2960	corpsHtml	img	piloris.free.fr	http://piloris.free.fr/citronn.jpg
2960	corpsHtml	img	piloris.free.fr	http://piloris.free.fr/citronn.jpg
2960	corpsHtml	img	piloris.free.fr	http://piloris.free.fr/demicitronn.jpg
2960	corpsHtml	img	piloris.free.fr	http://piloris.free.fr/citronn.jpg
2960	corpsHtml	img	piloris.free.fr	http://piloris.free.fr/citronn.jpg
2960	corpsHtml	img	piloris.free.fr	http://piloris.free.fr/citronn.jpg
2960	corpsHtml	img	piloris.free.fr	http://piloris.free.fr/citronn.jpg
2960	corpsHtml	img	piloris.free.fr	http://piloris.free.fr/citronn.jpg
2960	corpsHtml	img	piloris.free.fr	http://piloris.free.fr/citronn.jpg
2960	corpsHtml	img	piloris.free.fr	http://piloris.free.fr/citronn.jpg
2960	corpsHtml	img	piloris.free.fr	http://piloris.free.fr/demicitronn.jpg
2960	corpsHtml	img	piloris.free.fr	http://piloris.free.fr/citronn.jpg
2960	corpsHtml	img	piloris.free.fr	http://piloris.free.fr/citronn.jpg
2960	corpsHtml	img	piloris.free.fr	http://piloris.free.fr/citronn.jpg
2960	corpsHtml	img	piloris.free.fr	http://piloris.free.fr/demicitronn.jpg
2960	corpsHtml	img	piloris.free.fr	http://piloris.free.fr/citronn.jpg
2960	corpsHtml	img	piloris.free.fr	http://piloris.free.fr/citronn.jpg
2960	corpsHtml	img	piloris.free.fr	http://piloris.free.fr/citronn.jpg
2960	corpsHtml	img	piloris.free.fr	http://piloris.free.fr/citronn.jpg
2960	corpsHtml	img	piloris.free.fr	http://piloris.free.fr/citronn.jpg
2960	corpsHtml	img	piloris.free.fr	http://piloris.free.fr/citronn.jpg
2960	corpsHtml	img	piloris.free.fr	http://piloris.free.fr/citronn.jpg
2960	corpsHtml	img	piloris.free.fr	http://piloris.free.fr/citronn.jpg
2960	corpsHtml	img	piloris.free.fr	http://piloris.free.fr/demicitronn.jpg
2960	corpsHtml	img	piloris.free.fr	http://piloris.free.fr/citronn.jpg
2960	corpsHtml	img	piloris.free.fr	http://piloris.free.fr/citronn.jpg
2960	corpsHtml	img	piloris.free.fr	http://piloris.free.fr/citronn.jpg
2960	corpsHtml	img	piloris.free.fr	http://piloris.free.fr/citronn.jpg
2960	corpsHtml	img	piloris.free.fr	http://piloris.free.fr/citronn.jpg
2960	corpsHtml	img	piloris.free.fr	http://piloris.free.fr/citronn.jpg
2960	corpsHtml	img	piloris.free.fr	http://piloris.free.fr/citronn.jpg
2960	corpsHtml	img	piloris.free.fr	http://piloris.free.fr/citronn.jpg
2960	corpsHtml	img	piloris.free.fr	http://piloris.free.fr/citronn.jpg
2960	corpsHtml	img	piloris.free.fr	http://piloris.free.fr/citronn.jpg
2960	corpsHtml	img	piloris.free.fr	http://piloris.free.fr/citronn.jpg
2960	corpsHtml	img	piloris.free.fr	http://piloris.free.fr/citronn.jpg
2960	corpsHtml	img	piloris.free.fr	http://piloris.free.fr/citronn.jpg
2960	corpsHtml	img	piloris.free.fr	http://piloris.free.fr/citronn.jpg
2960	corpsHtml	img	piloris.free.fr	http://piloris.free.fr/citronn.jpg
2960	corpsHtml	img	piloris.free.fr	http://piloris.free.fr/citronn.jpg
2960	corpsHtml	img	piloris.free.fr	http://piloris.free.fr/citronn.jpg
2960	corpsHtml	img	piloris.free.fr	http://piloris.free.fr/citronn.jpg
2960	corpsHtml	img	piloris.free.fr	http://piloris.free.fr/demicitronn.jpg
2960	corpsHtml	img	piloris.free.fr	http://piloris.free.fr/citronn.jpg
2960	corpsHtml	img	piloris.free.fr	http://piloris.free.fr/citronn.jpg
2960	corpsHtml	img	piloris.free.fr	http://piloris.free.fr/citronn.jpg
2960	corpsHtml	img	piloris.free.fr	http://piloris.free.fr/citronn.jpg
2960	corpsHtml	img	piloris.free.fr	http://piloris.free.fr/citronn.jpg
2960	corpsHtml	img	piloris.free.fr	http://piloris.free.fr/citronn.jpg
2960	corpsHtml	img	piloris.free.fr	http://piloris.free.fr/citronn.jpg
2960	corpsHtml	img	piloris.free.fr	http://piloris.free.fr/demicitronn.jpg
2960	corpsHtml	img	piloris.free.fr	http://piloris.free.fr/citronn.jpg
2960	corpsHtml	img	piloris.free.fr	http://piloris.free.fr/demicitronn.jpg
2960	corpsHtml	img	piloris.free.fr	http://piloris.free.fr/citronn.jpg
2960	corpsHtml	img	piloris.free.fr	http://piloris.free.fr/citronn.jpg
2960	corpsHtml	img	piloris.free.fr	http://piloris.free.fr/citronn.jpg
2960	corpsHtml	img	piloris.free.fr	http://piloris.free.fr/citronn.jpg
2960	corpsHtml	img	piloris.free.fr	http://piloris.free.fr/citronn.jpg
2960	corpsHtml	img	piloris.free.fr	http://piloris.free.fr/citronn.jpg
2960	corpsHtml	img	piloris.free.fr	http://piloris.free.fr/citronn.jpg
2960	corpsHtml	img	piloris.free.fr	http://piloris.free.fr/citronn.jpg
2960	corpsHtml	img	piloris.free.fr	http://piloris.free.fr/citronn.jpg
2960	corpsHtml	img	piloris.free.fr	http://piloris.free.fr/citronn.jpg
2960	corpsHtml	img	piloris.free.fr	http://piloris.free.fr/citronn.jpg
2960	corpsHtml	img	piloris.free.fr	http://piloris.free.fr/citronn.jpg
2960	corpsHtml	img	piloris.free.fr	http://piloris.free.fr/citronn.jpg
2960	corpsHtml	img	piloris.free.fr	http://piloris.free.fr/citronn.jpg
2960	corpsHtml	img	piloris.free.fr	http://piloris.free.fr/citronn.jpg
2960	corpsHtml	img	piloris.free.fr	http://piloris.free.fr/citronn.jpg
2960	corpsHtml	img	piloris.free.fr	http://piloris.free.fr/citronn.jpg
2960	corpsHtml	img	piloris.free.fr	http://piloris.free.fr/citronn.jpg
2960	corpsHtml	img	piloris.free.fr	http://piloris.free.fr/citronn.jpg
2960	corpsHtml	img	piloris.free.fr	http://piloris.free.fr/citronn.jpg
2960	corpsHtml	img	piloris.free.fr	http://piloris.free.fr/citronn.jpg
2960	corpsHtml	img	piloris.free.fr	http://piloris.free.fr/demicitronn.jpg
2960	corpsHtml	img	piloris.free.fr	http://piloris.free.fr/citronn.jpg
2960	corpsHtml	img	piloris.free.fr	http://piloris.free.fr/citronn.jpg
2960	corpsHtml	img	piloris.free.fr	http://piloris.free.fr/citronn.jpg
2960	corpsHtml	img	piloris.free.fr	http://piloris.free.fr/demicitronn.jpg
2960	corpsHtml	img	piloris.free.fr	http://piloris.free.fr/citronn.jpg
2960	corpsHtml	img	piloris.free.fr	http://piloris.free.fr/citronn.jpg
2960	corpsHtml	img	piloris.free.fr	http://piloris.free.fr/citronn.jpg
2960	corpsHtml	img	piloris.free.fr	http://piloris.free.fr/citronn.jpg
2960	corpsHtml	img	piloris.free.fr	http://piloris.free.fr/citronn.jpg
2960	corpsHtml	img	piloris.free.fr	http://piloris.free.fr/citronn.jpg
2960	corpsHtml	img	piloris.free.fr	http://piloris.free.fr/citronn.jpg
2960	corpsHtml	img	piloris.free.fr	http://piloris.free.fr/citronn.jpg
2960	corpsHtml	img	piloris.free.fr	http://piloris.free.fr/citronn.jpg
2960	corpsHtml	img	piloris.free.fr	http://piloris.free.fr/citronn.jpg
2960	corpsHtml	img	piloris.free.fr	http://piloris.free.fr/citronn.jpg
2960	corpsHtml	img	piloris.free.fr	http://piloris.free.fr/citronn.jpg
2960	corpsHtml	img	piloris.free.fr	http://piloris.free.fr/citronn.jpg
2960	corpsHtml	img	piloris.free.fr	http://piloris.free.fr/citronn.jpg
2960	corpsHtml	img	piloris.free.fr	http://piloris.free.fr/citronn.jpg
2960	corpsHtml	img	piloris.free.fr	http://piloris.free.fr/citronn.jpg
2960	corpsHtml	img	piloris.free.fr	http://piloris.free.fr/citronn.jpg
2960	corpsHtml	img	piloris.free.fr	http://piloris.free.fr/citronn.jpg
2960	corpsHtml	img	piloris.free.fr	http://piloris.free.fr/citronn.jpg
2960	corpsHtml	img	piloris.free.fr	http://piloris.free.fr/citronn.jpg
2960	corpsHtml	img	piloris.free.fr	http://piloris.free.fr/citronn.jpg
2960	corpsHtml	img	piloris.free.fr	http://piloris.free.fr/citronn.jpg
2960	corpsHtml	img	piloris.free.fr	http://piloris.free.fr/citronn.jpg
2960	corpsHtml	img	piloris.free.fr	http://piloris.free.fr/citronn.jpg
2960	corpsHtml	img	piloris.free.fr	http://piloris.free.fr/demicitronn.jpg
2960	corpsHtml	img	piloris.free.fr	http://piloris.free.fr/citronn.jpg
2960	corpsHtml	img	piloris.free.fr	http://piloris.free.fr/citronn.jpg
2960	corpsHtml	img	piloris.free.fr	http://piloris.free.fr/citronn.jpg
2960	corpsHtml	img	piloris.free.fr	http://piloris.free.fr/demicitronn.jpg
2960	corpsHtml	img	piloris.free.fr	http://piloris.free.fr/citronn.jpg
2960	corpsHtml	img	piloris.free.fr	http://piloris.free.fr/citronn.jpg
2960	corpsHtml	img	piloris.free.fr	http://piloris.free.fr/demicitronn.jpg
2960	corpsHtml	img	piloris.free.fr	http://piloris.free.fr/citronn.jpg
2960	corpsHtml	img	piloris.free.fr	http://piloris.free.fr/citronn.jpg
2960	corpsHtml	img	piloris.free.fr	http://piloris.free.fr/citronn.jpg
2960	corpsHtml	img	piloris.free.fr	http://piloris.free.fr/citronn.jpg
2960	corpsHtml	img	piloris.free.fr	http://piloris.free.fr/citronn.jpg
2960	corpsHtml	img	piloris.free.fr	http://piloris.free.fr/citronn.jpg
2960	corpsHtml	img	piloris.free.fr	http://piloris.free.fr/demicitronn.jpg
2960	corpsHtml	img	piloris.free.fr	http://piloris.free.fr/citronn.jpg
2960	corpsHtml	img	piloris.free.fr	http://piloris.free.fr/citronn.jpg
2960	corpsHtml	img	piloris.free.fr	http://piloris.free.fr/citronn.jpg
2960	corpsHtml	img	piloris.free.fr	http://piloris.free.fr/demicitronn.jpg
2960	corpsHtml	img	piloris.free.fr	http://piloris.free.fr/citronn.jpg
2960	corpsHtml	img	piloris.free.fr	http://piloris.free.fr/citronn.jpg
2960	corpsHtml	img	piloris.free.fr	http://piloris.free.fr/citronn.jpg
2960	corpsHtml	img	piloris.free.fr	http://piloris.free.fr/citronn.jpg
2960	corpsHtml	img	piloris.free.fr	http://piloris.free.fr/citronn.jpg
2960	corpsHtml	img	piloris.free.fr	http://piloris.free.fr/citronn.jpg
2960	corpsHtml	img	piloris.free.fr	http://piloris.free.fr/citronn.jpg
2960	corpsHtml	img	piloris.free.fr	http://piloris.free.fr/citronn.jpg
2960	corpsHtml	img	piloris.free.fr	http://piloris.free.fr/citronn.jpg
2960	corpsHtml	img	piloris.free.fr	http://piloris.free.fr/citronn.jpg
2960	corpsHtml	img	piloris.free.fr	http://piloris.free.fr/citronn.jpg
2960	corpsHtml	img	piloris.free.fr	http://piloris.free.fr/citronn.jpg
2960	corpsHtml	img	piloris.free.fr	http://piloris.free.fr/citronn.jpg
2960	corpsHtml	img	piloris.free.fr	http://piloris.free.fr/citronn.jpg
2960	corpsHtml	img	piloris.free.fr	http://piloris.free.fr/citronn.jpg
2960	corpsHtml	img	piloris.free.fr	http://piloris.free.fr/citronn.jpg
2960	corpsHtml	img	piloris.free.fr	http://piloris.free.fr/citronn.jpg
2960	corpsHtml	img	piloris.free.fr	http://piloris.free.fr/citronn.jpg
2960	corpsHtml	img	piloris.free.fr	http://piloris.free.fr/citronn.jpg
2960	corpsHtml	img	piloris.free.fr	http://piloris.free.fr/citronn.jpg
2960	corpsHtml	img	piloris.free.fr	http://piloris.free.fr/citronn.jpg
2960	corpsHtml	img	piloris.free.fr	http://piloris.free.fr/citronn.jpg
2960	corpsHtml	img	piloris.free.fr	http://piloris.free.fr/citronn.jpg
2960	corpsHtml	img	piloris.free.fr	http://piloris.free.fr/citronn.jpg
2960	corpsHtml	img	piloris.free.fr	http://piloris.free.fr/citronn.jpg
2960	corpsHtml	img	piloris.free.fr	http://piloris.free.fr/citronn.jpg
2960	corpsHtml	img	piloris.free.fr	http://piloris.free.fr/citronn.jpg
2960	corpsHtml	img	piloris.free.fr	http://piloris.free.fr/citronn.jpg
2960	corpsHtml	img	piloris.free.fr	http://piloris.free.fr/demicitronn.jpg
2960	corpsHtml	img	piloris.free.fr	http://piloris.free.fr/citronn.jpg
2960	corpsHtml	img	piloris.free.fr	http://piloris.free.fr/citronn.jpg
2960	corpsHtml	img	piloris.free.fr	http://piloris.free.fr/citronn.jpg
2960	corpsHtml	img	piloris.free.fr	http://piloris.free.fr/citronn.jpg
2960	corpsHtml	img	piloris.free.fr	http://piloris.free.fr/citronn.jpg
2960	corpsHtml	img	piloris.free.fr	http://piloris.free.fr/citronn.jpg
2960	corpsHtml	img	piloris.free.fr	http://piloris.free.fr/citronn.jpg
2960	corpsHtml	img	piloris.free.fr	http://piloris.free.fr/citronn.jpg
2960	corpsHtml	img	piloris.free.fr	http://piloris.free.fr/citronn.jpg
2960	corpsHtml	img	piloris.free.fr	http://piloris.free.fr/citronn.jpg
2960	corpsHtml	img	piloris.free.fr	http://piloris.free.fr/citronn.jpg
2960	corpsHtml	img	piloris.free.fr	http://piloris.free.fr/citronn.jpg
2960	corpsHtml	img	piloris.free.fr	http://piloris.free.fr/citronn.jpg
2960	corpsHtml	img	piloris.free.fr	http://piloris.free.fr/citronn.jpg
2960	corpsHtml	img	piloris.free.fr	http://piloris.free.fr/citronn.jpg
2960	corpsHtml	img	piloris.free.fr	http://piloris.free.fr/citronn.jpg
2960	corpsHtml	img	piloris.free.fr	http://piloris.free.fr/citronn.jpg
2960	corpsHtml	img	piloris.free.fr	http://piloris.free.fr/citronn.jpg
2960	corpsHtml	img	piloris.free.fr	http://piloris.free.fr/citronn.jpg
2960	corpsHtml	img	piloris.free.fr	http://piloris.free.fr/citronn.jpg
2960	corpsHtml	img	piloris.free.fr	http://piloris.free.fr/citronn.jpg
2960	corpsHtml	img	piloris.free.fr	http://piloris.free.fr/citronn.jpg
2960	corpsHtml	img	piloris.free.fr	http://piloris.free.fr/demicitronn.jpg
2960	corpsHtml	img	piloris.free.fr	http://piloris.free.fr/citronn.jpg
2960	corpsHtml	img	piloris.free.fr	http://piloris.free.fr/citronn.jpg
2960	corpsHtml	img	piloris.free.fr	http://piloris.free.fr/citronn.jpg
2960	corpsHtml	img	piloris.free.fr	http://piloris.free.fr/citronn.jpg
2960	corpsHtml	img	piloris.free.fr	http://piloris.free.fr/citronn.jpg
2960	corpsHtml	img	piloris.free.fr	http://piloris.free.fr/citronn.jpg
2960	corpsHtml	img	piloris.free.fr	http://piloris.free.fr/citronn.jpg
2960	corpsHtml	img	piloris.free.fr	http://piloris.free.fr/citronn.jpg
2960	corpsHtml	img	piloris.free.fr	http://piloris.free.fr/citronn.jpg
2960	corpsHtml	img	piloris.free.fr	http://piloris.free.fr/citronn.jpg
2960	corpsHtml	img	piloris.free.fr	http://piloris.free.fr/citronn.jpg
2960	corpsHtml	img	piloris.free.fr	http://piloris.free.fr/citronn.jpg
2960	corpsHtml	img	piloris.free.fr	http://piloris.free.fr/demicitronn.jpg
2960	corpsHtml	img	piloris.free.fr	http://piloris.free.fr/citronn.jpg
2960	corpsHtml	img	piloris.free.fr	http://piloris.free.fr/citronn.jpg
2960	corpsHtml	img	piloris.free.fr	http://piloris.free.fr/citronn.jpg
2960	corpsHtml	img	piloris.free.fr	http://piloris.free.fr/citronn.jpg
2960	corpsHtml	img	piloris.free.fr	http://piloris.free.fr/citronn.jpg
2960	corpsHtml	img	piloris.free.fr	http://piloris.free.fr/citronn.jpg
2960	corpsHtml	img	piloris.free.fr	http://piloris.free.fr/citronn.jpg
2960	corpsHtml	img	piloris.free.fr	http://piloris.free.fr/citronn.jpg
2960	corpsHtml	img	piloris.free.fr	http://piloris.free.fr/citronn.jpg
2960	corpsHtml	img	piloris.free.fr	http://piloris.free.fr/citronn.jpg
2960	corpsHtml	img	piloris.free.fr	http://piloris.free.fr/citronn.jpg
2960	corpsHtml	img	piloris.free.fr	http://piloris.free.fr/citronn.jpg
2960	corpsHtml	img	piloris.free.fr	http://piloris.free.fr/citronn.jpg
2960	corpsHtml	img	piloris.free.fr	http://piloris.free.fr/citronn.jpg
2960	corpsHtml	img	piloris.free.fr	http://piloris.free.fr/citronn.jpg
2960	corpsHtml	img	piloris.free.fr	http://piloris.free.fr/citronn.jpg
2960	corpsHtml	img	piloris.free.fr	http://piloris.free.fr/citronn.jpg
2960	corpsHtml	img	piloris.free.fr	http://piloris.free.fr/citronn.jpg
2960	corpsHtml	img	piloris.free.fr	http://piloris.free.fr/citronn.jpg
2960	corpsHtml	img	piloris.free.fr	http://piloris.free.fr/demicitronn.jpg
2960	corpsHtml	img	piloris.free.fr	http://piloris.free.fr/citronn.jpg
2960	corpsHtml	img	piloris.free.fr	http://piloris.free.fr/citronn.jpg
2960	corpsHtml	img	piloris.free.fr	http://piloris.free.fr/citronn.jpg
2960	corpsHtml	img	piloris.free.fr	http://piloris.free.fr/citronn.jpg
2960	corpsHtml	img	piloris.free.fr	http://piloris.free.fr/citronn.jpg
2960	corpsHtml	img	piloris.free.fr	http://piloris.free.fr/demicitronn.jpg
2960	corpsHtml	img	piloris.free.fr	http://piloris.free.fr/citronn.jpg
2960	corpsHtml	img	piloris.free.fr	http://piloris.free.fr/citronn.jpg
2960	corpsHtml	img	piloris.free.fr	http://piloris.free.fr/citronn.jpg
2960	corpsHtml	img	piloris.free.fr	http://piloris.free.fr/demicitronn.jpg
2960	corpsHtml	img	piloris.free.fr	http://piloris.free.fr/citronn.jpg
2960	corpsHtml	img	piloris.free.fr	http://piloris.free.fr/citronn.jpg
2960	corpsHtml	img	piloris.free.fr	http://piloris.free.fr/citronn.jpg
2960	corpsHtml	img	piloris.free.fr	http://piloris.free.fr/citronn.jpg
2960	corpsHtml	img	piloris.free.fr	http://piloris.free.fr/citronn.jpg
2960	corpsHtml	img	piloris.free.fr	http://piloris.free.fr/citronn.jpg
2960	corpsHtml	img	piloris.free.fr	http://piloris.free.fr/citronn.jpg
2960	corpsHtml	img	piloris.free.fr	http://piloris.free.fr/citronn.jpg
2960	corpsHtml	img	piloris.free.fr	http://piloris.free.fr/citronn.jpg
2960	corpsHtml	img	piloris.free.fr	http://piloris.free.fr/citronn.jpg
2960	corpsHtml	img	piloris.free.fr	http://piloris.free.fr/citronn.jpg
2960	corpsHtml	img	piloris.free.fr	http://piloris.free.fr/citronn.jpg
2960	corpsHtml	img	piloris.free.fr	http://piloris.free.fr/citronn.jpg
2960	corpsHtml	img	piloris.free.fr	http://piloris.free.fr/demicitronn.jpg
2960	corpsHtml	img	piloris.free.fr	http://piloris.free.fr/citronn.jpg
2960	corpsHtml	img	piloris.free.fr	http://piloris.free.fr/citronn.jpg
2960	corpsHtml	img	piloris.free.fr	http://piloris.free.fr/citronn.jpg
2960	corpsHtml	img	piloris.free.fr	http://piloris.free.fr/citronn.jpg
2960	corpsHtml	img	piloris.free.fr	http://piloris.free.fr/citronn.jpg
2960	corpsHtml	img	piloris.free.fr	http://piloris.free.fr/citronn.jpg
2960	corpsHtml	img	piloris.free.fr	http://piloris.free.fr/citronn.jpg
2960	corpsHtml	img	piloris.free.fr	http://piloris.free.fr/citronn.jpg
2960	corpsHtml	img	piloris.free.fr	http://piloris.free.fr/citronn.jpg
2960	corpsHtml	img	piloris.free.fr	http://piloris.free.fr/citronn.jpg
2960	corpsHtml	img	piloris.free.fr	http://piloris.free.fr/demicitronn.jpg
2960	corpsHtml	img	piloris.free.fr	http://piloris.free.fr/citronn.jpg
2960	corpsHtml	img	piloris.free.fr	http://piloris.free.fr/citronn.jpg
2960	corpsHtml	img	piloris.free.fr	http://piloris.free.fr/citronn.jpg
2960	corpsHtml	img	piloris.free.fr	http://piloris.free.fr/citronn.jpg
2960	corpsHtml	img	piloris.free.fr	http://piloris.free.fr/citronn.jpg
2960	corpsHtml	img	piloris.free.fr	http://piloris.free.fr/citronn.jpg
2960	corpsHtml	img	piloris.free.fr	http://piloris.free.fr/citronn.jpg
2960	corpsHtml	img	piloris.free.fr	http://piloris.free.fr/citronn.jpg
2960	corpsHtml	img	piloris.free.fr	http://piloris.free.fr/citronn.jpg
2960	corpsHtml	img	piloris.free.fr	http://piloris.free.fr/citronn.jpg
2960	corpsHtml	img	piloris.free.fr	http://piloris.free.fr/citronn.jpg
2960	corpsHtml	img	piloris.free.fr	http://piloris.free.fr/citronn.jpg
2960	corpsHtml	img	piloris.free.fr	http://piloris.free.fr/citronn.jpg
2960	corpsHtml	img	piloris.free.fr	http://piloris.free.fr/demicitronn.jpg
2960	corpsHtml	img	piloris.free.fr	http://piloris.free.fr/citronn.jpg
2960	corpsHtml	img	piloris.free.fr	http://piloris.free.fr/citronn.jpg
2960	corpsHtml	img	piloris.free.fr	http://piloris.free.fr/citronn.jpg
2960	corpsHtml	img	piloris.free.fr	http://piloris.free.fr/citronn.jpg
2960	corpsHtml	img	piloris.free.fr	http://piloris.free.fr/demicitronn.jpg
2960	corpsHtml	img	piloris.free.fr	http://piloris.free.fr/citronn.jpg
2960	corpsHtml	img	piloris.free.fr	http://piloris.free.fr/citronn.jpg
2960	corpsHtml	img	piloris.free.fr	http://piloris.free.fr/citronn.jpg
2960	corpsHtml	img	piloris.free.fr	http://piloris.free.fr/demicitronn.jpg
2960	corpsHtml	img	piloris.free.fr	http://piloris.free.fr/citronn.jpg
2960	corpsHtml	img	piloris.free.fr	http://piloris.free.fr/citronn.jpg
2960	corpsHtml	img	piloris.free.fr	http://piloris.free.fr/citronn.jpg
2960	corpsHtml	img	piloris.free.fr	http://piloris.free.fr/citronn.jpg
2960	corpsHtml	img	piloris.free.fr	http://piloris.free.fr/citronn.jpg
2960	corpsHtml	img	piloris.free.fr	http://piloris.free.fr/citronn.jpg
2960	corpsHtml	img	piloris.free.fr	http://piloris.free.fr/citronn.jpg
2960	corpsHtml	img	piloris.free.fr	http://piloris.free.fr/citronn.jpg
2960	corpsHtml	img	piloris.free.fr	http://piloris.free.fr/citronn.jpg
2960	corpsHtml	img	piloris.free.fr	http://piloris.free.fr/citronn.jpg
2960	corpsHtml	img	piloris.free.fr	http://piloris.free.fr/demicitronn.jpg
2960	corpsHtml	img	piloris.free.fr	http://piloris.free.fr/citronn.jpg
2960	corpsHtml	img	piloris.free.fr	http://piloris.free.fr/citronn.jpg
2960	corpsHtml	img	piloris.free.fr	http://piloris.free.fr/citronn.jpg
2960	corpsHtml	img	piloris.free.fr	http://piloris.free.fr/demicitronn.jpg
2960	corpsHtml	img	piloris.free.fr	http://piloris.free.fr/choucroute_melomaniac.png
2960	corpsHtml	img	piloris.free.fr	http://piloris.free.fr/choucroute_melomaniac.png
2960	corpsHtml	img	piloris.free.fr	http://piloris.free.fr/choucroute_melomaniac.png
2960	corpsHtml	img	piloris.free.fr	http://piloris.free.fr/choucroute_melomaniac.png
2960	corpsHtml	img	piloris.free.fr	http://piloris.free.fr/citronn.jpg
2960	corpsHtml	img	piloris.free.fr	http://piloris.free.fr/citronn.jpg
2960	corpsHtml	img	piloris.free.fr	http://piloris.free.fr/citronn.jpg
2960	corpsHtml	img	piloris.free.fr	http://piloris.free.fr/citronn.jpg
2960	corpsHtml	img	piloris.free.fr	http://piloris.free.fr/citronn.jpg
2960	corpsHtml	img	piloris.free.fr	http://piloris.free.fr/citronn.jpg
2960	corpsHtml	img	piloris.free.fr	http://piloris.free.fr/citronn.jpg
2960	corpsHtml	img	piloris.free.fr	http://piloris.free.fr/citronn.jpg
2960	corpsHtml	img	piloris.free.fr	http://piloris.free.fr/citronn.jpg
2960	corpsHtml	img	piloris.free.fr	http://piloris.free.fr/citronn.jpg
2960	corpsHtml	img	piloris.free.fr	http://piloris.free.fr/citronn.jpg
2960	corpsHtml	img	piloris.free.fr	http://piloris.free.fr/citronn.jpg
2960	corpsHtml	img	piloris.free.fr	http://piloris.free.fr/citronn.jpg
2960	corpsHtml	img	piloris.free.fr	http://piloris.free.fr/citronn.jpg
2960	corpsHtml	img	piloris.free.fr	http://piloris.free.fr/citronn.jpg
2960	corpsHtml	img	piloris.free.fr	http://piloris.free.fr/citronn.jpg
2960	corpsHtml	img	piloris.free.fr	http://piloris.free.fr/citronn.jpg
2960	corpsHtml	img	piloris.free.fr	http://piloris.free.fr/citronn.jpg
2960	corpsHtml	img	piloris.free.fr	http://piloris.free.fr/citronn.jpg
2960	corpsHtml	img	piloris.free.fr	http://piloris.free.fr/citronn.jpg
2960	corpsHtml	img	piloris.free.fr	http://piloris.free.fr/citronn.jpg
2960	corpsHtml	img	piloris.free.fr	http://piloris.free.fr/citronn.jpg
2960	corpsHtml	img	piloris.free.fr	http://piloris.free.fr/citronn.jpg
2960	corpsHtml	img	piloris.free.fr	http://piloris.free.fr/citronn.jpg
2960	corpsHtml	img	piloris.free.fr	http://piloris.free.fr/citronn.jpg
2960	corpsHtml	img	piloris.free.fr	http://piloris.free.fr/citronn.jpg
2960	corpsHtml	img	piloris.free.fr	http://piloris.free.fr/demicitronn.jpg
2960	corpsHtml	img	piloris.free.fr	http://piloris.free.fr/citronn.jpg
2960	corpsHtml	img	piloris.free.fr	http://piloris.free.fr/citronn.jpg
2960	corpsHtml	img	piloris.free.fr	http://piloris.free.fr/citronn.jpg
2960	corpsHtml	img	piloris.free.fr	http://piloris.free.fr/citronn.jpg
2960	corpsHtml	img	piloris.free.fr	http://piloris.free.fr/citronn.jpg
2960	corpsHtml	img	piloris.free.fr	http://piloris.free.fr/citronn.jpg
2960	corpsHtml	img	piloris.free.fr	http://piloris.free.fr/demicitronn.jpg
2960	corpsHtml	img	piloris.free.fr	http://piloris.free.fr/citronn.jpg
2960	corpsHtml	img	piloris.free.fr	http://piloris.free.fr/citronn.jpg
2960	corpsHtml	img	piloris.free.fr	http://piloris.free.fr/citronn.jpg
2960	corpsHtml	img	piloris.free.fr	http://piloris.free.fr/demicitronn.jpg
2960	corpsHtml	img	piloris.free.fr	http://piloris.free.fr/citronn.jpg
2960	corpsHtml	img	piloris.free.fr	http://piloris.free.fr/citronn.jpg
2960	corpsHtml	img	piloris.free.fr	http://piloris.free.fr/citronn.jpg
2960	corpsHtml	img	piloris.free.fr	http://piloris.free.fr/citronn.jpg
2960	corpsHtml	img	piloris.free.fr	http://piloris.free.fr/citronn.jpg
2960	corpsHtml	img	piloris.free.fr	http://piloris.free.fr/citronn.jpg
2960	corpsHtml	img	piloris.free.fr	http://piloris.free.fr/citronn.jpg
2960	corpsHtml	img	piloris.free.fr	http://piloris.free.fr/citronn.jpg
2960	corpsHtml	img	piloris.free.fr	http://piloris.free.fr/citronn.jpg
2960	corpsHtml	img	piloris.free.fr	http://piloris.free.fr/citronn.jpg
2960	corpsHtml	img	piloris.free.fr	http://piloris.free.fr/citronn.jpg
2960	corpsHtml	img	piloris.free.fr	http://piloris.free.fr/citronn.jpg
2960	corpsHtml	img	piloris.free.fr	http://piloris.free.fr/citronn.jpg
2960	corpsHtml	img	piloris.free.fr	http://piloris.free.fr/citronn.jpg
2960	corpsHtml	img	piloris.free.fr	http://piloris.free.fr/citronn.jpg
2960	corpsHtml	img	piloris.free.fr	http://piloris.free.fr/demicitronn.jpg
2960	corpsHtml	img	piloris.free.fr	http://piloris.free.fr/citronn.jpg
2960	corpsHtml	img	piloris.free.fr	http://piloris.free.fr/demicitronn.jpg
2960	corpsHtml	img	piloris.free.fr	http://piloris.free.fr/citronn.jpg
2960	corpsHtml	img	piloris.free.fr	http://piloris.free.fr/citronn.jpg
2960	corpsHtml	img	piloris.free.fr	http://piloris.free.fr/citronn.jpg
2960	corpsHtml	img	piloris.free.fr	http://piloris.free.fr/citronn.jpg
2960	corpsHtml	img	piloris.free.fr	http://piloris.free.fr/citronn.jpg
2960	corpsHtml	img	piloris.free.fr	http://piloris.free.fr/citronn.jpg
2960	corpsHtml	img	piloris.free.fr	http://piloris.free.fr/citronn.jpg
2960	corpsHtml	img	piloris.free.fr	http://piloris.free.fr/citronn.jpg
2960	corpsHtml	img	piloris.free.fr	http://piloris.free.fr/citronn.jpg
2960	corpsHtml	img	piloris.free.fr	http://piloris.free.fr/citronn.jpg
2960	corpsHtml	img	piloris.free.fr	http://piloris.free.fr/citronn.jpg
2960	corpsHtml	img	piloris.free.fr	http://piloris.free.fr/citronn.jpg
2960	corpsHtml	img	piloris.free.fr	http://piloris.free.fr/citronn.jpg
2960	corpsHtml	img	piloris.free.fr	http://piloris.free.fr/citronn.jpg
2960	corpsHtml	img	piloris.free.fr	http://piloris.free.fr/citronn.jpg
2960	corpsHtml	img	piloris.free.fr	http://piloris.free.fr/citronn.jpg
2960	corpsHtml	img	piloris.free.fr	http://piloris.free.fr/citronn.jpg
2960	corpsHtml	img	piloris.free.fr	http://piloris.free.fr/citronn.jpg
2960	corpsHtml	img	piloris.free.fr	http://piloris.free.fr/citronn.jpg
2960	corpsHtml	img	piloris.free.fr	http://piloris.free.fr/citronn.jpg
2960	corpsHtml	img	piloris.free.fr	http://piloris.free.fr/citronn.jpg
2960	corpsHtml	img	musicontempo.free.fr	http://musicontempo.free.fr/citron.jpg
2960	corpsHtml	img	musicontempo.free.fr	http://musicontempo.free.fr/citron.jpg
2960	corpsHtml	img	musicontempo.free.fr	http://musicontempo.free.fr/citron.jpg
2960	corpsHtml	img	musicontempo.free.fr	http://musicontempo.free.fr/citron.jpg
2960	corpsHtml	img	musicontempo.free.fr	http://musicontempo.free.fr/citron.jpg
2960	corpsHtml	img	musicontempo.free.fr	http://musicontempo.free.fr/citron.jpg
2960	corpsHtml	img	musicontempo.free.fr	http://musicontempo.free.fr/citron.jpg
2960	corpsHtml	img	musicontempo.free.fr	http://musicontempo.free.fr/citron.jpg
2960	corpsHtml	img	musicontempo.free.fr	http://musicontempo.free.fr/citron.jpg
2960	corpsHtml	img	musicontempo.free.fr	http://musicontempo.free.fr/citron.jpg
2960	corpsHtml	img	musicontempo.free.fr	http://musicontempo.free.fr/citron.jpg
2960	corpsHtml	img	musicontempo.free.fr	http://musicontempo.free.fr/citron.jpg
2960	corpsHtml	img	musicontempo.free.fr	http://musicontempo.free.fr/citron.jpg
2960	corpsHtml	img	musicontempo.free.fr	http://musicontempo.free.fr/citron.jpg
2960	corpsHtml	img	musicontempo.free.fr	http://musicontempo.free.fr/citron.jpg
2960	corpsHtml	img	musicontempo.free.fr	http://musicontempo.free.fr/colere.jpg
2960	corpsHtml	img	musicontempo.free.fr	http://musicontempo.free.fr/colere.jpg
2960	corpsHtml	img	musicontempo.free.fr	http://musicontempo.free.fr/colere.jpg
2960	corpsHtml	img	musicontempo.free.fr	http://musicontempo.free.fr/colere.jpg
2960	corpsHtml	img	musicontempo.free.fr	http://musicontempo.free.fr/colere.jpg
2960	corpsHtml	img	musicontempo.free.fr	http://musicontempo.free.fr/colere.jpg
2960	chapoHtml	img	piloris.free.fr	http://piloris.free.fr/citronn.jpg
2960	chapoHtml	img	piloris.free.fr	http://piloris.free.fr/citronn.jpg
2960	chapoHtml	img	piloris.free.fr	http://piloris.free.fr/citronn.jpg
2960	chapoHtml	img	piloris.free.fr	http://piloris.free.fr/demicitronn.jpg
2960	chapoHtml	img	piloris.free.fr	http://piloris.free.fr/citronn.jpg
2960	chapoHtml	img	piloris.free.fr	http://piloris.free.fr/citronn.jpg
2960	chapoHtml	img	piloris.free.fr	http://piloris.free.fr/citronn.jpg
2960	chapoHtml	img	piloris.free.fr	http://piloris.free.fr/citronn.jpg
2960	chapoHtml	img	piloris.free.fr	http://piloris.free.fr/citronn.jpg
2960	chapoHtml	img	piloris.free.fr	http://piloris.free.fr/citronn.jpg
2960	chapoHtml	img	piloris.free.fr	http://piloris.free.fr/citronn.jpg
2960	chapoHtml	img	piloris.free.fr	http://piloris.free.fr/demicitronn.jpg
2960	chapoHtml	img	piloris.free.fr	http://piloris.free.fr/citronn.jpg
2960	chapoHtml	img	piloris.free.fr	http://piloris.free.fr/citronn.jpg
2960	chapoHtml	img	piloris.free.fr	http://piloris.free.fr/citronn.jpg
2960	chapoHtml	img	piloris.free.fr	http://piloris.free.fr/citronn.jpg
2960	chapoHtml	img	piloris.free.fr	http://piloris.free.fr/citronn.jpg
2960	chapoHtml	img	piloris.free.fr	http://piloris.free.fr/citronn.jpg
2960	chapoHtml	img	piloris.free.fr	http://piloris.free.fr/citronn.jpg
2960	chapoHtml	img	piloris.free.fr	http://piloris.free.fr/citronn.jpg
2960	chapoHtml	img	piloris.free.fr	http://piloris.free.fr/citronn.jpg
2960	chapoHtml	img	piloris.free.fr	http://piloris.free.fr/citronn.jpg
2960	chapoHtml	img	piloris.free.fr	http://piloris.free.fr/citronn.jpg
2960	chapoHtml	img	piloris.free.fr	http://piloris.free.fr/citronn.jpg
2960	chapoHtml	img	piloris.free.fr	http://piloris.free.fr/citronn.jpg
2960	chapoHtml	img	piloris.free.fr	http://piloris.free.fr/citronn.jpg
2960	chapoHtml	img	piloris.free.fr	http://piloris.free.fr/citronn.jpg
2960	chapoHtml	img	piloris.free.fr	http://piloris.free.fr/citronn.jpg
2960	chapoHtml	img	piloris.free.fr	http://piloris.free.fr/citronn.jpg
2960	chapoHtml	img	piloris.free.fr	http://piloris.free.fr/citronn.jpg
2960	chapoHtml	img	piloris.free.fr	http://piloris.free.fr/citronn.jpg
2960	chapoHtml	img	piloris.free.fr	http://piloris.free.fr/citronn.jpg
2960	chapoHtml	img	piloris.free.fr	http://piloris.free.fr/citronn.jpg
2960	chapoHtml	img	piloris.free.fr	http://piloris.free.fr/citronn.jpg
2960	chapoHtml	img	piloris.free.fr	http://piloris.free.fr/citronn.jpg
2960	chapoHtml	img	piloris.free.fr	http://piloris.free.fr/citronn.jpg
2960	chapoHtml	img	piloris.free.fr	http://piloris.free.fr/citronn.jpg
2960	chapoHtml	img	piloris.free.fr	http://piloris.free.fr/citronn.jpg
2960	chapoHtml	img	piloris.free.fr	http://piloris.free.fr/citronn.jpg
2960	chapoHtml	img	piloris.free.fr	http://piloris.free.fr/citronn.jpg
2960	chapoHtml	img	piloris.free.fr	http://piloris.free.fr/citronn.jpg
2960	chapoHtml	img	piloris.free.fr	http://piloris.free.fr/citronn.jpg
2960	chapoHtml	img	piloris.free.fr	http://piloris.free.fr/citronn.jpg
2960	chapoHtml	img	piloris.free.fr	http://piloris.free.fr/citronn.jpg
2960	chapoHtml	img	piloris.free.fr	http://piloris.free.fr/citronn.jpg
2960	chapoHtml	img	piloris.free.fr	http://piloris.free.fr/citronn.jpg
2960	chapoHtml	img	piloris.free.fr	http://piloris.free.fr/citronn.jpg
2960	chapoHtml	img	piloris.free.fr	http://piloris.free.fr/citronn.jpg
2960	chapoHtml	img	piloris.free.fr	http://piloris.free.fr/citronn.jpg
2960	chapoHtml	img	piloris.free.fr	http://piloris.free.fr/demicitronn.jpg
2962	corpsHtml	img	musicontempo.free.fr	http://musicontempo.free.fr/citron.jpg
2962	corpsHtml	img	musicontempo.free.fr	http://musicontempo.free.fr/citron.jpg
2962	corpsHtml	img	musicontempo.free.fr	http://musicontempo.free.fr/citron.jpg
2962	corpsHtml	img	musicontempo.free.fr	http://musicontempo.free.fr/citron.jpg
2962	corpsHtml	img	musicontempo.free.fr	http://musicontempo.free.fr/citron.jpg
2962	corpsHtml	img	musicontempo.free.fr	http://musicontempo.free.fr/citron.jpg
2962	corpsHtml	img	musicontempo.free.fr	http://musicontempo.free.fr/citron.jpg
2962	corpsHtml	img	musicontempo.free.fr	http://musicontempo.free.fr/citron.jpg
2962	corpsHtml	img	musicontempo.free.fr	http://musicontempo.free.fr/citron.jpg
2962	corpsHtml	img	musicontempo.free.fr	http://musicontempo.free.fr/citron.jpg
2962	corpsHtml	img	musicontempo.free.fr	http://musicontempo.free.fr/citron.jpg
2962	corpsHtml	img	musicontempo.free.fr	http://musicontempo.free.fr/citron.jpg
2962	corpsHtml	img	musicontempo.free.fr	http://musicontempo.free.fr/citron.jpg
2962	corpsHtml	img	musicontempo.free.fr	http://musicontempo.free.fr/citron.jpg
2962	corpsHtml	img	musicontempo.free.fr	http://musicontempo.free.fr/citron.jpg
2962	corpsHtml	img	musicontempo.free.fr	http://musicontempo.free.fr/colere.jpg
2962	corpsHtml	img	musicontempo.free.fr	http://musicontempo.free.fr/colere.jpg
2962	corpsHtml	img	musicontempo.free.fr	http://musicontempo.free.fr/colere.jpg
2962	corpsHtml	img	musicontempo.free.fr	http://musicontempo.free.fr/colere.jpg
2962	corpsHtml	img	musicontempo.free.fr	http://musicontempo.free.fr/colere.jpg
2962	corpsHtml	img	musicontempo.free.fr	http://musicontempo.free.fr/colere.jpg
2962	chapoHtml	img	piloris.free.fr	http://piloris.free.fr/citronn.jpg
2962	chapoHtml	img	piloris.free.fr	http://piloris.free.fr/citronn.jpg
2962	chapoHtml	img	piloris.free.fr	http://piloris.free.fr/citronn.jpg
2962	chapoHtml	img	piloris.free.fr	http://piloris.free.fr/demicitronn.jpg
2962	chapoHtml	img	piloris.free.fr	http://piloris.free.fr/citronn.jpg
2962	chapoHtml	img	piloris.free.fr	http://piloris.free.fr/citronn.jpg
2962	chapoHtml	img	piloris.free.fr	http://piloris.free.fr/citronn.jpg
2962	chapoHtml	img	piloris.free.fr	http://piloris.free.fr/demicitronn.jpg
2962	chapoHtml	img	piloris.free.fr	http://piloris.free.fr/citronn.jpg
2962	chapoHtml	img	piloris.free.fr	http://piloris.free.fr/citronn.jpg
2962	chapoHtml	img	piloris.free.fr	http://piloris.free.fr/citronn.jpg
2962	chapoHtml	img	piloris.free.fr	http://piloris.free.fr/demicitronn.jpg
2962	chapoHtml	img	piloris.free.fr	http://piloris.free.fr/citronn.jpg
2962	chapoHtml	img	piloris.free.fr	http://piloris.free.fr/citronn.jpg
2962	chapoHtml	img	piloris.free.fr	http://piloris.free.fr/citronn.jpg
2962	chapoHtml	img	piloris.free.fr	http://piloris.free.fr/citronn.jpg
2962	chapoHtml	img	piloris.free.fr	http://piloris.free.fr/citronn.jpg
2962	chapoHtml	img	piloris.free.fr	http://piloris.free.fr/citronn.jpg
2962	chapoHtml	img	piloris.free.fr	http://piloris.free.fr/citronn.jpg
2962	chapoHtml	img	piloris.free.fr	http://piloris.free.fr/citronn.jpg
2962	chapoHtml	img	piloris.free.fr	http://piloris.free.fr/citronn.jpg
2962	chapoHtml	img	piloris.free.fr	http://piloris.free.fr/demicitronn.jpg
2962	chapoHtml	img	piloris.free.fr	http://piloris.free.fr/citronn.jpg
2962	chapoHtml	img	piloris.free.fr	http://piloris.free.fr/citronn.jpg
2962	chapoHtml	img	piloris.free.fr	http://piloris.free.fr/citronn.jpg
2962	chapoHtml	img	piloris.free.fr	http://piloris.free.fr/demicitronn.jpg
2962	chapoHtml	img	piloris.free.fr	http://piloris.free.fr/citronn.jpg
2962	chapoHtml	img	piloris.free.fr	http://piloris.free.fr/citronn.jpg
2962	chapoHtml	img	piloris.free.fr	http://piloris.free.fr/citronn.jpg
2962	chapoHtml	img	piloris.free.fr	http://piloris.free.fr/demicitronn.jpg
2962	chapoHtml	img	piloris.free.fr	http://piloris.free.fr/citronn.jpg
2962	chapoHtml	img	piloris.free.fr	http://piloris.free.fr/citronn.jpg
2962	chapoHtml	img	piloris.free.fr	http://piloris.free.fr/demicitronn.jpg
2962	chapoHtml	img	piloris.free.fr	http://piloris.free.fr/citronn.jpg
2962	chapoHtml	img	piloris.free.fr	http://piloris.free.fr/citronn.jpg
2962	chapoHtml	img	piloris.free.fr	http://piloris.free.fr/citronn.jpg
2962	chapoHtml	img	piloris.free.fr	http://piloris.free.fr/citronn.jpg
2962	chapoHtml	img	piloris.free.fr	http://piloris.free.fr/citronn.jpg
2962	chapoHtml	img	piloris.free.fr	http://piloris.free.fr/citronn.jpg
2962	chapoHtml	img	piloris.free.fr	http://piloris.free.fr/citronn.jpg
2962	chapoHtml	img	piloris.free.fr	http://piloris.free.fr/citronn.jpg
2962	chapoHtml	img	piloris.free.fr	http://piloris.free.fr/demicitronn.jpg
2964	corpsHtml	audio	operacritiques.free.fr	http://operacritiques.free.fr/css/sons/falstaff_ensemble_binaire_ternaire.mp3
2964	corpsHtml	audio	operacritiques.free.fr	http://operacritiques.free.fr/css/sons/falstaff_amaigrissement.mp3
2964	corpsHtml	audio	operacritiques.free.fr	http://operacritiques.free.fr/css/sons/falstaff_4_cors_alice.mp3
2964	corpsHtml	audio	operacritiques.free.fr	http://operacritiques.free.fr/css/sons/falstaff_ford.mp3
2964	corpsHtml	audio	operacritiques.free.fr	http://operacritiques.free.fr/css/sons/falstaff_ford_propre_parodie.mp3
2964	corpsHtml	audio	operacritiques.free.fr	http://operacritiques.free.fr/css/sons/falstaff_ford_posa_renato.mp3
2964	corpsHtml	audio	operacritiques.free.fr	http://operacritiques.free.fr/css/sons/falstaff_ford_filippo_cors.mp3
2964	corpsHtml	audio	operacritiques.free.fr	http://operacritiques.free.fr/css/sons/verdi_carlos_filippo_cors.mp3
2964	corpsHtml	audio	operacritiques.free.fr	http://operacritiques.free.fr/css/sons/falstaff_ford_theme_alice.mp3
2964	corpsHtml	audio	operacritiques.free.fr	http://operacritiques.free.fr/css/sons/falstaff_ford_lettre_alice.mp3
2964	corpsHtml	audio	operacritiques.free.fr	http://operacritiques.free.fr/css/sons/falstaff_corna.mp3
2964	corpsHtml	audio	operacritiques.free.fr	http://operacritiques.free.fr/css/sons/falstaff_ford_cornes_1.mp3
2964	corpsHtml	audio	operacritiques.free.fr	http://operacritiques.free.fr/css/sons/falstaff_ford_cornes_2.mp3
2964	corpsHtml	audio	operacritiques.free.fr	http://operacritiques.free.fr/css/sons/falstaff_ford_cornes_3.mp3
2964	corpsHtml	audio	operacritiques.free.fr	http://operacritiques.free.fr/css/sons/falstaff_quickly_due_tre.mp3
2964	corpsHtml	audio	operacritiques.free.fr	http://operacritiques.free.fr/css/sons/falstaff_ford_filippo_cors.mp3
2964	corpsHtml	audio	operacritiques.free.fr	http://operacritiques.free.fr/css/sons/falstaff_ford_geloso_theme.mp3
2964	corpsHtml	audio	operacritiques.free.fr	http://operacritiques.free.fr/css/sons/falstaff_ford_geloso_reprise.mp3
2964	corpsHtml	audio	operacritiques.free.fr	http://operacritiques.free.fr/css/sons/falstaff_immenso.mp3
2964	corpsHtml	audio	operacritiques.free.fr	http://operacritiques.free.fr/css/sons/nabucco_immenso.mp3
2977	corpsHtml	lien	www.klaus-roth.de	http://www.klaus-roth.de/wp-content/uploads/0129-1062-p-05-web1800-D.jpg
2982	corpsHtml	audio	operacritiques.free.fr	http://operacritiques.free.fr/css/sons/steffani_placidissime_catene_esswood_watkinson.mp4
2982	corpsHtml	audio	operacritiques.free.fr	http://operacritiques.free.fr/css/sons/steffani_liberta_mazzucato_watkinson.mp4
2982	corpsHtml	audio	operacritiques.free.fr	http://operacritiques.free.fr/css/sons/steffani_niobe_ouv_strates.mp4
2991	corpsHtml	audio	operacritiques.free.fr	http://operacritiques.free.fr/css/sons/chabert_marseillaise.mp3
2991	corpsHtml	audio	operacritiques.free.fr	http://operacritiques.free.fr/css/sons/chabert_duo.mp3
2993	corpsHtml	audio	operacritiques.free.fr	http://operacritiques.free.fr/css/sons/psyche_cyclopes.mp3
2993	corpsHtml	audio	operacritiques.free.fr	http://operacritiques.free.fr/css/sons/psyche_furies.mp3
2993	corpsHtml	audio	operacritiques.free.fr	http://operacritiques.free.fr/css/sons/psyche_pleurons.mp3
2993	corpsHtml	audio	operacritiques.free.fr	http://operacritiques.free.fr/css/sons/psyche_roi.mp3
3004	corpsHtml	img	piloris.free.fr	http://piloris.free.fr/citronn.jpg
3004	corpsHtml	img	piloris.free.fr	http://piloris.free.fr/citronn.jpg
3004	corpsHtml	img	piloris.free.fr	http://piloris.free.fr/citronn.jpg
3004	corpsHtml	img	piloris.free.fr	http://piloris.free.fr/demicitronn.jpg
3004	corpsHtml	img	piloris.free.fr	http://piloris.free.fr/citronn.jpg
3004	corpsHtml	img	piloris.free.fr	http://piloris.free.fr/citronn.jpg
3004	corpsHtml	img	piloris.free.fr	http://piloris.free.fr/citronn.jpg
3004	corpsHtml	img	piloris.free.fr	http://piloris.free.fr/demicitronn.jpg
3004	corpsHtml	img	piloris.free.fr	http://piloris.free.fr/citronn.jpg
3004	corpsHtml	img	piloris.free.fr	http://piloris.free.fr/citronn.jpg
3004	corpsHtml	img	piloris.free.fr	http://piloris.free.fr/citronn.jpg
3004	corpsHtml	img	piloris.free.fr	http://piloris.free.fr/demicitronn.jpg
3004	corpsHtml	img	piloris.free.fr	http://piloris.free.fr/citronn.jpg
3004	corpsHtml	img	piloris.free.fr	http://piloris.free.fr/citronn.jpg
3004	corpsHtml	img	piloris.free.fr	http://piloris.free.fr/citronn.jpg
3004	corpsHtml	img	piloris.free.fr	http://piloris.free.fr/citronn.jpg
3004	corpsHtml	img	piloris.free.fr	http://piloris.free.fr/citronn.jpg
3004	corpsHtml	img	piloris.free.fr	http://piloris.free.fr/citronn.jpg
3004	corpsHtml	img	piloris.free.fr	http://piloris.free.fr/citronn.jpg
3004	corpsHtml	img	piloris.free.fr	http://piloris.free.fr/citronn.jpg
3004	corpsHtml	img	piloris.free.fr	http://piloris.free.fr/citronn.jpg
3004	corpsHtml	img	piloris.free.fr	http://piloris.free.fr/citronn.jpg
3004	corpsHtml	img	piloris.free.fr	http://piloris.free.fr/citronn.jpg
3004	corpsHtml	img	piloris.free.fr	http://piloris.free.fr/demicitronn.jpg
3004	corpsHtml	img	piloris.free.fr	http://piloris.free.fr/citronn.jpg
3004	corpsHtml	img	piloris.free.fr	http://piloris.free.fr/citronn.jpg
3004	corpsHtml	img	piloris.free.fr	http://piloris.free.fr/citronn.jpg
3004	corpsHtml	img	piloris.free.fr	http://piloris.free.fr/citronn.jpg
3004	corpsHtml	img	piloris.free.fr	http://piloris.free.fr/citronn.jpg
3004	corpsHtml	img	piloris.free.fr	http://piloris.free.fr/citronn.jpg
3004	corpsHtml	img	piloris.free.fr	http://piloris.free.fr/demicitronn.jpg
3004	corpsHtml	img	piloris.free.fr	http://piloris.free.fr/citronn.jpg
3004	corpsHtml	img	piloris.free.fr	http://piloris.free.fr/citronn.jpg
3004	corpsHtml	img	piloris.free.fr	http://piloris.free.fr/citronn.jpg
3004	corpsHtml	img	piloris.free.fr	http://piloris.free.fr/citronn.jpg
3004	corpsHtml	img	piloris.free.fr	http://piloris.free.fr/citronn.jpg
3004	corpsHtml	img	piloris.free.fr	http://piloris.free.fr/citronn.jpg
3004	corpsHtml	img	piloris.free.fr	http://piloris.free.fr/citronn.jpg
3004	corpsHtml	img	piloris.free.fr	http://piloris.free.fr/citronn.jpg
3004	corpsHtml	img	piloris.free.fr	http://piloris.free.fr/citronn.jpg
3004	corpsHtml	img	piloris.free.fr	http://piloris.free.fr/citronn.jpg
3004	corpsHtml	img	piloris.free.fr	http://piloris.free.fr/citronn.jpg
3004	corpsHtml	img	piloris.free.fr	http://piloris.free.fr/demicitronn.jpg
3004	corpsHtml	img	piloris.free.fr	http://piloris.free.fr/citronn.jpg
3004	corpsHtml	img	piloris.free.fr	http://piloris.free.fr/citronn.jpg
3004	corpsHtml	img	piloris.free.fr	http://piloris.free.fr/citronn.jpg
3004	corpsHtml	img	piloris.free.fr	http://piloris.free.fr/citronn.jpg
3004	corpsHtml	img	piloris.free.fr	http://piloris.free.fr/citronn.jpg
3004	corpsHtml	img	piloris.free.fr	http://piloris.free.fr/citronn.jpg
3004	corpsHtml	img	piloris.free.fr	http://piloris.free.fr/citronn.jpg
3004	corpsHtml	img	piloris.free.fr	http://piloris.free.fr/citronn.jpg
3004	corpsHtml	img	piloris.free.fr	http://piloris.free.fr/citronn.jpg
3004	corpsHtml	img	piloris.free.fr	http://piloris.free.fr/citronn.jpg
3004	corpsHtml	img	piloris.free.fr	http://piloris.free.fr/citronn.jpg
3004	corpsHtml	img	piloris.free.fr	http://piloris.free.fr/citronn.jpg
3004	corpsHtml	img	piloris.free.fr	http://piloris.free.fr/citronn.jpg
3004	corpsHtml	img	piloris.free.fr	http://piloris.free.fr/citronn.jpg
3004	corpsHtml	img	piloris.free.fr	http://piloris.free.fr/citronn.jpg
3004	corpsHtml	img	piloris.free.fr	http://piloris.free.fr/citronn.jpg
3004	corpsHtml	img	piloris.free.fr	http://piloris.free.fr/citronn.jpg
3004	corpsHtml	img	piloris.free.fr	http://piloris.free.fr/citronn.jpg
3004	corpsHtml	img	piloris.free.fr	http://piloris.free.fr/citronn.jpg
3004	corpsHtml	img	piloris.free.fr	http://piloris.free.fr/citronn.jpg
3004	corpsHtml	img	piloris.free.fr	http://piloris.free.fr/citronn.jpg
3004	corpsHtml	img	piloris.free.fr	http://piloris.free.fr/citronn.jpg
3004	corpsHtml	img	piloris.free.fr	http://piloris.free.fr/citronn.jpg
3004	corpsHtml	img	piloris.free.fr	http://piloris.free.fr/citronn.jpg
3004	corpsHtml	img	piloris.free.fr	http://piloris.free.fr/citronn.jpg
3004	corpsHtml	img	piloris.free.fr	http://piloris.free.fr/citronn.jpg
3004	corpsHtml	img	piloris.free.fr	http://piloris.free.fr/citronn.jpg
3004	corpsHtml	img	piloris.free.fr	http://piloris.free.fr/citronn.jpg
3004	corpsHtml	img	piloris.free.fr	http://piloris.free.fr/citronn.jpg
3004	corpsHtml	img	piloris.free.fr	http://piloris.free.fr/citronn.jpg
3004	corpsHtml	img	piloris.free.fr	http://piloris.free.fr/citronn.jpg
3004	corpsHtml	img	piloris.free.fr	http://piloris.free.fr/citronn.jpg
3004	corpsHtml	img	piloris.free.fr	http://piloris.free.fr/citronn.jpg
3004	corpsHtml	img	piloris.free.fr	http://piloris.free.fr/citronn.jpg
3004	corpsHtml	img	piloris.free.fr	http://piloris.free.fr/citronn.jpg
3004	corpsHtml	img	piloris.free.fr	http://piloris.free.fr/citronn.jpg
3004	corpsHtml	img	piloris.free.fr	http://piloris.free.fr/demicitronn.jpg
3004	corpsHtml	img	piloris.free.fr	http://piloris.free.fr/citronn.jpg
3004	corpsHtml	img	piloris.free.fr	http://piloris.free.fr/citronn.jpg
3004	corpsHtml	img	piloris.free.fr	http://piloris.free.fr/citronn.jpg
3004	corpsHtml	img	piloris.free.fr	http://piloris.free.fr/citronn.jpg
3004	corpsHtml	img	piloris.free.fr	http://piloris.free.fr/citronn.jpg
3004	corpsHtml	img	piloris.free.fr	http://piloris.free.fr/citronn.jpg
3004	corpsHtml	img	piloris.free.fr	http://piloris.free.fr/citronn.jpg
3004	corpsHtml	img	piloris.free.fr	http://piloris.free.fr/citronn.jpg
3004	corpsHtml	img	piloris.free.fr	http://piloris.free.fr/citronn.jpg
3004	corpsHtml	img	piloris.free.fr	http://piloris.free.fr/citronn.jpg
3004	corpsHtml	img	piloris.free.fr	http://piloris.free.fr/citronn.jpg
3004	corpsHtml	img	piloris.free.fr	http://piloris.free.fr/citronn.jpg
3004	corpsHtml	img	piloris.free.fr	http://piloris.free.fr/citronn.jpg
3004	corpsHtml	img	piloris.free.fr	http://piloris.free.fr/citronn.jpg
3004	corpsHtml	img	piloris.free.fr	http://piloris.free.fr/citronn.jpg
3004	corpsHtml	img	piloris.free.fr	http://piloris.free.fr/demicitronn.jpg
3004	corpsHtml	img	piloris.free.fr	http://piloris.free.fr/citronn.jpg
3004	corpsHtml	img	piloris.free.fr	http://piloris.free.fr/citronn.jpg
3004	corpsHtml	img	piloris.free.fr	http://piloris.free.fr/citronn.jpg
3004	corpsHtml	img	piloris.free.fr	http://piloris.free.fr/citronn.jpg
3004	corpsHtml	img	piloris.free.fr	http://piloris.free.fr/demicitronn.jpg
3004	corpsHtml	img	piloris.free.fr	http://piloris.free.fr/citronn.jpg
3004	corpsHtml	img	piloris.free.fr	http://piloris.free.fr/citronn.jpg
3004	corpsHtml	img	piloris.free.fr	http://piloris.free.fr/citronn.jpg
3004	corpsHtml	img	piloris.free.fr	http://piloris.free.fr/citronn.jpg
3004	corpsHtml	img	piloris.free.fr	http://piloris.free.fr/demicitronn.jpg
3004	corpsHtml	img	piloris.free.fr	http://piloris.free.fr/citronn.jpg
3004	corpsHtml	img	piloris.free.fr	http://piloris.free.fr/citronn.jpg
3004	corpsHtml	img	piloris.free.fr	http://piloris.free.fr/citronn.jpg
3004	corpsHtml	img	piloris.free.fr	http://piloris.free.fr/citronn.jpg
3004	corpsHtml	img	piloris.free.fr	http://piloris.free.fr/citronn.jpg
3004	corpsHtml	img	piloris.free.fr	http://piloris.free.fr/citronn.jpg
3004	corpsHtml	img	piloris.free.fr	http://piloris.free.fr/citronn.jpg
3004	corpsHtml	img	piloris.free.fr	http://piloris.free.fr/citronn.jpg
3004	corpsHtml	img	piloris.free.fr	http://piloris.free.fr/citronn.jpg
3004	corpsHtml	img	piloris.free.fr	http://piloris.free.fr/citronn.jpg
3004	corpsHtml	img	piloris.free.fr	http://piloris.free.fr/citronn.jpg
3004	corpsHtml	img	piloris.free.fr	http://piloris.free.fr/citronn.jpg
3004	corpsHtml	img	piloris.free.fr	http://piloris.free.fr/demicitronn.jpg
3004	corpsHtml	img	piloris.free.fr	http://piloris.free.fr/citronn.jpg
3004	corpsHtml	img	piloris.free.fr	http://piloris.free.fr/citronn.jpg
3004	corpsHtml	img	piloris.free.fr	http://piloris.free.fr/citronn.jpg
3004	corpsHtml	img	piloris.free.fr	http://piloris.free.fr/citronn.jpg
3004	corpsHtml	img	piloris.free.fr	http://piloris.free.fr/citronn.jpg
3004	corpsHtml	img	piloris.free.fr	http://piloris.free.fr/citronn.jpg
3004	corpsHtml	img	piloris.free.fr	http://piloris.free.fr/citronn.jpg
3004	corpsHtml	img	piloris.free.fr	http://piloris.free.fr/citronn.jpg
3004	corpsHtml	img	piloris.free.fr	http://piloris.free.fr/demicitronn.jpg
3004	corpsHtml	img	piloris.free.fr	http://piloris.free.fr/citronn.jpg
3004	corpsHtml	img	piloris.free.fr	http://piloris.free.fr/citronn.jpg
3004	corpsHtml	img	piloris.free.fr	http://piloris.free.fr/citronn.jpg
3004	corpsHtml	img	piloris.free.fr	http://piloris.free.fr/demicitronn.jpg
3004	corpsHtml	img	piloris.free.fr	http://piloris.free.fr/citronn.jpg
3004	corpsHtml	img	piloris.free.fr	http://piloris.free.fr/citronn.jpg
3004	corpsHtml	img	piloris.free.fr	http://piloris.free.fr/citronn.jpg
3004	corpsHtml	img	piloris.free.fr	http://piloris.free.fr/demicitronn.jpg
3004	corpsHtml	img	piloris.free.fr	http://piloris.free.fr/citronn.jpg
3004	corpsHtml	img	piloris.free.fr	http://piloris.free.fr/citronn.jpg
3004	corpsHtml	img	piloris.free.fr	http://piloris.free.fr/citronn.jpg
3004	corpsHtml	img	piloris.free.fr	http://piloris.free.fr/citronn.jpg
3004	corpsHtml	img	piloris.free.fr	http://piloris.free.fr/citronn.jpg
3004	corpsHtml	img	piloris.free.fr	http://piloris.free.fr/citronn.jpg
3004	corpsHtml	img	piloris.free.fr	http://piloris.free.fr/citronn.jpg
3004	corpsHtml	img	piloris.free.fr	http://piloris.free.fr/citronn.jpg
3004	corpsHtml	img	piloris.free.fr	http://piloris.free.fr/citronn.jpg
3004	corpsHtml	img	piloris.free.fr	http://piloris.free.fr/demicitronn.jpg
3004	corpsHtml	img	piloris.free.fr	http://piloris.free.fr/citronn.jpg
3004	corpsHtml	img	piloris.free.fr	http://piloris.free.fr/citronn.jpg
3004	corpsHtml	img	piloris.free.fr	http://piloris.free.fr/citronn.jpg
3004	corpsHtml	img	piloris.free.fr	http://piloris.free.fr/citronn.jpg
3004	corpsHtml	img	piloris.free.fr	http://piloris.free.fr/citronn.jpg
3004	corpsHtml	img	piloris.free.fr	http://piloris.free.fr/citronn.jpg
3004	corpsHtml	img	piloris.free.fr	http://piloris.free.fr/citronn.jpg
3004	corpsHtml	img	piloris.free.fr	http://piloris.free.fr/citronn.jpg
3004	corpsHtml	img	piloris.free.fr	http://piloris.free.fr/citronn.jpg
3004	corpsHtml	img	piloris.free.fr	http://piloris.free.fr/citronn.jpg
3004	corpsHtml	img	piloris.free.fr	http://piloris.free.fr/citronn.jpg
3004	corpsHtml	img	piloris.free.fr	http://piloris.free.fr/citronn.jpg
3004	corpsHtml	img	piloris.free.fr	http://piloris.free.fr/citronn.jpg
3004	corpsHtml	img	piloris.free.fr	http://piloris.free.fr/citronn.jpg
3004	corpsHtml	img	piloris.free.fr	http://piloris.free.fr/citronn.jpg
3004	corpsHtml	img	piloris.free.fr	http://piloris.free.fr/citronn.jpg
3004	corpsHtml	img	piloris.free.fr	http://piloris.free.fr/citronn.jpg
3004	corpsHtml	img	piloris.free.fr	http://piloris.free.fr/citronn.jpg
3004	corpsHtml	img	piloris.free.fr	http://piloris.free.fr/citronn.jpg
3004	corpsHtml	img	piloris.free.fr	http://piloris.free.fr/citronn.jpg
3004	corpsHtml	img	piloris.free.fr	http://piloris.free.fr/citronn.jpg
3004	corpsHtml	img	piloris.free.fr	http://piloris.free.fr/citronn.jpg
3004	corpsHtml	img	piloris.free.fr	http://piloris.free.fr/demicitronn.jpg
3004	corpsHtml	img	piloris.free.fr	http://piloris.free.fr/citronn.jpg
3004	corpsHtml	img	piloris.free.fr	http://piloris.free.fr/citronn.jpg
3004	corpsHtml	img	piloris.free.fr	http://piloris.free.fr/citronn.jpg
3004	corpsHtml	img	piloris.free.fr	http://piloris.free.fr/citronn.jpg
3004	corpsHtml	img	piloris.free.fr	http://piloris.free.fr/citronn.jpg
3004	corpsHtml	img	piloris.free.fr	http://piloris.free.fr/citronn.jpg
3004	corpsHtml	img	piloris.free.fr	http://piloris.free.fr/citronn.jpg
3004	corpsHtml	img	piloris.free.fr	http://piloris.free.fr/citronn.jpg
3004	corpsHtml	img	piloris.free.fr	http://piloris.free.fr/citronn.jpg
3004	corpsHtml	img	piloris.free.fr	http://piloris.free.fr/citronn.jpg
3004	corpsHtml	img	piloris.free.fr	http://piloris.free.fr/citronn.jpg
3004	corpsHtml	img	piloris.free.fr	http://piloris.free.fr/citronn.jpg
3004	corpsHtml	img	piloris.free.fr	http://piloris.free.fr/citronn.jpg
3004	corpsHtml	img	piloris.free.fr	http://piloris.free.fr/citronn.jpg
3004	corpsHtml	img	piloris.free.fr	http://piloris.free.fr/citronn.jpg
3004	corpsHtml	img	piloris.free.fr	http://piloris.free.fr/citronn.jpg
3004	corpsHtml	img	piloris.free.fr	http://piloris.free.fr/citronn.jpg
3004	corpsHtml	img	piloris.free.fr	http://piloris.free.fr/citronn.jpg
3004	corpsHtml	img	piloris.free.fr	http://piloris.free.fr/citronn.jpg
3004	corpsHtml	img	piloris.free.fr	http://piloris.free.fr/citronn.jpg
3004	corpsHtml	img	piloris.free.fr	http://piloris.free.fr/citronn.jpg
3004	corpsHtml	img	piloris.free.fr	http://piloris.free.fr/citronn.jpg
3004	corpsHtml	img	piloris.free.fr	http://piloris.free.fr/citronn.jpg
3004	corpsHtml	img	piloris.free.fr	http://piloris.free.fr/citronn.jpg
3004	corpsHtml	img	piloris.free.fr	http://piloris.free.fr/citronn.jpg
3004	corpsHtml	img	piloris.free.fr	http://piloris.free.fr/citronn.jpg
3004	corpsHtml	img	piloris.free.fr	http://piloris.free.fr/citronn.jpg
3004	corpsHtml	img	piloris.free.fr	http://piloris.free.fr/citronn.jpg
3004	corpsHtml	img	piloris.free.fr	http://piloris.free.fr/citronn.jpg
3004	corpsHtml	img	piloris.free.fr	http://piloris.free.fr/citronn.jpg
3004	corpsHtml	img	piloris.free.fr	http://piloris.free.fr/demicitronn.jpg
3004	corpsHtml	img	piloris.free.fr	http://piloris.free.fr/citronn.jpg
3004	corpsHtml	img	piloris.free.fr	http://piloris.free.fr/citronn.jpg
3004	corpsHtml	img	piloris.free.fr	http://piloris.free.fr/citronn.jpg
3004	corpsHtml	img	piloris.free.fr	http://piloris.free.fr/citronn.jpg
3004	corpsHtml	img	piloris.free.fr	http://piloris.free.fr/citronn.jpg
3004	corpsHtml	img	piloris.free.fr	http://piloris.free.fr/citronn.jpg
3004	corpsHtml	img	piloris.free.fr	http://piloris.free.fr/citronn.jpg
3004	corpsHtml	img	piloris.free.fr	http://piloris.free.fr/citronn.jpg
3004	corpsHtml	img	piloris.free.fr	http://piloris.free.fr/citronn.jpg
3004	corpsHtml	img	piloris.free.fr	http://piloris.free.fr/citronn.jpg
3004	corpsHtml	img	piloris.free.fr	http://piloris.free.fr/citronn.jpg
3004	corpsHtml	img	piloris.free.fr	http://piloris.free.fr/citronn.jpg
3004	corpsHtml	img	piloris.free.fr	http://piloris.free.fr/citronn.jpg
3004	corpsHtml	img	piloris.free.fr	http://piloris.free.fr/citronn.jpg
3004	corpsHtml	img	piloris.free.fr	http://piloris.free.fr/citronn.jpg
3004	corpsHtml	img	piloris.free.fr	http://piloris.free.fr/citronn.jpg
3004	corpsHtml	img	piloris.free.fr	http://piloris.free.fr/demicitronn.jpg
3004	corpsHtml	img	piloris.free.fr	http://piloris.free.fr/citronn.jpg
3004	corpsHtml	img	piloris.free.fr	http://piloris.free.fr/citronn.jpg
3004	corpsHtml	img	piloris.free.fr	http://piloris.free.fr/citronn.jpg
3004	corpsHtml	img	piloris.free.fr	http://piloris.free.fr/citronn.jpg
3004	corpsHtml	img	piloris.free.fr	http://piloris.free.fr/citronn.jpg
3004	corpsHtml	img	piloris.free.fr	http://piloris.free.fr/citronn.jpg
3004	corpsHtml	img	piloris.free.fr	http://piloris.free.fr/citronn.jpg
3004	corpsHtml	img	piloris.free.fr	http://piloris.free.fr/citronn.jpg
3004	corpsHtml	img	piloris.free.fr	http://piloris.free.fr/citronn.jpg
3004	corpsHtml	img	piloris.free.fr	http://piloris.free.fr/demicitronn.jpg
3004	corpsHtml	img	piloris.free.fr	http://piloris.free.fr/citronn.jpg
3004	corpsHtml	img	piloris.free.fr	http://piloris.free.fr/citronn.jpg
3004	corpsHtml	img	piloris.free.fr	http://piloris.free.fr/citronn.jpg
3004	corpsHtml	img	piloris.free.fr	http://piloris.free.fr/citronn.jpg
3004	corpsHtml	img	piloris.free.fr	http://piloris.free.fr/citronn.jpg
3004	corpsHtml	img	piloris.free.fr	http://piloris.free.fr/citronn.jpg
3004	corpsHtml	img	piloris.free.fr	http://piloris.free.fr/citronn.jpg
3004	corpsHtml	img	piloris.free.fr	http://piloris.free.fr/citronn.jpg
3004	corpsHtml	img	piloris.free.fr	http://piloris.free.fr/citronn.jpg
3004	corpsHtml	img	piloris.free.fr	http://piloris.free.fr/citronn.jpg
3004	corpsHtml	img	piloris.free.fr	http://piloris.free.fr/citronn.jpg
3004	corpsHtml	img	piloris.free.fr	http://piloris.free.fr/citronn.jpg
3004	corpsHtml	img	piloris.free.fr	http://piloris.free.fr/citronn.jpg
3004	corpsHtml	img	piloris.free.fr	http://piloris.free.fr/citronn.jpg
3004	corpsHtml	img	piloris.free.fr	http://piloris.free.fr/citronn.jpg
3004	corpsHtml	img	piloris.free.fr	http://piloris.free.fr/citronn.jpg
3004	corpsHtml	img	piloris.free.fr	http://piloris.free.fr/citronn.jpg
3004	corpsHtml	img	piloris.free.fr	http://piloris.free.fr/citronn.jpg
3004	corpsHtml	img	piloris.free.fr	http://piloris.free.fr/citronn.jpg
3004	corpsHtml	img	piloris.free.fr	http://piloris.free.fr/demicitronn.jpg
3004	corpsHtml	img	piloris.free.fr	http://piloris.free.fr/citronn.jpg
3004	corpsHtml	img	piloris.free.fr	http://piloris.free.fr/citronn.jpg
3004	corpsHtml	img	piloris.free.fr	http://piloris.free.fr/citronn.jpg
3004	corpsHtml	img	piloris.free.fr	http://piloris.free.fr/citronn.jpg
3004	corpsHtml	img	piloris.free.fr	http://piloris.free.fr/citronn.jpg
3004	corpsHtml	img	piloris.free.fr	http://piloris.free.fr/citronn.jpg
3004	corpsHtml	img	piloris.free.fr	http://piloris.free.fr/citronn.jpg
3004	corpsHtml	img	piloris.free.fr	http://piloris.free.fr/demicitronn.jpg
3004	corpsHtml	img	piloris.free.fr	http://piloris.free.fr/citronn.jpg
3004	corpsHtml	img	piloris.free.fr	http://piloris.free.fr/citronn.jpg
3004	corpsHtml	img	piloris.free.fr	http://piloris.free.fr/citronn.jpg
3004	corpsHtml	img	piloris.free.fr	http://piloris.free.fr/demicitronn.jpg
3004	corpsHtml	img	piloris.free.fr	http://piloris.free.fr/citronn.jpg
3004	corpsHtml	img	piloris.free.fr	http://piloris.free.fr/citronn.jpg
3004	corpsHtml	img	piloris.free.fr	http://piloris.free.fr/citronn.jpg
3004	corpsHtml	img	piloris.free.fr	http://piloris.free.fr/citronn.jpg
3004	corpsHtml	img	piloris.free.fr	http://piloris.free.fr/citronn.jpg
3004	corpsHtml	img	piloris.free.fr	http://piloris.free.fr/citronn.jpg
3004	corpsHtml	img	piloris.free.fr	http://piloris.free.fr/citronn.jpg
3004	corpsHtml	img	piloris.free.fr	http://piloris.free.fr/citronn.jpg
3004	corpsHtml	img	piloris.free.fr	http://piloris.free.fr/citronn.jpg
3004	corpsHtml	img	piloris.free.fr	http://piloris.free.fr/citronn.jpg
3004	corpsHtml	img	piloris.free.fr	http://piloris.free.fr/citronn.jpg
3004	corpsHtml	img	piloris.free.fr	http://piloris.free.fr/citronn.jpg
3004	corpsHtml	img	piloris.free.fr	http://piloris.free.fr/demicitronn.jpg
3004	corpsHtml	img	piloris.free.fr	http://piloris.free.fr/citronn.jpg
3004	corpsHtml	img	piloris.free.fr	http://piloris.free.fr/citronn.jpg
3004	corpsHtml	img	piloris.free.fr	http://piloris.free.fr/citronn.jpg
3004	corpsHtml	img	piloris.free.fr	http://piloris.free.fr/citronn.jpg
3004	corpsHtml	img	piloris.free.fr	http://piloris.free.fr/citronn.jpg
3004	corpsHtml	img	piloris.free.fr	http://piloris.free.fr/citronn.jpg
3004	corpsHtml	img	piloris.free.fr	http://piloris.free.fr/citronn.jpg
3004	corpsHtml	img	piloris.free.fr	http://piloris.free.fr/citronn.jpg
3004	corpsHtml	img	piloris.free.fr	http://piloris.free.fr/citronn.jpg
3004	corpsHtml	img	piloris.free.fr	http://piloris.free.fr/citronn.jpg
3004	corpsHtml	img	piloris.free.fr	http://piloris.free.fr/citronn.jpg
3004	corpsHtml	img	piloris.free.fr	http://piloris.free.fr/citronn.jpg
3004	corpsHtml	img	piloris.free.fr	http://piloris.free.fr/demicitronn.jpg
3004	corpsHtml	img	piloris.free.fr	http://piloris.free.fr/citronn.jpg
3004	corpsHtml	img	piloris.free.fr	http://piloris.free.fr/citronn.jpg
3004	corpsHtml	img	piloris.free.fr	http://piloris.free.fr/demicitronn.jpg
3004	corpsHtml	img	piloris.free.fr	http://piloris.free.fr/citronn.jpg
3004	corpsHtml	img	piloris.free.fr	http://piloris.free.fr/citronn.jpg
3004	corpsHtml	img	piloris.free.fr	http://piloris.free.fr/citronn.jpg
3004	corpsHtml	img	piloris.free.fr	http://piloris.free.fr/citronn.jpg
3004	corpsHtml	img	piloris.free.fr	http://piloris.free.fr/citronn.jpg
3004	corpsHtml	img	piloris.free.fr	http://piloris.free.fr/citronn.jpg
3004	corpsHtml	img	piloris.free.fr	http://piloris.free.fr/citronn.jpg
3004	corpsHtml	img	piloris.free.fr	http://piloris.free.fr/citronn.jpg
3004	corpsHtml	img	piloris.free.fr	http://piloris.free.fr/citronn.jpg
3004	corpsHtml	img	piloris.free.fr	http://piloris.free.fr/citronn.jpg
3004	corpsHtml	img	piloris.free.fr	http://piloris.free.fr/citronn.jpg
3004	corpsHtml	img	piloris.free.fr	http://piloris.free.fr/citronn.jpg
3004	corpsHtml	img	piloris.free.fr	http://piloris.free.fr/citronn.jpg
3004	corpsHtml	img	piloris.free.fr	http://piloris.free.fr/citronn.jpg
3004	corpsHtml	img	piloris.free.fr	http://piloris.free.fr/citronn.jpg
3004	corpsHtml	img	piloris.free.fr	http://piloris.free.fr/demicitronn.jpg
3004	corpsHtml	img	piloris.free.fr	http://piloris.free.fr/citronn.jpg
3004	corpsHtml	img	piloris.free.fr	http://piloris.free.fr/citronn.jpg
3004	corpsHtml	img	piloris.free.fr	http://piloris.free.fr/citronn.jpg
3004	corpsHtml	img	piloris.free.fr	http://piloris.free.fr/citronn.jpg
3004	corpsHtml	img	piloris.free.fr	http://piloris.free.fr/citronn.jpg
3004	corpsHtml	img	piloris.free.fr	http://piloris.free.fr/citronn.jpg
3004	corpsHtml	img	piloris.free.fr	http://piloris.free.fr/citronn.jpg
3004	corpsHtml	img	piloris.free.fr	http://piloris.free.fr/citronn.jpg
3004	corpsHtml	img	piloris.free.fr	http://piloris.free.fr/citronn.jpg
3004	corpsHtml	img	piloris.free.fr	http://piloris.free.fr/citronn.jpg
3004	corpsHtml	img	piloris.free.fr	http://piloris.free.fr/citronn.jpg
3004	corpsHtml	img	piloris.free.fr	http://piloris.free.fr/citronn.jpg
3004	corpsHtml	img	piloris.free.fr	http://piloris.free.fr/citronn.jpg
3004	corpsHtml	img	piloris.free.fr	http://piloris.free.fr/citronn.jpg
3004	corpsHtml	img	piloris.free.fr	http://piloris.free.fr/citronn.jpg
3004	corpsHtml	img	piloris.free.fr	http://piloris.free.fr/citronn.jpg
3004	corpsHtml	img	piloris.free.fr	http://piloris.free.fr/citronn.jpg
3004	corpsHtml	img	piloris.free.fr	http://piloris.free.fr/citronn.jpg
3004	corpsHtml	img	piloris.free.fr	http://piloris.free.fr/citronn.jpg
3004	corpsHtml	img	piloris.free.fr	http://piloris.free.fr/citronn.jpg
3004	corpsHtml	img	piloris.free.fr	http://piloris.free.fr/citronn.jpg
3004	corpsHtml	img	piloris.free.fr	http://piloris.free.fr/citronn.jpg
3004	corpsHtml	img	piloris.free.fr	http://piloris.free.fr/citronn.jpg
3004	corpsHtml	img	piloris.free.fr	http://piloris.free.fr/citronn.jpg
3004	corpsHtml	img	piloris.free.fr	http://piloris.free.fr/citronn.jpg
3004	corpsHtml	img	piloris.free.fr	http://piloris.free.fr/citronn.jpg
3004	corpsHtml	img	piloris.free.fr	http://piloris.free.fr/citronn.jpg
3004	corpsHtml	img	piloris.free.fr	http://piloris.free.fr/citronn.jpg
3004	corpsHtml	img	piloris.free.fr	http://piloris.free.fr/citronn.jpg
3004	corpsHtml	img	piloris.free.fr	http://piloris.free.fr/citronn.jpg
3004	corpsHtml	img	piloris.free.fr	http://piloris.free.fr/citronn.jpg
3004	corpsHtml	img	piloris.free.fr	http://piloris.free.fr/demicitronn.jpg
3004	corpsHtml	img	piloris.free.fr	http://piloris.free.fr/citronn.jpg
3004	corpsHtml	img	piloris.free.fr	http://piloris.free.fr/citronn.jpg
3004	corpsHtml	img	piloris.free.fr	http://piloris.free.fr/citronn.jpg
3004	corpsHtml	img	piloris.free.fr	http://piloris.free.fr/citronn.jpg
3004	corpsHtml	img	piloris.free.fr	http://piloris.free.fr/citronn.jpg
3004	corpsHtml	img	piloris.free.fr	http://piloris.free.fr/citronn.jpg
3004	corpsHtml	img	piloris.free.fr	http://piloris.free.fr/citronn.jpg
3004	corpsHtml	img	piloris.free.fr	http://piloris.free.fr/citronn.jpg
3004	corpsHtml	img	piloris.free.fr	http://piloris.free.fr/citronn.jpg
3004	corpsHtml	img	piloris.free.fr	http://piloris.free.fr/citronn.jpg
3004	corpsHtml	img	piloris.free.fr	http://piloris.free.fr/citronn.jpg
3004	corpsHtml	img	piloris.free.fr	http://piloris.free.fr/citronn.jpg
3004	corpsHtml	img	piloris.free.fr	http://piloris.free.fr/citronn.jpg
3004	corpsHtml	img	piloris.free.fr	http://piloris.free.fr/citronn.jpg
3004	corpsHtml	img	piloris.free.fr	http://piloris.free.fr/citronn.jpg
3004	corpsHtml	img	piloris.free.fr	http://piloris.free.fr/citronn.jpg
3004	corpsHtml	img	piloris.free.fr	http://piloris.free.fr/citronn.jpg
3004	corpsHtml	img	piloris.free.fr	http://piloris.free.fr/demicitronn.jpg
3004	corpsHtml	img	piloris.free.fr	http://piloris.free.fr/citronn.jpg
3004	corpsHtml	img	piloris.free.fr	http://piloris.free.fr/citronn.jpg
3004	corpsHtml	img	piloris.free.fr	http://piloris.free.fr/demicitronn.jpg
3004	corpsHtml	img	piloris.free.fr	http://piloris.free.fr/citronn.jpg
3004	corpsHtml	img	piloris.free.fr	http://piloris.free.fr/citronn.jpg
3004	corpsHtml	img	piloris.free.fr	http://piloris.free.fr/citronn.jpg
3004	corpsHtml	img	piloris.free.fr	http://piloris.free.fr/demicitronn.jpg
3004	corpsHtml	img	piloris.free.fr	http://piloris.free.fr/citronn.jpg
3004	corpsHtml	img	piloris.free.fr	http://piloris.free.fr/citronn.jpg
3004	corpsHtml	img	piloris.free.fr	http://piloris.free.fr/citronn.jpg
3004	corpsHtml	img	piloris.free.fr	http://piloris.free.fr/citronn.jpg
3004	corpsHtml	img	piloris.free.fr	http://piloris.free.fr/citronn.jpg
3004	corpsHtml	img	piloris.free.fr	http://piloris.free.fr/citronn.jpg
3004	corpsHtml	img	piloris.free.fr	http://piloris.free.fr/citronn.jpg
3004	corpsHtml	img	piloris.free.fr	http://piloris.free.fr/demicitronn.jpg
3004	corpsHtml	img	piloris.free.fr	http://piloris.free.fr/citronn.jpg
3004	corpsHtml	img	piloris.free.fr	http://piloris.free.fr/citronn.jpg
3004	corpsHtml	img	piloris.free.fr	http://piloris.free.fr/citronn.jpg
3004	corpsHtml	img	piloris.free.fr	http://piloris.free.fr/demicitronn.jpg
3004	corpsHtml	img	piloris.free.fr	http://piloris.free.fr/citronn.jpg
3004	corpsHtml	img	piloris.free.fr	http://piloris.free.fr/citronn.jpg
3004	corpsHtml	img	piloris.free.fr	http://piloris.free.fr/citronn.jpg
3004	corpsHtml	img	piloris.free.fr	http://piloris.free.fr/demicitronn.jpg
3004	corpsHtml	img	piloris.free.fr	http://piloris.free.fr/citronn.jpg
3004	corpsHtml	img	piloris.free.fr	http://piloris.free.fr/citronn.jpg
3004	corpsHtml	img	piloris.free.fr	http://piloris.free.fr/citronn.jpg
3004	corpsHtml	img	piloris.free.fr	http://piloris.free.fr/citronn.jpg
3004	corpsHtml	img	piloris.free.fr	http://piloris.free.fr/citronn.jpg
3004	corpsHtml	img	piloris.free.fr	http://piloris.free.fr/citronn.jpg
3004	corpsHtml	img	piloris.free.fr	http://piloris.free.fr/citronn.jpg
3004	corpsHtml	img	piloris.free.fr	http://piloris.free.fr/citronn.jpg
3004	corpsHtml	img	piloris.free.fr	http://piloris.free.fr/citronn.jpg
3004	corpsHtml	img	piloris.free.fr	http://piloris.free.fr/citronn.jpg
3004	corpsHtml	img	piloris.free.fr	http://piloris.free.fr/citronn.jpg
3004	corpsHtml	img	piloris.free.fr	http://piloris.free.fr/citronn.jpg
3004	corpsHtml	img	piloris.free.fr	http://piloris.free.fr/citronn.jpg
3004	corpsHtml	img	piloris.free.fr	http://piloris.free.fr/citronn.jpg
3004	corpsHtml	img	piloris.free.fr	http://piloris.free.fr/citronn.jpg
3004	corpsHtml	img	piloris.free.fr	http://piloris.free.fr/citronn.jpg
3004	corpsHtml	img	piloris.free.fr	http://piloris.free.fr/citronn.jpg
3004	corpsHtml	img	piloris.free.fr	http://piloris.free.fr/citronn.jpg
3004	corpsHtml	img	piloris.free.fr	http://piloris.free.fr/citronn.jpg
3004	corpsHtml	img	piloris.free.fr	http://piloris.free.fr/citronn.jpg
3004	corpsHtml	img	piloris.free.fr	http://piloris.free.fr/citronn.jpg
3004	corpsHtml	img	piloris.free.fr	http://piloris.free.fr/citronn.jpg
3004	corpsHtml	img	piloris.free.fr	http://piloris.free.fr/citronn.jpg
3004	corpsHtml	img	piloris.free.fr	http://piloris.free.fr/citronn.jpg
3004	corpsHtml	img	piloris.free.fr	http://piloris.free.fr/demicitronn.jpg
3004	corpsHtml	img	piloris.free.fr	http://piloris.free.fr/citronn.jpg
3004	corpsHtml	img	piloris.free.fr	http://piloris.free.fr/citronn.jpg
3004	corpsHtml	img	piloris.free.fr	http://piloris.free.fr/citronn.jpg
3004	corpsHtml	img	piloris.free.fr	http://piloris.free.fr/citronn.jpg
3004	corpsHtml	img	piloris.free.fr	http://piloris.free.fr/demicitronn.jpg
3004	corpsHtml	img	piloris.free.fr	http://piloris.free.fr/citronn.jpg
3004	corpsHtml	img	piloris.free.fr	http://piloris.free.fr/citronn.jpg
3004	corpsHtml	img	piloris.free.fr	http://piloris.free.fr/citronn.jpg
3004	corpsHtml	img	piloris.free.fr	http://piloris.free.fr/demicitronn.jpg
3004	corpsHtml	img	piloris.free.fr	http://piloris.free.fr/citronn.jpg
3004	corpsHtml	img	piloris.free.fr	http://piloris.free.fr/citronn.jpg
3004	corpsHtml	img	piloris.free.fr	http://piloris.free.fr/citronn.jpg
3004	corpsHtml	img	piloris.free.fr	http://piloris.free.fr/citronn.jpg
3004	corpsHtml	img	piloris.free.fr	http://piloris.free.fr/citronn.jpg
3004	corpsHtml	img	piloris.free.fr	http://piloris.free.fr/citronn.jpg
3004	corpsHtml	img	piloris.free.fr	http://piloris.free.fr/citronn.jpg
3004	corpsHtml	img	piloris.free.fr	http://piloris.free.fr/citronn.jpg
3004	corpsHtml	img	piloris.free.fr	http://piloris.free.fr/citronn.jpg
3004	corpsHtml	img	piloris.free.fr	http://piloris.free.fr/citronn.jpg
3004	corpsHtml	img	piloris.free.fr	http://piloris.free.fr/citronn.jpg
3004	corpsHtml	img	piloris.free.fr	http://piloris.free.fr/citronn.jpg
3004	corpsHtml	img	piloris.free.fr	http://piloris.free.fr/citronn.jpg
3004	corpsHtml	img	piloris.free.fr	http://piloris.free.fr/citronn.jpg
3004	corpsHtml	img	piloris.free.fr	http://piloris.free.fr/citronn.jpg
3004	corpsHtml	img	piloris.free.fr	http://piloris.free.fr/citronn.jpg
3004	corpsHtml	img	piloris.free.fr	http://piloris.free.fr/citronn.jpg
3004	corpsHtml	img	piloris.free.fr	http://piloris.free.fr/citronn.jpg
3004	corpsHtml	img	piloris.free.fr	http://piloris.free.fr/citronn.jpg
3004	corpsHtml	img	piloris.free.fr	http://piloris.free.fr/citronn.jpg
3004	corpsHtml	img	piloris.free.fr	http://piloris.free.fr/citronn.jpg
3004	corpsHtml	img	piloris.free.fr	http://piloris.free.fr/citronn.jpg
3004	corpsHtml	img	piloris.free.fr	http://piloris.free.fr/citronn.jpg
3004	corpsHtml	img	piloris.free.fr	http://piloris.free.fr/citronn.jpg
3004	corpsHtml	img	piloris.free.fr	http://piloris.free.fr/citronn.jpg
3004	corpsHtml	img	piloris.free.fr	http://piloris.free.fr/citronn.jpg
3004	corpsHtml	img	piloris.free.fr	http://piloris.free.fr/demicitronn.jpg
3004	corpsHtml	img	piloris.free.fr	http://piloris.free.fr/coleren.jpg
3004	corpsHtml	img	piloris.free.fr	http://piloris.free.fr/citronn.jpg
3004	corpsHtml	img	piloris.free.fr	http://piloris.free.fr/citronn.jpg
3004	corpsHtml	img	piloris.free.fr	http://piloris.free.fr/citronn.jpg
3004	corpsHtml	img	piloris.free.fr	http://piloris.free.fr/citronn.jpg
3004	corpsHtml	img	piloris.free.fr	http://piloris.free.fr/citronn.jpg
3004	corpsHtml	img	piloris.free.fr	http://piloris.free.fr/citronn.jpg
3004	corpsHtml	img	piloris.free.fr	http://piloris.free.fr/citronn.jpg
3004	corpsHtml	img	piloris.free.fr	http://piloris.free.fr/citronn.jpg
3009	corpsHtml	img	operacritiques.free.fr	http://operacritiques.free.fr/css/images/poznan_opera.jpg
3009	corpsHtml	img	operacritiques.free.fr	http://operacritiques.free.fr/css/images/poznan_opera.jpg
3011	corpsHtml	lien	www.opera-massy.com	http://www.opera-massy.com/documents/pdf/abonnement-massy-18-19-web.pdf
3013	corpsHtml	audio	operacritiques.free.fr	http://operacritiques.free.fr/css/sons/walkuere-hautbois-anglais_petrenko-2014.mp3
3016	corpsHtml	img	piloris.free.fr	http://piloris.free.fr/citronn.jpg
3016	corpsHtml	img	piloris.free.fr	http://piloris.free.fr/citronn.jpg
3016	corpsHtml	img	piloris.free.fr	http://piloris.free.fr/citronn.jpg
3016	corpsHtml	img	piloris.free.fr	http://piloris.free.fr/citronn.jpg
3016	corpsHtml	img	piloris.free.fr	http://piloris.free.fr/citronn.jpg
3016	corpsHtml	img	piloris.free.fr	http://piloris.free.fr/citronn.jpg
3016	corpsHtml	img	piloris.free.fr	http://piloris.free.fr/citronn.jpg
3016	corpsHtml	img	piloris.free.fr	http://piloris.free.fr/demicitronn.jpg
3016	corpsHtml	img	piloris.free.fr	http://piloris.free.fr/citronn.jpg
3016	corpsHtml	img	piloris.free.fr	http://piloris.free.fr/citronn.jpg
3016	corpsHtml	img	piloris.free.fr	http://piloris.free.fr/citronn.jpg
3016	corpsHtml	img	piloris.free.fr	http://piloris.free.fr/citronn.jpg
3016	corpsHtml	img	piloris.free.fr	http://piloris.free.fr/citronn.jpg
3016	corpsHtml	img	piloris.free.fr	http://piloris.free.fr/citronn.jpg
3016	corpsHtml	img	piloris.free.fr	http://piloris.free.fr/citronn.jpg
3016	corpsHtml	img	piloris.free.fr	http://piloris.free.fr/demicitronn.jpg
3016	corpsHtml	img	piloris.free.fr	http://piloris.free.fr/citronn.jpg
3016	corpsHtml	img	piloris.free.fr	http://piloris.free.fr/citronn.jpg
3016	corpsHtml	img	piloris.free.fr	http://piloris.free.fr/citronn.jpg
3016	corpsHtml	img	piloris.free.fr	http://piloris.free.fr/citronn.jpg
3016	corpsHtml	img	piloris.free.fr	http://piloris.free.fr/citronn.jpg
3016	corpsHtml	img	piloris.free.fr	http://piloris.free.fr/citronn.jpg
3016	corpsHtml	img	piloris.free.fr	http://piloris.free.fr/citronn.jpg
3016	corpsHtml	img	piloris.free.fr	http://piloris.free.fr/citronn.jpg
3016	corpsHtml	img	piloris.free.fr	http://piloris.free.fr/citronn.jpg
3016	corpsHtml	img	piloris.free.fr	http://piloris.free.fr/citronn.jpg
3016	corpsHtml	img	piloris.free.fr	http://piloris.free.fr/citronn.jpg
3016	corpsHtml	img	piloris.free.fr	http://piloris.free.fr/citronn.jpg
3016	corpsHtml	img	piloris.free.fr	http://piloris.free.fr/citronn.jpg
3016	corpsHtml	img	piloris.free.fr	http://piloris.free.fr/citronn.jpg
3016	corpsHtml	img	piloris.free.fr	http://piloris.free.fr/citronn.jpg
3016	corpsHtml	img	piloris.free.fr	http://piloris.free.fr/demicitronn.jpg
3016	corpsHtml	img	piloris.free.fr	http://piloris.free.fr/citronn.jpg
3016	corpsHtml	img	piloris.free.fr	http://piloris.free.fr/citronn.jpg
3016	corpsHtml	img	piloris.free.fr	http://piloris.free.fr/demicitronn.jpg
3016	corpsHtml	img	piloris.free.fr	http://piloris.free.fr/citronn.jpg
3016	corpsHtml	img	piloris.free.fr	http://piloris.free.fr/citronn.jpg
3016	corpsHtml	img	piloris.free.fr	http://piloris.free.fr/citronn.jpg
3016	corpsHtml	img	piloris.free.fr	http://piloris.free.fr/citronn.jpg
3016	corpsHtml	img	piloris.free.fr	http://piloris.free.fr/citronn.jpg
3016	corpsHtml	img	piloris.free.fr	http://piloris.free.fr/citronn.jpg
3016	corpsHtml	img	piloris.free.fr	http://piloris.free.fr/citronn.jpg
3016	corpsHtml	img	piloris.free.fr	http://piloris.free.fr/citronn.jpg
3016	corpsHtml	img	piloris.free.fr	http://piloris.free.fr/citronn.jpg
3016	corpsHtml	img	piloris.free.fr	http://piloris.free.fr/citronn.jpg
3016	corpsHtml	img	piloris.free.fr	http://piloris.free.fr/citronn.jpg
3016	corpsHtml	img	piloris.free.fr	http://piloris.free.fr/citronn.jpg
3016	corpsHtml	img	piloris.free.fr	http://piloris.free.fr/citronn.jpg
3016	corpsHtml	img	piloris.free.fr	http://piloris.free.fr/citronn.jpg
3016	corpsHtml	img	piloris.free.fr	http://piloris.free.fr/citronn.jpg
3016	corpsHtml	img	piloris.free.fr	http://piloris.free.fr/citronn.jpg
3016	corpsHtml	img	piloris.free.fr	http://piloris.free.fr/citronn.jpg
3016	corpsHtml	img	piloris.free.fr	http://piloris.free.fr/citronn.jpg
3016	corpsHtml	img	piloris.free.fr	http://piloris.free.fr/citronn.jpg
3016	corpsHtml	img	piloris.free.fr	http://piloris.free.fr/citronn.jpg
3016	corpsHtml	img	piloris.free.fr	http://piloris.free.fr/citronn.jpg
3016	corpsHtml	img	piloris.free.fr	http://piloris.free.fr/citronn.jpg
3016	corpsHtml	img	piloris.free.fr	http://piloris.free.fr/citronn.jpg
3016	corpsHtml	img	piloris.free.fr	http://piloris.free.fr/citronn.jpg
3016	corpsHtml	img	piloris.free.fr	http://piloris.free.fr/citronn.jpg
3016	corpsHtml	img	piloris.free.fr	http://piloris.free.fr/citronn.jpg
3016	corpsHtml	img	piloris.free.fr	http://piloris.free.fr/citronn.jpg
3016	corpsHtml	img	piloris.free.fr	http://piloris.free.fr/citronn.jpg
3016	corpsHtml	img	piloris.free.fr	http://piloris.free.fr/citronn.jpg
3016	corpsHtml	img	piloris.free.fr	http://piloris.free.fr/citronn.jpg
3016	corpsHtml	img	piloris.free.fr	http://piloris.free.fr/citronn.jpg
3016	corpsHtml	img	piloris.free.fr	http://piloris.free.fr/citronn.jpg
3016	corpsHtml	img	piloris.free.fr	http://piloris.free.fr/citronn.jpg
3016	corpsHtml	img	piloris.free.fr	http://piloris.free.fr/citronn.jpg
3016	corpsHtml	img	piloris.free.fr	http://piloris.free.fr/citronn.jpg
3016	corpsHtml	img	piloris.free.fr	http://piloris.free.fr/citronn.jpg
3016	corpsHtml	img	piloris.free.fr	http://piloris.free.fr/citronn.jpg
3016	corpsHtml	img	piloris.free.fr	http://piloris.free.fr/demicitronn.jpg
3016	corpsHtml	img	piloris.free.fr	http://piloris.free.fr/citronn.jpg
3016	corpsHtml	img	piloris.free.fr	http://piloris.free.fr/citronn.jpg
3016	corpsHtml	img	piloris.free.fr	http://piloris.free.fr/demicitronn.jpg
3016	corpsHtml	img	piloris.free.fr	http://piloris.free.fr/citronn.jpg
3016	corpsHtml	img	piloris.free.fr	http://piloris.free.fr/citronn.jpg
3016	corpsHtml	img	piloris.free.fr	http://piloris.free.fr/citronn.jpg
3016	corpsHtml	img	piloris.free.fr	http://piloris.free.fr/citronn.jpg
3016	corpsHtml	img	piloris.free.fr	http://piloris.free.fr/citronn.jpg
3016	corpsHtml	img	piloris.free.fr	http://piloris.free.fr/citronn.jpg
3016	corpsHtml	img	piloris.free.fr	http://piloris.free.fr/citronn.jpg
3016	corpsHtml	img	piloris.free.fr	http://piloris.free.fr/citronn.jpg
3016	corpsHtml	img	piloris.free.fr	http://piloris.free.fr/citronn.jpg
3016	corpsHtml	img	piloris.free.fr	http://piloris.free.fr/demicitronn.jpg
3016	corpsHtml	img	piloris.free.fr	http://piloris.free.fr/citronn.jpg
3016	corpsHtml	img	piloris.free.fr	http://piloris.free.fr/citronn.jpg
3016	corpsHtml	img	piloris.free.fr	http://piloris.free.fr/citronn.jpg
3016	corpsHtml	img	piloris.free.fr	http://piloris.free.fr/demicitronn.jpg
3016	corpsHtml	img	piloris.free.fr	http://piloris.free.fr/citronn.jpg
3016	corpsHtml	img	piloris.free.fr	http://piloris.free.fr/citronn.jpg
3016	corpsHtml	img	piloris.free.fr	http://piloris.free.fr/citronn.jpg
3016	corpsHtml	img	piloris.free.fr	http://piloris.free.fr/demicitronn.jpg
3016	corpsHtml	img	piloris.free.fr	http://piloris.free.fr/citronn.jpg
3016	corpsHtml	img	piloris.free.fr	http://piloris.free.fr/citronn.jpg
3016	corpsHtml	img	piloris.free.fr	http://piloris.free.fr/citronn.jpg
3016	corpsHtml	img	piloris.free.fr	http://piloris.free.fr/citronn.jpg
3016	corpsHtml	img	piloris.free.fr	http://piloris.free.fr/citronn.jpg
3016	corpsHtml	img	piloris.free.fr	http://piloris.free.fr/citronn.jpg
3016	corpsHtml	img	piloris.free.fr	http://piloris.free.fr/citronn.jpg
3016	corpsHtml	img	piloris.free.fr	http://piloris.free.fr/citronn.jpg
3016	corpsHtml	img	piloris.free.fr	http://piloris.free.fr/citronn.jpg
3016	corpsHtml	img	piloris.free.fr	http://piloris.free.fr/citronn.jpg
3016	corpsHtml	img	piloris.free.fr	http://piloris.free.fr/citronn.jpg
3016	corpsHtml	img	piloris.free.fr	http://piloris.free.fr/citronn.jpg
3016	corpsHtml	img	piloris.free.fr	http://piloris.free.fr/citronn.jpg
3016	corpsHtml	img	piloris.free.fr	http://piloris.free.fr/demicitronn.jpg
3016	corpsHtml	img	piloris.free.fr	http://piloris.free.fr/citronn.jpg
3016	corpsHtml	img	piloris.free.fr	http://piloris.free.fr/citronn.jpg
3016	corpsHtml	img	piloris.free.fr	http://piloris.free.fr/citronn.jpg
3016	corpsHtml	img	piloris.free.fr	http://piloris.free.fr/citronn.jpg
3016	corpsHtml	img	piloris.free.fr	http://piloris.free.fr/citronn.jpg
3016	corpsHtml	img	piloris.free.fr	http://piloris.free.fr/citronn.jpg
3016	corpsHtml	img	piloris.free.fr	http://piloris.free.fr/citronn.jpg
3016	corpsHtml	img	piloris.free.fr	http://piloris.free.fr/citronn.jpg
3016	corpsHtml	img	piloris.free.fr	http://piloris.free.fr/citronn.jpg
3016	corpsHtml	img	piloris.free.fr	http://piloris.free.fr/citronn.jpg
3016	corpsHtml	img	piloris.free.fr	http://piloris.free.fr/citronn.jpg
3016	corpsHtml	img	piloris.free.fr	http://piloris.free.fr/citronn.jpg
3016	corpsHtml	img	piloris.free.fr	http://piloris.free.fr/citronn.jpg
3016	corpsHtml	img	piloris.free.fr	http://piloris.free.fr/citronn.jpg
3016	corpsHtml	img	piloris.free.fr	http://piloris.free.fr/citronn.jpg
3016	corpsHtml	img	piloris.free.fr	http://piloris.free.fr/citronn.jpg
3016	corpsHtml	img	piloris.free.fr	http://piloris.free.fr/citronn.jpg
3016	corpsHtml	img	piloris.free.fr	http://piloris.free.fr/citronn.jpg
3016	corpsHtml	img	piloris.free.fr	http://piloris.free.fr/citronn.jpg
3016	corpsHtml	img	piloris.free.fr	http://piloris.free.fr/citronn.jpg
3016	corpsHtml	img	piloris.free.fr	http://piloris.free.fr/demicitronn.jpg
3016	corpsHtml	img	piloris.free.fr	http://piloris.free.fr/citronn.jpg
3016	corpsHtml	img	piloris.free.fr	http://piloris.free.fr/citronn.jpg
3016	corpsHtml	img	piloris.free.fr	http://piloris.free.fr/citronn.jpg
3016	corpsHtml	img	piloris.free.fr	http://piloris.free.fr/citronn.jpg
3016	corpsHtml	img	piloris.free.fr	http://piloris.free.fr/citronn.jpg
3016	corpsHtml	img	piloris.free.fr	http://piloris.free.fr/citronn.jpg
3016	corpsHtml	img	piloris.free.fr	http://piloris.free.fr/citronn.jpg
3016	corpsHtml	img	piloris.free.fr	http://piloris.free.fr/citronn.jpg
3016	corpsHtml	img	piloris.free.fr	http://piloris.free.fr/citronn.jpg
3016	corpsHtml	img	piloris.free.fr	http://piloris.free.fr/citronn.jpg
3016	corpsHtml	img	piloris.free.fr	http://piloris.free.fr/citronn.jpg
3016	corpsHtml	img	piloris.free.fr	http://piloris.free.fr/citronn.jpg
3016	corpsHtml	img	piloris.free.fr	http://piloris.free.fr/citronn.jpg
3016	corpsHtml	img	piloris.free.fr	http://piloris.free.fr/citronn.jpg
3016	corpsHtml	img	piloris.free.fr	http://piloris.free.fr/citronn.jpg
3016	corpsHtml	img	piloris.free.fr	http://piloris.free.fr/citronn.jpg
3016	corpsHtml	img	piloris.free.fr	http://piloris.free.fr/demicitronn.jpg
3016	corpsHtml	img	piloris.free.fr	http://piloris.free.fr/citronn.jpg
3016	corpsHtml	img	piloris.free.fr	http://piloris.free.fr/citronn.jpg
3016	corpsHtml	img	piloris.free.fr	http://piloris.free.fr/citronn.jpg
3016	corpsHtml	img	piloris.free.fr	http://piloris.free.fr/citronn.jpg
3016	corpsHtml	img	piloris.free.fr	http://piloris.free.fr/citronn.jpg
3016	corpsHtml	img	piloris.free.fr	http://piloris.free.fr/citronn.jpg
3016	corpsHtml	img	piloris.free.fr	http://piloris.free.fr/citronn.jpg
3016	corpsHtml	img	piloris.free.fr	http://piloris.free.fr/citronn.jpg
3019	corpsHtml	audio	operacritiques.free.fr	http://operacritiques.free.fr/css/sons/richtige_honeck.mp3
3019	corpsHtml	audio	operacritiques.free.fr	http://operacritiques.free.fr/css/sons/richtige_rennert.mp3
3019	corpsHtml	audio	operacritiques.free.fr	http://operacritiques.free.fr/css/sons/und-heifen-will-ich.mp3
3019	corpsHtml	audio	operacritiques.free.fr	http://operacritiques.free.fr/css/sons/und-ich-hinab-ins-dunkel.mp3
3020	corpsHtml	img	cmireb.be	http://cmireb.be/Concours2/documents/mini_Demifinale2018AoLi38934.jpg
3020	corpsHtml	img	cmireb.be	http://cmireb.be/Concours2/documents/mini_Demifinale2018GermanEnriqueAlcantara38936.jpg
3020	corpsHtml	img	cmireb.be	http://cmireb.be/Concours2/documents/mini_Demifinale2018SooyeonLee38940.jpg
3020	corpsHtml	img	cmireb.be	http://cmireb.be/Concours2/documents/mini_EvaZaicikdemi38921.jpg
3020	corpsHtml	img	cmireb.be	http://cmireb.be/Concours2/documents/mini_Demifinale2018DanyloMatviienko38933.jpg
3020	corpsHtml	img	cmireb.be	http://cmireb.be/Concours2/documents/mini_Demifinale2018HeloiseMas38984.jpg
3020	corpsHtml	img	cmireb.be	http://cmireb.be/Concours2/documents/mini_Demifinale2018RocioPerez38939.jpg
3020	corpsHtml	img	cmireb.be	http://cmireb.be/Concours2/documents/mini_Demifinale2018AlexDeSocio38980.jpg
3020	corpsHtml	img	cmireb.be	http://cmireb.be/Concours2/documents/mini_Demifinale2018YuriyHadzetskyy38979.jpg
3020	corpsHtml	img	cmireb.be	http://cmireb.be/Concours2/documents/mini_Demifinale2018CharlotteWajnberg38973.jpg
3020	corpsHtml	img	cmireb.be	http://cmireb.be/Concours2/documents/mini_Demifinale2018SamuelHasselhorn38978.jpg
3020	corpsHtml	img	cmireb.be	http://cmireb.be/Concours2/documents/mini_Demifinale2018MarianneCroux38977.jpg
3020	corpsHtml	img	cmireb.be	http://cmireb.be/Concours2/documents/mini_Demifinale2018FabienHyon38975.jpg
3021	corpsHtml	audio	operacritiques.free.fr	http://operacritiques.free.fr/css/sons/meuniere_pagnol_2_morgengruss.mp3
3021	corpsHtml	audio	operacritiques.free.fr	http://operacritiques.free.fr/css/sons/meuniere_pagnol_1_intro.mp3
3021	corpsHtml	audio	operacritiques.free.fr	http://operacritiques.free.fr/css/sons/meuniere_pagnol_4_jaeger.mp3
3021	corpsHtml	audio	operacritiques.free.fr	http://operacritiques.free.fr/css/sons/meuniere_pagnol_5_boese-i.mp3
3021	corpsHtml	audio	operacritiques.free.fr	http://operacritiques.free.fr/css/sons/meuniere_pagnol_8_boese-ii.mp3
3021	corpsHtml	audio	operacritiques.free.fr	http://operacritiques.free.fr/css/sons/meuniere_pagnol_7_pavane.mp3
3024	corpsHtml	audio	operacritiques.free.fr	http://operacritiques.free.fr/css/sons/bozza_image.mp3
3027	corpsHtml	audio	operacritiques.free.fr	http://operacritiques.free.fr/css/sons/mefisto-giunto-0-di-stefano.mp3
3027	corpsHtml	audio	operacritiques.free.fr	http://operacritiques.free.fr/css/sons/mefisto-giunto-1-poggi.mp3
3027	corpsHtml	audio	operacritiques.free.fr	http://operacritiques.free.fr/css/sons/mefisto-giunto-2-del-monaco.mp3
3027	corpsHtml	audio	operacritiques.free.fr	http://operacritiques.free.fr/css/sons/del-monaco-trovatore-agitation.mp3
3027	corpsHtml	audio	operacritiques.free.fr	http://operacritiques.free.fr/css/sons/mefisto-giunto-3-pavarotti.mp3
3031	corpsHtml	audio	operacritiques.free.fr	http://operacritiques.free.fr/css/sons/gilse_2.mp4
3031	corpsHtml	audio	operacritiques.free.fr	http://operacritiques.free.fr/css/sons/andriessen_libertas.mp4
3031	corpsHtml	audio	operacritiques.free.fr	http://operacritiques.free.fr/css/sons/beethoven_s3_PBSO_deVriend.mp4
3031	corpsHtml	audio	operacritiques.free.fr	http://operacritiques.free.fr/css/sons/gilse_3.mp4
3032	corpsHtml	audio	operacritiques.free.fr	http://operacritiques.free.fr/css/images/lassus_lamentations_jeremie_3_herreweghe.mp4
3033	corpsHtml	audio	operacritiques.free.fr	http://operacritiques.free.fr/css/images/1591_marenzio_seno-clori_compagnia.mp4
3034	corpsHtml	audio	operacritiques.free.fr	http://operacritiques.free.fr/css/images/guedron_coeur_cruel_martyre.mp4
3035	corpsHtml	audio	operacritiques.free.fr	http://operacritiques.free.fr/css/images/gesualdo_filli.mp4
3036	corpsHtml	audio	operacritiques.free.fr	http://operacritiques.free.fr/css/images/francesca_caccini_liberazione_melissa_sartori.mp4
3037	corpsHtml	audio	operacritiques.free.fr	http://operacritiques.free.fr/css/images/exequien_kuijken.mp4
3039	corpsHtml	audio	operacritiques.free.fr	http://operacritiques.free.fr/css/images/rubino_stellario_lauda-jerusalem_garrido.mp4
3041	corpsHtml	audio	operacritiques.free.fr	http://operacritiques.free.fr/css/images/morbidezza_pons.mp3
3041	corpsHtml	audio	operacritiques.free.fr	http://operacritiques.free.fr/css/images/morbidezza_pons_ii_pagliacci.mp3
3041	corpsHtml	audio	operacritiques.free.fr	http://operacritiques.free.fr/css/images/morbidezza_lucic.mp3
3041	corpsHtml	audio	operacritiques.free.fr	http://operacritiques.free.fr/css/images/morbidezza_nucci.mp3
3041	corpsHtml	audio	operacritiques.free.fr	http://operacritiques.free.fr/css/images/morbidezza_cappuccilli.mp3
3041	corpsHtml	audio	operacritiques.free.fr	http://operacritiques.free.fr/css/images/morbidezza_nimsgern.mp3
3041	corpsHtml	audio	operacritiques.free.fr	http://operacritiques.free.fr/css/images/morbidezza_metternich.mp3
3041	corpsHtml	audio	operacritiques.free.fr	http://operacritiques.free.fr/css/images/morbidezza_tagliabue.mp3
3041	corpsHtml	audio	operacritiques.free.fr	http://operacritiques.free.fr/css/images/morbidezza_milnes.mp3
3041	corpsHtml	audio	operacritiques.free.fr	http://operacritiques.free.fr/css/images/morbidezza_protti.mp3
3041	corpsHtml	audio	operacritiques.free.fr	http://operacritiques.free.fr/css/images/morbidezza_wixell.mp3
3041	corpsHtml	audio	operacritiques.free.fr	http://operacritiques.free.fr/css/images/morbidezza_sgura.mp3
3041	corpsHtml	audio	operacritiques.free.fr	http://operacritiques.free.fr/css/images/morbidezza_silveri.mp3
3041	corpsHtml	audio	operacritiques.free.fr	http://operacritiques.free.fr/css/images/morbidezza_savarese.mp3
3041	corpsHtml	audio	operacritiques.free.fr	http://operacritiques.free.fr/css/images/morbidezza_zancanaro.mp3
3041	corpsHtml	audio	operacritiques.free.fr	http://operacritiques.free.fr/css/images/morbidezza_bruson.mp3
3041	corpsHtml	audio	operacritiques.free.fr	http://operacritiques.free.fr/css/images/morbidezza_bruson_ii_macbetto.mp3
3041	corpsHtml	audio	operacritiques.free.fr	http://operacritiques.free.fr/css/images/morbidezza_bastianini.mp3
3041	corpsHtml	audio	operacritiques.free.fr	http://operacritiques.free.fr/css/images/morbidezza_sereni.mp3
3042	corpsHtml	audio	operacritiques.free.fr	http://operacritiques.free.fr/css/images/louis-couperin-chaconne-fa.mp4
3042	corpsHtml	audio	operacritiques.free.fr	http://operacritiques.free.fr/css/images/louis-couperin-passacaille-ut.mp4
3043	corpsHtml	audio	operacritiques.free.fr	http://operacritiques.free.fr/css/images/le-prince-messe-macula-kyrie.mp4
3046	corpsHtml	audio	operacritiques.free.fr	http://operacritiques.free.fr/css/images/lully_alceste_rousset_femme-affligee_martin-carton.mp4
3048	corpsHtml	audio	operacritiques.free.fr	http://operacritiques.free.fr/css/images/falvetti_1.mp3
3048	corpsHtml	audio	operacritiques.free.fr	http://operacritiques.free.fr/css/images/falvetti_2.mp3
3049	corpsHtml	audio	operacritiques.free.fr	http://operacritiques.free.fr/css/images/devinette-558.mp4
305	chapoHtml	object	operacritiques.free.fr	http://operacritiques.free.fr/css/dewplayer.swf?son=http://musicontempo.free.fr/MaryGarden.mp3
3050	corpsHtml	audio	operacritiques.free.fr	http://operacritiques.free.fr/css/images/grigny_mikkelsen.mp3
3051	corpsHtml	audio	operacritiques.free.fr	http://operacritiques.free.fr/css/images/clerambault_thebains.mp4
3051	corpsHtml	audio	operacritiques.free.fr	http://operacritiques.free.fr/css/images/clerambault_bruiantes.mp4
3051	corpsHtml	audio	operacritiques.free.fr	http://operacritiques.free.fr/css/images/clerambault_funeste.mp4
3055	corpsHtml	img	pbs.twimg.com	http://pbs.twimg.com/media/DkQG6QvXgAIgNAy?format=jpg&name=orig
3055	corpsHtml	img	pbs.twimg.com	http://pbs.twimg.com/media/Dq1UMKhXcAEucs-.jpg
3055	corpsHtml	img	pbs.twimg.com	http://pbs.twimg.com/media/Dq6vmorXQAE90RW?format=jpg&name=orig
3056	corpsHtml	audio	operacritiques.free.fr	http://operacritiques.free.fr/css/sons/tarare_foudre.mp3
306	corpsHtml	object	operacritiques.free.fr	http://operacritiques.free.fr/css/dewplayer.swf?son=http://musicontempo.free.fr/Transfo.mp3
306	corpsHtml	object	operacritiques.free.fr	http://operacritiques.free.fr/css/dewplayer.swf?son=http://musicontempo.free.fr/PM_Parsifal.mp3
306	corpsHtml	object	operacritiques.free.fr	http://operacritiques.free.fr/css/dewplayer.swf?son=http://musicontempo.free.fr/TreeLine.mp3
306	corpsHtml	object	operacritiques.free.fr	http://operacritiques.free.fr/css/dewplayer.swf?son=http://musicontempo.free.fr/PM_TreeLine.mp3
306	chapoHtml	object	operacritiques.free.fr	http://operacritiques.free.fr/css/dewplayer.swf?son=http://musicontempo.free.fr/archer.mp3
306	chapoHtml	object	operacritiques.free.fr	http://operacritiques.free.fr/css/dewplayer.swf?son=http://musicontempo.free.fr/PM1.mp3
3061	corpsHtml	audio	operacritiques.free.fr	http://operacritiques.free.fr/css/images/turbini_jacobs.mp3
3062	corpsHtml	audio	operacritiques.free.fr	http://operacritiques.free.fr/css/images/singet_scholars.mp4
3065	corpsHtml	audio	operacritiques.free.fr	http://operacritiques.free.fr/css/images/isouard_bonynge.mp3
3068	corpsHtml	audio	operacritiques.free.fr	http://operacritiques.free.fr/css/images/devins-flamands.mp3
3068	corpsHtml	audio	operacritiques.free.fr	http://operacritiques.free.fr/css/images/crabben.mp4
3069	corpsHtml	audio	operacritiques.free.fr	http://operacritiques.free.fr/css/images/pbrpo_brahms.mp4
3069	corpsHtml	audio	operacritiques.free.fr	http://operacritiques.free.fr/css/images/pbrpo_parsifal.mp4
3069	corpsHtml	audio	operacritiques.free.fr	http://operacritiques.free.fr/css/images/pbrso_rembrandt.mp4
3069	corpsHtml	audio	operacritiques.free.fr	http://operacritiques.free.fr/css/images/pbrpo_sachs.mp4
3069	corpsHtml	audio	operacritiques.free.fr	http://operacritiques.free.fr/css/images/pbrpo_aube.mp4
3069	corpsHtml	audio	operacritiques.free.fr	http://operacritiques.free.fr/css/images/pbrpo_wallfisch.mp4
3069	corpsHtml	audio	operacritiques.free.fr	http://operacritiques.free.fr/css/images/pbrpo_britten.mp4
3070	corpsHtml	img	www.pentatonemusic.com	http://www.pentatonemusic.com/syscontent/covers/905/cover.png
3070	corpsHtml	img	bis.se	http://bis.se/shop/17115/art15/h0271/5030271-origpic-0e7e80.jpg
3070	corpsHtml	img	static.qobuz.com	http://static.qobuz.com/images/covers/wb/3l/xz0mfy5hk3lwb_600.jpg
3070	corpsHtml	img	outhere-music.com	http://outhere-music.com/cache/im/album_portrait/uploads/albums/5c123d9c11545.jpeg
3070	corpsHtml	img	www.paavojarvi.com	http://www.paavojarvi.com/test/wp-content/uploads/2018/12/sibelius-symphonies.jpg
3071	corpsHtml	audio	operacritiques.free.fr	http://operacritiques.free.fr/css/images/zelenka_tuba.mp4
3071	corpsHtml	audio	operacritiques.free.fr	http://operacritiques.free.fr/css/images/zelenka_recordare.mp4
3071	corpsHtml	audio	operacritiques.free.fr	http://operacritiques.free.fr/css/images/zelenka_kyrie.mp4
3071	corpsHtml	audio	operacritiques.free.fr	http://operacritiques.free.fr/css/images/zelenka_christe.mp4
3073	corpsHtml	audio	operacritiques.free.fr	http://operacritiques.free.fr/css/images/boismortier_chasse.mp4
3073	corpsHtml	audio	operacritiques.free.fr	http://operacritiques.free.fr/css/images/boismortier_nain.mp4
3073	corpsHtml	audio	operacritiques.free.fr	http://operacritiques.free.fr/css/images/boismortier_enfers.mp4
3075	chapoHtml	audio	operacritiques.free.fr	http://operacritiques.free.fr/css/images/sole_posuit.mp4
3075	chapoHtml	audio	operacritiques.free.fr	http://operacritiques.free.fr/css/images/quoniam_ipsius_est_mare.mp4
3075	chapoHtml	audio	operacritiques.free.fr	http://operacritiques.free.fr/css/images/mondonville_hodie.mp4
3075	chapoHtml	audio	operacritiques.free.fr	http://operacritiques.free.fr/css/images/coeli_enarrant.mp4
3079	corpsHtml	audio	operacritiques.free.fr	http://operacritiques.free.fr/css/images/haydn_pinnock.mp4
308	corpsHtml	img	ecx.images-amazon.com	http://ecx.images-amazon.com/images/I/4159HZ3QH5L._SS400_.jpg
3082	corpsHtml	audio	operacritiques.free.fr	http://operacritiques.free.fr/css/images/cpe_hinterhuber.mp4
3083	corpsHtml	audio	operacritiques.free.fr	http://operacritiques.free.fr/css/images/aida_taddei.mp3
3083	corpsHtml	audio	operacritiques.free.fr	http://operacritiques.free.fr/css/images/sacerdote-mexico.mp3
3083	corpsHtml	audio	operacritiques.free.fr	http://operacritiques.free.fr/css/images/sacerdote-mario.mp3
3083	corpsHtml	audio	operacritiques.free.fr	http://operacritiques.free.fr/css/images/callas-eb.mp3
3083	corpsHtml	audio	operacritiques.free.fr	http://operacritiques.free.fr/css/images/aida_eb.mp3
3087	corpsHtml	audio	operacritiques.free.fr	http://operacritiques.free.fr/css/images/contrebasse_tubin.mp3
3087	corpsHtml	audio	operacritiques.free.fr	http://operacritiques.free.fr/css/images/octobasse.mp3
3087	corpsHtml	audio	operacritiques.free.fr	http://operacritiques.free.fr/css/images/contrebasse_capuzzi.mp3
3087	corpsHtml	audio	operacritiques.free.fr	http://operacritiques.free.fr/css/images/contrebasse_gamme.mp3
3093	corpsHtml	audio	operacritiques.free.fr	http://operacritiques.free.fr/css/images/dessy_quatuor.mp3
3093	corpsHtml	audio	operacritiques.free.fr	http://operacritiques.free.fr/css/images/dessy_r2d2.mp4
3094	corpsHtml	audio	operacritiques.free.fr	http://operacritiques.free.fr/css/images/ndp_perotin.mp3
3094	corpsHtml	audio	operacritiques.free.fr	http://operacritiques.free.fr/css/images/ndp-campra_dulcis-christe.mp4
3094	corpsHtml	audio	operacritiques.free.fr	http://operacritiques.free.fr/css/images/ndp_xviie.mp4
3094	corpsHtml	audio	operacritiques.free.fr	http://operacritiques.free.fr/css/images/daquin_tchebourkina.mp3
3094	corpsHtml	audio	operacritiques.free.fr	http://operacritiques.free.fr/css/images/a-l-couperin_cheron-moersch.mp4
3094	corpsHtml	audio	operacritiques.free.fr	http://operacritiques.free.fr/css/images/balbastre_offertoire.mp4
3094	corpsHtml	audio	operacritiques.free.fr	http://operacritiques.free.fr/css/images/vierne_angelus.mp4
3094	corpsHtml	audio	operacritiques.free.fr	http://operacritiques.free.fr/css/images/durufle-creator_ledroit-skarbo.mp4
3096	corpsHtml	audio	operacritiques.free.fr	http://operacritiques.free.fr/css/images/norman_sieglinde.mp4
3098	corpsHtml	audio	operacritiques.free.fr	http://operacritiques.free.fr/css/images/vranicky-52_adagio-gregor.mp4
310	corpsHtml	object	operacritiques.free.fr	http://operacritiques.free.fr/css/dewplayer.swf?son=http://operacritiques.free.fr/css/images/indescontredanse.mp3
3103	corpsHtml	audio	operacritiques.free.fr	http://operacritiques.free.fr/css/images/elverskud_mortensen.mp4
3103	corpsHtml	audio	operacritiques.free.fr	http://operacritiques.free.fr/css/images/elverskud_schoenwandt.mp4
3106	corpsHtml	img	piloris.free.fr	http://piloris.free.fr/putto1.png
3106	corpsHtml	img	piloris.free.fr	http://piloris.free.fr/putto1.png
3106	corpsHtml	img	piloris.free.fr	http://piloris.free.fr/putto1.png
3106	corpsHtml	img	piloris.free.fr	http://piloris.free.fr/putto1.png
3106	corpsHtml	img	piloris.free.fr	http://piloris.free.fr/putto1.png
3106	corpsHtml	img	piloris.free.fr	http://piloris.free.fr/putto1.png
3106	corpsHtml	img	piloris.free.fr	http://piloris.free.fr/putto1.png
3106	corpsHtml	img	piloris.free.fr	http://piloris.free.fr/putto1.png
3106	corpsHtml	img	piloris.free.fr	http://piloris.free.fr/putto1.png
3106	corpsHtml	img	piloris.free.fr	http://piloris.free.fr/putto1.png
3106	corpsHtml	img	piloris.free.fr	http://piloris.free.fr/putto1.png
3106	corpsHtml	img	piloris.free.fr	http://piloris.free.fr/putto1.png
3106	corpsHtml	img	piloris.free.fr	http://piloris.free.fr/putto1.png
3106	corpsHtml	img	piloris.free.fr	http://piloris.free.fr/putto1.png
3106	corpsHtml	img	piloris.free.fr	http://piloris.free.fr/putto1.png
3106	corpsHtml	img	piloris.free.fr	http://piloris.free.fr/putto1.png
3106	corpsHtml	img	piloris.free.fr	http://piloris.free.fr/putto1.png
3106	corpsHtml	img	piloris.free.fr	http://piloris.free.fr/putto1.png
3106	corpsHtml	img	piloris.free.fr	http://piloris.free.fr/putto1.png
3106	corpsHtml	img	piloris.free.fr	http://piloris.free.fr/putto1.png
3106	corpsHtml	img	piloris.free.fr	http://piloris.free.fr/putto1.png
3106	corpsHtml	img	piloris.free.fr	http://piloris.free.fr/putto1.png
3106	corpsHtml	img	piloris.free.fr	http://piloris.free.fr/putto1.png
3106	corpsHtml	img	piloris.free.fr	http://piloris.free.fr/putto1.png
3106	corpsHtml	img	piloris.free.fr	http://piloris.free.fr/putto1.png
3106	corpsHtml	img	piloris.free.fr	http://piloris.free.fr/putto1.png
3106	corpsHtml	img	piloris.free.fr	http://piloris.free.fr/putto1.png
3106	corpsHtml	img	piloris.free.fr	http://piloris.free.fr/putto1.png
3106	corpsHtml	img	piloris.free.fr	http://piloris.free.fr/putto1.png
3106	corpsHtml	img	piloris.free.fr	http://piloris.free.fr/putto1.png
3106	corpsHtml	img	piloris.free.fr	http://piloris.free.fr/putto1.png
3106	corpsHtml	img	piloris.free.fr	http://piloris.free.fr/putto1.png
3106	corpsHtml	img	piloris.free.fr	http://piloris.free.fr/putto1.png
3106	corpsHtml	img	piloris.free.fr	http://piloris.free.fr/putto1.png
3106	corpsHtml	img	piloris.free.fr	http://piloris.free.fr/putto1.png
3106	corpsHtml	img	piloris.free.fr	http://piloris.free.fr/putto1.png
3106	corpsHtml	img	piloris.free.fr	http://piloris.free.fr/putto1.png
3106	corpsHtml	img	piloris.free.fr	http://piloris.free.fr/putto1.png
3106	corpsHtml	img	piloris.free.fr	http://piloris.free.fr/putto1.png
3106	corpsHtml	img	piloris.free.fr	http://piloris.free.fr/putto1.png
3106	corpsHtml	img	piloris.free.fr	http://piloris.free.fr/putto1.png
311	corpsHtml	img	www.jpc.de	http://www.jpc.de/image/cover/front/0/8472027.jpg
3110	corpsHtml	img	piloris.free.fr	http://piloris.free.fr/putto1.png
3110	corpsHtml	img	piloris.free.fr	http://piloris.free.fr/putto1.png
3110	corpsHtml	img	piloris.free.fr	http://piloris.free.fr/putto1.png
3110	corpsHtml	img	piloris.free.fr	http://piloris.free.fr/putto1.png
3110	corpsHtml	img	piloris.free.fr	http://piloris.free.fr/putto1.png
3110	corpsHtml	img	piloris.free.fr	http://piloris.free.fr/putto1.png
3110	corpsHtml	img	piloris.free.fr	http://piloris.free.fr/putto1.png
3110	corpsHtml	img	piloris.free.fr	http://piloris.free.fr/putto1.png
3110	corpsHtml	img	piloris.free.fr	http://piloris.free.fr/putto1.png
3110	corpsHtml	img	piloris.free.fr	http://piloris.free.fr/putto1.png
3110	corpsHtml	img	piloris.free.fr	http://piloris.free.fr/putto1.png
3110	corpsHtml	img	piloris.free.fr	http://piloris.free.fr/putto1.png
3110	corpsHtml	img	piloris.free.fr	http://piloris.free.fr/putto1.png
3110	corpsHtml	img	piloris.free.fr	http://piloris.free.fr/putto1.png
3110	corpsHtml	img	piloris.free.fr	http://piloris.free.fr/putto1.png
3111	corpsHtml	audio	operacritiques.free.fr	http://operacritiques.free.fr/css/images/gossec_vin.mp4
3111	corpsHtml	audio	operacritiques.free.fr	http://operacritiques.free.fr/css/images/gossec_soleil.mp4
3111	corpsHtml	audio	operacritiques.free.fr	http://operacritiques.free.fr/css/images/gossec_danse.mp4
3111	corpsHtml	audio	operacritiques.free.fr	http://operacritiques.free.fr/css/images/gossec_triomphe_republique_liberte.mp4
3111	corpsHtml	audio	operacritiques.free.fr	http://operacritiques.free.fr/css/images/gossec_mort_frappez_les_rois.mp4
3113	corpsHtml	audio	operacritiques.free.fr	http://operacritiques.free.fr/css/sons/gilse_2.mp3
3115	corpsHtml	audio	operacritiques.free.fr	http://operacritiques.free.fr/css/images/debut_sibelius_5_oramo.mp3
3115	corpsHtml	audio	operacritiques.free.fr	http://operacritiques.free.fr/css/images/debut_sibelius_5a_vanska.mp3
3116	corpsHtml	audio	operacritiques.free.fr	http://operacritiques.free.fr/css/images/cartellieri_allegro.mp4
3116	corpsHtml	audio	operacritiques.free.fr	http://operacritiques.free.fr/css/images/cartellieri_adagio.mp4
3118	corpsHtml	audio	operacritiques.free.fr	http://operacritiques.free.fr/css/images/oelberge_rilling_priere_1.mp4
3118	corpsHtml	audio	operacritiques.free.fr	http://operacritiques.free.fr/css/images/oelberge_rilling_priere_2.mp4
3118	corpsHtml	audio	operacritiques.free.fr	http://operacritiques.free.fr/css/images/oelberge_rilling_soldats_1.mp4
3118	corpsHtml	audio	operacritiques.free.fr	http://operacritiques.free.fr/css/images/oelberge_rilling_soldats_2.mp4
312	corpsHtml	object	operacritiques.free.fr	http://operacritiques.free.fr/css/dewplayer.swf?son=http://musicontempo.free.fr/ASchCh_Wehmut.mp3
312	chapoHtml	img	www.musicologie.org	http://www.musicologie.org/Biographies/s/schubert_cd12.jpg
3121	corpsHtml	audio	operacritiques.free.fr	http://operacritiques.free.fr/css/images/salieri_follia_spada_var-04.mp4
3121	corpsHtml	audio	operacritiques.free.fr	http://operacritiques.free.fr/css/images/salieri_follia_spada_var-10.mp4
3121	corpsHtml	audio	operacritiques.free.fr	http://operacritiques.free.fr/css/images/salieri_follia_spada_var-22.mp4
3121	corpsHtml	audio	operacritiques.free.fr	http://operacritiques.free.fr/css/images/salieri_follia_spada_var-25.mp4
3122	corpsHtml	audio	operacritiques.free.fr	http://operacritiques.free.fr/css/images/nielsen_1_debut_schoenwandt.mp4
3122	corpsHtml	audio	operacritiques.free.fr	http://operacritiques.free.fr/css/images/nielsen_1_debut_rozh.mp4
3127	corpsHtml	audio	operacritiques.free.fr	http://operacritiques.free.fr/css/images/beethoven_graf.mp4
3127	corpsHtml	audio	operacritiques.free.fr	http://operacritiques.free.fr/css/images/roentgen_hartmann.mp4
3127	corpsHtml	audio	operacritiques.free.fr	http://operacritiques.free.fr/css/images/ropartz_dominical.mp4
3127	corpsHtml	audio	operacritiques.free.fr	http://operacritiques.free.fr/css/images/koechlin_marines.mp4
3127	corpsHtml	audio	operacritiques.free.fr	http://operacritiques.free.fr/css/images/mariotte_urbaines.mp4
3127	corpsHtml	audio	operacritiques.free.fr	http://operacritiques.free.fr/css/images/feinberg_larghetto.mp4
3127	corpsHtml	audio	operacritiques.free.fr	http://operacritiques.free.fr/css/images/mossolov_nocturnes.mp4
3127	corpsHtml	audio	operacritiques.free.fr	http://operacritiques.free.fr/css/images/messiaen_loriot.mp4
3127	corpsHtml	audio	operacritiques.free.fr	http://operacritiques.free.fr/css/images/ligeti_biret.mp4
3127	corpsHtml	audio	operacritiques.free.fr	http://operacritiques.free.fr/css/images/rzewski_26.mp4
3127	corpsHtml	audio	operacritiques.free.fr	http://operacritiques.free.fr/css/images/tichtchenko_doutes.mp4
313	corpsHtml	object	operacritiques.free.fr	http://operacritiques.free.fr/css/dewplayer.swf?son=http://musicontempo.free.fr/PM_I,1a.mp3
313	chapoHtml	object	operacritiques.free.fr	http://operacritiques.free.fr/css/dewplayer.swf?son=http://musicontempo.free.fr/PM_I,1.mp3
3131	corpsHtml	audio	operacritiques.free.fr	http://operacritiques.free.fr/css/images/alpaerts_zomer.mp4
3131	corpsHtml	audio	operacritiques.free.fr	http://operacritiques.free.fr/css/images/tveitt_concerto_5_mvt_3.mp4
3136	corpsHtml	img	pbs.twimg.com	http://pbs.twimg.com/media/EOVFpU3W4AI2eUf?format=jpg
3136	corpsHtml	img	pbs.twimg.com	http://pbs.twimg.com/media/EOVFp4AXUAUcZSR?format=jpg&name=360x360
3136	corpsHtml	img	pbs.twimg.com	http://pbs.twimg.com/media/EOVFqP9X4AM1DqB?format=jpg&name=360x360
3136	corpsHtml	img	pbs.twimg.com	http://pbs.twimg.com/media/EOZgjavWsAIQ1Gi?format=jpg&name=small
3136	corpsHtml	img	pbs.twimg.com	http://pbs.twimg.com/media/EOetSsOWAAM2zge?format=jpg&name=small
3136	corpsHtml	img	pbs.twimg.com	http://pbs.twimg.com/media/EOmJtQcVAAAbU7I?format=jpg&name=360x360
3136	corpsHtml	img	pbs.twimg.com	http://pbs.twimg.com/media/EOmJtfzUYAcgsmc?format=jpg&name=360x360
3136	corpsHtml	img	pbs.twimg.com	http://pbs.twimg.com/media/EOrNMxhW4AEuAqE?format=jpg&name=360x360
3136	corpsHtml	img	pbs.twimg.com	http://pbs.twimg.com/media/EOrNNJ8WkAMAzgK?format=jpg&name=360x360
3136	corpsHtml	img	pbs.twimg.com	http://pbs.twimg.com/media/EOrNM_tW4AAZb3a?format=jpg&name=360x360
3136	corpsHtml	img	pbs.twimg.com	http://pbs.twimg.com/media/EOyfgUYXsAAkCoY?format=jpg&name=360x360
3136	corpsHtml	img	pbs.twimg.com	http://pbs.twimg.com/media/EOyfgceX4AEofZ2?format=jpg&name=360x360
3136	corpsHtml	img	pbs.twimg.com	http://pbs.twimg.com/media/EOyfgkvWoAASLlq?format=jpg&name=360x360
3136	corpsHtml	img	pbs.twimg.com	http://pbs.twimg.com/media/EOyfgwDXkAULSbi?format=jpg&name=360x360
3136	corpsHtml	img	pbs.twimg.com	http://pbs.twimg.com/media/EOzgvS1XsAET9UH?format=jpg&name=360x360
3136	corpsHtml	img	pbs.twimg.com	http://pbs.twimg.com/media/EOzgvKeW4AcQHAv?format=jpg&name=360x360
3136	corpsHtml	img	pbs.twimg.com	http://pbs.twimg.com/media/EOzgvBMWAAM-6FZ?format=jpg&name=360x360
3136	corpsHtml	img	pbs.twimg.com	http://pbs.twimg.com/media/EO5CR2dWoAEXaS2?format=jpg&name=360x360
3136	corpsHtml	img	pbs.twimg.com	http://pbs.twimg.com/media/EO5CSBTXsAI1j9I?format=jpg&name=360x360
3136	corpsHtml	img	pbs.twimg.com	http://pbs.twimg.com/media/EO5CSLZXUAMfwYR?format=jpg&name=360x360
3136	corpsHtml	img	pbs.twimg.com	http://pbs.twimg.com/media/EO9yKvfXkAU9Glt?format=jpg&name=360x360
3136	corpsHtml	img	pbs.twimg.com	http://pbs.twimg.com/media/EO9yKvJXUAAG4QK?format=jpg&name=900x900
3136	corpsHtml	img	pbs.twimg.com	http://pbs.twimg.com/media/EO9yKvXWsAEAhTr?format=jpg&name=360x360
3136	corpsHtml	img	pbs.twimg.com	http://pbs.twimg.com/media/EPEIN2IWAAE2uol?format=jpg&name=360x360
3136	corpsHtml	img	pbs.twimg.com	http://pbs.twimg.com/media/EPEIOBQX4AA77j3?format=jpg&name=360x360
3136	corpsHtml	img	pbs.twimg.com	http://pbs.twimg.com/media/EPEIOLTWsAAbk4s?format=jpg&name=360x360
3136	corpsHtml	img	pbs.twimg.com	http://pbs.twimg.com/media/EPEKwc0XkAI79lN?format=jpg&name=large
3136	corpsHtml	img	pbs.twimg.com	http://pbs.twimg.com/media/EPHjKqeWAAALzuE?format=jpg&name=900x900
3136	corpsHtml	img	pbs.twimg.com	http://pbs.twimg.com/media/EPHjKqZXsAY73yw?format=jpg&name=small
3136	corpsHtml	img	pbs.twimg.com	http://pbs.twimg.com/media/EPHjKqdWAAMF2HJ?format=jpg&name=360x360
3145	corpsHtml	audio	operacritiques.free.fr	http://operacritiques.free.fr/css/images/absalon_cachemaille.mp3
3145	corpsHtml	audio	operacritiques.free.fr	http://operacritiques.free.fr/css/images/absalon_etcheverry.mp3
3145	corpsHtml	audio	operacritiques.free.fr	http://operacritiques.free.fr/css/images/absalon_roux.mp3
3145	corpsHtml	audio	operacritiques.free.fr	http://operacritiques.free.fr/css/images/absalon_souzay.mp3
3146	corpsHtml	audio	operacritiques.free.fr	http://operacritiques.free.fr/css/images/merle_gynt.mp3
3146	corpsHtml	audio	operacritiques.free.fr	http://operacritiques.free.fr/css/images/gynt_merle.mp3
3146	corpsHtml	audio	operacritiques.free.fr	http://operacritiques.free.fr/css/images/trovatore_merle.mp3
3146	corpsHtml	audio	operacritiques.free.fr	http://operacritiques.free.fr/css/images/messiaen_merle.mp4
3153	corpsHtml	audio	operacritiques.free.fr	http://operacritiques.free.fr/css/images/berg_nachtigall_karg_martineau.mp4
3155	corpsHtml	audio	operacritiques.free.fr	http://operacritiques.free.fr/css/images/schillings_mona_lisa_cadre.mp4
3155	corpsHtml	audio	operacritiques.free.fr	http://operacritiques.free.fr/css/images/schillings_mona_lisa_amour.mp4
3155	corpsHtml	audio	operacritiques.free.fr	http://operacritiques.free.fr/css/images/schillings_mona_lisa_jalousie.mp4
3155	corpsHtml	audio	operacritiques.free.fr	http://operacritiques.free.fr/css/images/schillings_mona_lisa_vengeance.mp4
3155	corpsHtml	audio	operacritiques.free.fr	http://operacritiques.free.fr/css/images/schillings_mona_lisa_amour_kemp.mp4
3155	corpsHtml	audio	operacritiques.free.fr	http://operacritiques.free.fr/css/images/schillings_mona_lisa_fin.mp4
3158	corpsHtml	audio	operacritiques.free.fr	http://operacritiques.free.fr/css/images/wieck_lorelei.mp4
3158	corpsHtml	audio	operacritiques.free.fr	http://operacritiques.free.fr/css/images/bosmans_violoncelle.mp4
3158	corpsHtml	audio	operacritiques.free.fr	http://operacritiques.free.fr/css/images/boulanger_couchants.mp4
3158	corpsHtml	audio	operacritiques.free.fr	http://operacritiques.free.fr/css/images/kapralova_carillon.mp4
3158	corpsHtml	audio	operacritiques.free.fr	http://operacritiques.free.fr/css/images/schindler_hymne.mp4
3158	corpsHtml	audio	operacritiques.free.fr	http://operacritiques.free.fr/css/images/francesca_caccini_liberazione_melissa_sartori.mp4
3158	corpsHtml	audio	operacritiques.free.fr	http://operacritiques.free.fr/css/images/jacquet_ulysse.mp4
3158	corpsHtml	audio	operacritiques.free.fr	http://operacritiques.free.fr/css/images/kinkel_voruberfahrt.mp4
3158	corpsHtml	audio	operacritiques.free.fr	http://operacritiques.free.fr/css/images/holmes_ludus_pro_patria.mp4
3158	corpsHtml	audio	operacritiques.free.fr	http://operacritiques.free.fr/css/images/bacewicz_4.mp4
3158	corpsHtml	audio	operacritiques.free.fr	http://operacritiques.free.fr/css/images/ustvolskaya_6.mp4
3158	corpsHtml	audio	operacritiques.free.fr	http://operacritiques.free.fr/css/images/sokolovic_sirenes.mp4
3158	corpsHtml	audio	operacritiques.free.fr	http://operacritiques.free.fr/css/images/aboulker_titubait.mp4
316	corpsHtml	img	www.abeillemusique.com	http://www.abeillemusique.com/images/references/alpha068.jpg
316	corpsHtml	img	images.amazon.com	http://images.amazon.com/images/P/B0000007NX.01._SCMZZZZZZZ_.jpg
3160	corpsHtml	audio	operacritiques.free.fr	http://operacritiques.free.fr/css/images/cherubini_spering.mp4
3160	corpsHtml	audio	operacritiques.free.fr	http://operacritiques.free.fr/css/images/cherubini_grunert.mp4
3160	corpsHtml	audio	operacritiques.free.fr	http://operacritiques.free.fr/css/images/puritani_bonynge.mp4
3160	corpsHtml	audio	operacritiques.free.fr	http://operacritiques.free.fr/css/images/cherubini_markevitch.mp4
3162	corpsHtml	audio	operacritiques.free.fr	http://operacritiques.free.fr/css/images/vaccaj_giulietta.mp4
3167	corpsHtml	audio	operacritiques.free.fr	http://operacritiques.free.fr/css/images/arriaga_savall_mvt_ii.mp3
3167	corpsHtml	audio	operacritiques.free.fr	http://operacritiques.free.fr/css/images/arriaga_savall_mvt_i.mp3
3169	corpsHtml	audio	operacritiques.free.fr	http://operacritiques.free.fr/css/images/komitas_terterian.mp4
3169	corpsHtml	audio	operacritiques.free.fr	http://operacritiques.free.fr/css/images/webster_ives.mp4
3169	corpsHtml	audio	operacritiques.free.fr	http://operacritiques.free.fr/css/images/dandrieu_laissez_paitre_betes_jarry.mp4
3173	corpsHtml	audio	operacritiques.free.fr	http://operacritiques.free.fr/css/sons/gretry_voisine.mp3
3177	corpsHtml	audio	operacritiques.free.fr	http://operacritiques.free.fr/css/images/melisande_daniel_michel_kirchschlager_rattle.mp3
3179	corpsHtml	audio	operacritiques.free.fr	http://operacritiques.free.fr/css/images/caplet_ronde_monde_schaer.mp4
318	corpsHtml	img	www.hbdirect.com	http://www.hbdirect.com/coverm/81/32081.jpg
318	chapoHtml	img	www.jpc.de	http://www.jpc.de/image/cover/front/0/5837117.jpg
3182	corpsHtml	audio	operacritiques.free.fr	http://operacritiques.free.fr/css/images/schoeck_durande_debut_venzago.mp4
3182	corpsHtml	audio	operacritiques.free.fr	http://operacritiques.free.fr/css/images/schoeck_durande_gabriele_pierreries_venzago.mp4
3182	corpsHtml	audio	operacritiques.free.fr	http://operacritiques.free.fr/css/images/schoeck_penthesilea_malediction_venzago.mp4
3182	corpsHtml	audio	operacritiques.free.fr	http://operacritiques.free.fr/css/images/schoeck_urach_harnish_venzago_extrait.mp4
3182	corpsHtml	audio	operacritiques.free.fr	http://operacritiques.free.fr/css/images/schoeck_venus_horace_monologue_venzago.mp4
3182	corpsHtml	audio	operacritiques.free.fr	http://operacritiques.free.fr/css/images/schoeck_doni_albrecht_extrait.mp3
3182	corpsHtml	audio	operacritiques.free.fr	http://operacritiques.free.fr/css/images/schoeck_durande_peuple_paris_venzago.mp4
3184	corpsHtml	audio	operacritiques.free.fr	http://operacritiques.free.fr/css/images/mendelssohn_bernius_7_gnadig.mp4
3184	corpsHtml	audio	operacritiques.free.fr	http://operacritiques.free.fr/css/images/mendelssohn_bernius_7_surrexit_pastor.mp4
3185	corpsHtml	audio	operacritiques.free.fr	http://operacritiques.free.fr/css/images/thora_ouverture.mp3
3185	corpsHtml	audio	operacritiques.free.fr	http://operacritiques.free.fr/css/images/czerny_athinaos.mp4
3190	corpsHtml	audio	operacritiques.free.fr	http://operacritiques.free.fr/css/images/cain_lassus_ubi_est_abel.mp4
3190	corpsHtml	audio	operacritiques.free.fr	http://operacritiques.free.fr/css/images/cain_carissimi.mp4
3190	corpsHtml	audio	operacritiques.free.fr	http://operacritiques.free.fr/css/images/cain_pasquini_duo_meurtre.mp4
3190	corpsHtml	audio	operacritiques.free.fr	http://operacritiques.free.fr/css/images/cain_pasquini_questions_dieu.mp4
3190	corpsHtml	audio	operacritiques.free.fr	http://operacritiques.free.fr/css/images/cain_pasquini_choeur_peur.mp4
3190	corpsHtml	audio	operacritiques.free.fr	http://operacritiques.free.fr/css/images/cain_scarlatti_questions_dieu.mp4
3190	corpsHtml	audio	operacritiques.free.fr	http://operacritiques.free.fr/css/images/cain_scarlatti_dieu_malediction.mp4
3190	corpsHtml	audio	operacritiques.free.fr	http://operacritiques.free.fr/css/images/cain_caldara_abel_pastor_bartoli.mp4
3192	corpsHtml	lien	pastellists.com	http://pastellists.com/Articles/Loir.pdf
3194	corpsHtml	img	operacritiques.free.fr	http://operacritiques.free.fr/css/images/prononciation_sutherland.png
3196	corpsHtml	audio	operacritiques.free.fr	http://operacritiques.free.fr/css/images/cain_rolle.mp4
3196	corpsHtml	audio	operacritiques.free.fr	http://operacritiques.free.fr/css/images/cain_kreutzer_adam_aurore_1.mp3
3196	corpsHtml	audio	operacritiques.free.fr	http://operacritiques.free.fr/css/images/cain_kreutzer_adam_aurore_2.mp3
3196	corpsHtml	audio	operacritiques.free.fr	http://operacritiques.free.fr/css/images/cain_kreutzer_final_i_1.mp3
3196	corpsHtml	audio	operacritiques.free.fr	http://operacritiques.free.fr/css/images/cain_kreutzer_final_i_2.mp3
3196	corpsHtml	audio	operacritiques.free.fr	http://operacritiques.free.fr/css/images/cain_kreutzer_duo_fatal_1.mp3
3196	corpsHtml	audio	operacritiques.free.fr	http://operacritiques.free.fr/css/images/cain_kreutzer_duo_fatal_2.mp3
3197	corpsHtml	audio	operacritiques.free.fr	http://operacritiques.free.fr/css/images/yniold_torture_avec_coupure_kawka.mp3
3197	corpsHtml	audio	operacritiques.free.fr	http://operacritiques.free.fr/css/images/yniold_torture_avec_lit_rattle.mp3
320	corpsHtml	img	www.pluto.no	http://www.pluto.no/kulturspeilet/faste/cd/bildemag/C/komponister/Borgstrom_Hjalmar.jpg
320	corpsHtml	object	operacritiques.free.fr	http://operacritiques.free.fr/css/dewplayer.swf?son=http://piloris.free.fr/thora2.mp3
320	chapoHtml	object	operacritiques.free.fr	http://operacritiques.free.fr/css/dewplayer.swf?son=http://piloris.free.fr/thora1.mp3
320	chapoHtml	img	www.pluto.no	http://www.pluto.no/kulturspeilet/faste/cd/bildemag/D/cd/Borgstrom_ThoraRimol.jpg
3200	corpsHtml	audio	operacritiques.free.fr	http://operacritiques.free.fr/css/images/pfleger_annonciation.mp4
3201	corpsHtml	audio	operacritiques.free.fr	http://operacritiques.free.fr/css/images/pelleas_leitmotive_golaud_prelude.mp3
3201	corpsHtml	audio	operacritiques.free.fr	http://operacritiques.free.fr/css/images/pelleas_leitmotive_golaud_entree.mp3
3201	corpsHtml	audio	operacritiques.free.fr	http://operacritiques.free.fr/css/images/pelleas_leitmotive_golaud_fontaine-rencontre.mp3
3201	corpsHtml	audio	operacritiques.free.fr	http://operacritiques.free.fr/css/images/pelleas_leitmotive_golaud_fontaine-embrasser.mp3
3201	corpsHtml	audio	operacritiques.free.fr	http://operacritiques.free.fr/css/images/pelleas_leitmotive_golaud_vouliez-pas.mp3
3201	corpsHtml	audio	operacritiques.free.fr	http://operacritiques.free.fr/css/images/pelleas_leitmotive_golaud_anneau-tutti.mp3
3201	corpsHtml	audio	operacritiques.free.fr	http://operacritiques.free.fr/css/images/pelleas_leitmotive_golaud_mains-tremblent.mp3
3201	corpsHtml	audio	operacritiques.free.fr	http://operacritiques.free.fr/css/images/pelleas_leitmotive_golaud_anneau-jetez.mp3
3201	corpsHtml	audio	operacritiques.free.fr	http://operacritiques.free.fr/css/images/pelleas_leitmotive_golaud_interlude-fontaine.mp3
3201	corpsHtml	audio	operacritiques.free.fr	http://operacritiques.free.fr/css/images/pelleas_leitmotive_golaud_cheval.mp3
3201	corpsHtml	audio	operacritiques.free.fr	http://operacritiques.free.fr/css/images/pelleas_leitmotive_golaud_que-faites.mp3
3203	corpsHtml	audio	operacritiques.free.fr	http://operacritiques.free.fr/css/images/bernhard_romberg_symphonies_willens_fin.mp4
3204	corpsHtml	audio	operacritiques.free.fr	http://operacritiques.free.fr/css/images/kalinnikov_1.mp4
3206	corpsHtml	audio	operacritiques.free.fr	http://operacritiques.free.fr/css/images/dalbavie_source_regard_seattle.mp4
3207	corpsHtml	img	pbs.twimg.com	http://pbs.twimg.com/media/E2KYMa_X0AAGD6f?format=jpg&name=small
3221	corpsHtml	img	pbs.twimg.com	http://pbs.twimg.com/media/E2NstOpWEAUo2WJ.jpg
3221	corpsHtml	img	pbs.twimg.com	http://pbs.twimg.com/media/E2Ptb7PXEAYz-0b.jpg
3221	corpsHtml	img	pbs.twimg.com	http://pbs.twimg.com/media/E2OZzBWXIAAQl1J.png
3221	corpsHtml	img	pbs.twimg.com	http://pbs.twimg.com/media/E2OdiDqXMAAPKF7.jpg
3221	corpsHtml	img	pbs.twimg.com	http://pbs.twimg.com/media/E2OfIMIWQAAEyCj.jpg
3221	corpsHtml	iframe	www.youtube.com	http://www.youtube.com/embed/yiibDQUPt8Q
3221	corpsHtml	img	pbs.twimg.com	http://pbs.twimg.com/media/E2Ps9hvXEBMy9Z3.jpg
3221	corpsHtml	lien	pbs.twimg.com	http://pbs.twimg.com/media/E2NstOpWEAUo2WJ.jpg
3221	corpsHtml	lien	pbs.twimg.com	http://pbs.twimg.com/media/E2Ptb7PXEAYz-0b.jpg
3221	corpsHtml	lien	pbs.twimg.com	http://pbs.twimg.com/media/E2OZzBWXIAAQl1J.png
3221	corpsHtml	lien	pbs.twimg.com	http://pbs.twimg.com/media/E2OdiDqXMAAPKF7.jpg
3221	corpsHtml	lien	pbs.twimg.com	http://pbs.twimg.com/media/E2OfIMIWQAAEyCj.jpg
3221	corpsHtml	lien	pbs.twimg.com	http://pbs.twimg.com/media/E2Ps9hvXEBMy9Z3.jpg
3222	corpsHtml	img	pbs.twimg.com	http://pbs.twimg.com/media/E2U8fjqWEAAOfxl.jpg
3222	corpsHtml	img	pbs.twimg.com	http://pbs.twimg.com/media/E2VDRVNXoAA-Jtr.jpg
3222	corpsHtml	lien	pbs.twimg.com	http://pbs.twimg.com/media/E2U8fjqWEAAOfxl.jpg
3222	corpsHtml	lien	pbs.twimg.com	http://pbs.twimg.com/media/E2VDRVNXoAA-Jtr.jpg
3222	corpsHtml	lien	pbs.twimg.com	http://pbs.twimg.com/media/E2U8fjqWEAAOfxl.jpg
3223	corpsHtml	img	pbs.twimg.com	http://pbs.twimg.com/media/E2Z5sU6WYAIRpYk.jpg
3223	corpsHtml	img	pbs.twimg.com	http://pbs.twimg.com/media/E2aAL3IWYAQJfD7.jpg
3223	corpsHtml	img	pbs.twimg.com	http://pbs.twimg.com/media/E2ay3eBXwAAK2m7.jpg
3223	corpsHtml	img	pbs.twimg.com	http://pbs.twimg.com/media/E2aBO1fXoAAe8ii.jpg
3223	corpsHtml	img	pbs.twimg.com	http://pbs.twimg.com/media/E2aCbLgWEAU327V.jpg
3223	corpsHtml	lien	pbs.twimg.com	http://pbs.twimg.com/media/E2Z5sU6WYAIRpYk.jpg
3223	corpsHtml	lien	pbs.twimg.com	http://pbs.twimg.com/media/E2aAL3IWYAQJfD7.jpg
3223	corpsHtml	lien	pbs.twimg.com	http://pbs.twimg.com/media/E2ay3eBXwAAK2m7.jpg
3223	corpsHtml	lien	pbs.twimg.com	http://pbs.twimg.com/media/E2aBO1fXoAAe8ii.jpg
3223	corpsHtml	lien	pbs.twimg.com	http://pbs.twimg.com/media/E2aCbLgWEAU327V.jpg
3226	corpsHtml	img	pbs.twimg.com	http://pbs.twimg.com/media/E2dhH0GWUAAI8cg.jpg
3226	corpsHtml	img	pbs.twimg.com	http://pbs.twimg.com/media/E2eNrBEXMAAH1nr.jpg
3226	corpsHtml	img	pbs.twimg.com	http://pbs.twimg.com/media/E2eO8-NX0AAXXSm.jpg
3226	corpsHtml	img	pbs.twimg.com	http://pbs.twimg.com/media/E2ePaHBWQAQkzVO.jpg
3226	corpsHtml	img	pbs.twimg.com	http://pbs.twimg.com/media/E2fFb48XoAMXqo-.jpg
3226	corpsHtml	img	pbs.twimg.com	http://pbs.twimg.com/media/E2fFwZZWYAAvqzC.jpg
3227	corpsHtml	img	pbs.twimg.com	http://pbs.twimg.com/media/E2lWC1OWUAEUTAS.jpg
3227	corpsHtml	iframe	www.youtube.com	http://www.youtube.com/embed/jjnA9005MHg
3227	corpsHtml	lien	pbs.twimg.com	http://pbs.twimg.com/media/E2lWC1OWUAEUTAS.jpg
3228	corpsHtml	img	pbs.twimg.com	http://pbs.twimg.com/media/E2puR5tXMAIAKsb.jpg
3228	corpsHtml	img	pbs.twimg.com	http://pbs.twimg.com/media/E2pxACjXMAQZ7mL.jpg
3228	corpsHtml	img	pbs.twimg.com	http://pbs.twimg.com/media/E2px2zeWYAoHQI4.jpg
3228	corpsHtml	lien	pbs.twimg.com	http://pbs.twimg.com/media/E2puR5tXMAIAKsb.jpg
3228	corpsHtml	lien	pbs.twimg.com	http://pbs.twimg.com/media/E2pxACjXMAQZ7mL.jpg
3228	corpsHtml	lien	pbs.twimg.com	http://pbs.twimg.com/media/E2px2zeWYAoHQI4.jpg
3229	corpsHtml	img	pbs.twimg.com	http://pbs.twimg.com/media/E2sZ0-HWYAIO5Hk.jpg
3229	corpsHtml	img	pbs.twimg.com	http://pbs.twimg.com/media/E2vamkYWYAEPTQn.jpg
3229	corpsHtml	img	pbs.twimg.com	http://pbs.twimg.com/media/E2sb_8KXEAEIL7s.jpg
3229	corpsHtml	img	pbs.twimg.com	http://pbs.twimg.com/media/E2seOanXwAQE0IG.jpg
3229	corpsHtml	iframe	www.youtube.com	http://www.youtube.com/embed/mdVqVVTh188
3229	corpsHtml	lien	pbs.twimg.com	http://pbs.twimg.com/media/E2sZ0-HWYAIO5Hk.jpg
3229	corpsHtml	lien	pbs.twimg.com	http://pbs.twimg.com/media/E2vamkYWYAEPTQn.jpg
3229	corpsHtml	lien	pbs.twimg.com	http://pbs.twimg.com/media/E2sb_8KXEAEIL7s.jpg
3229	corpsHtml	lien	pbs.twimg.com	http://pbs.twimg.com/media/E2seOanXwAQE0IG.jpg
3230	corpsHtml	img	pbs.twimg.com	http://pbs.twimg.com/media/E2x5f7LWQAINEht.jpg
3230	corpsHtml	img	pbs.twimg.com	http://pbs.twimg.com/media/E2zYC9kXEAUb0Pr.jpg
3230	corpsHtml	img	pbs.twimg.com	http://pbs.twimg.com/media/E2zbPrJXwAcWo2Z.jpg
3230	corpsHtml	img	pbs.twimg.com	http://pbs.twimg.com/media/E2zcL5sWUAUu8sD.jpg
3230	corpsHtml	img	pbs.twimg.com	http://pbs.twimg.com/media/E2zaM38WUAIZX29.jpg
3230	corpsHtml	img	pbs.twimg.com	http://pbs.twimg.com/media/E2zcwZ0XEAgFLIu.jpg
3230	corpsHtml	lien	pbs.twimg.com	http://pbs.twimg.com/media/E2x5f7LWQAINEht.jpg
3230	corpsHtml	lien	pbs.twimg.com	http://pbs.twimg.com/media/E2zYC9kXEAUb0Pr.jpg
3230	corpsHtml	lien	pbs.twimg.com	http://pbs.twimg.com/media/E2zbPrJXwAcWo2Z.jpg
3230	corpsHtml	lien	pbs.twimg.com	http://pbs.twimg.com/media/E2zcL5sWUAUu8sD.jpg
3230	corpsHtml	lien	pbs.twimg.com	http://pbs.twimg.com/media/E2zaM38WUAIZX29.jpg
3230	corpsHtml	lien	pbs.twimg.com	http://pbs.twimg.com/media/E2zaM38WUAIZX29.jpg
3230	corpsHtml	lien	pbs.twimg.com	http://pbs.twimg.com/media/E2zcwZ0XEAgFLIu.jpg
3230	corpsHtml	lien	pbs.twimg.com	http://pbs.twimg.com/media/E2zcL5sWUAUu8sD.jpg
3230	corpsHtml	lien	pbs.twimg.com	http://pbs.twimg.com/media/E2zcwZ0XEAgFLIu.jpg
3231	corpsHtml	img	pbs.twimg.com	http://pbs.twimg.com/media/E23hk4tXMAED76T.jpg
3231	corpsHtml	img	pbs.twimg.com	http://pbs.twimg.com/media/E23ng5MXMAIkiD2.jpg
3231	corpsHtml	img	pbs.twimg.com	http://pbs.twimg.com/media/E24oVHLXwAUC7lq.jpg
3231	corpsHtml	img	pbs.twimg.com	http://pbs.twimg.com/media/E24jjKxXIAMVifY.jpg
3231	corpsHtml	img	pbs.twimg.com	http://pbs.twimg.com/media/E24kYwDWUAAHQe1.jpg
3231	corpsHtml	img	pbs.twimg.com	http://pbs.twimg.com/media/E24ndmZXEAIfolB.jpg
3231	corpsHtml	img	pbs.twimg.com	http://pbs.twimg.com/media/E24oWXJXIAEXpu-.jpg
3231	corpsHtml	img	pbs.twimg.com	http://pbs.twimg.com/media/E24oXaYXEAEgWVM.jpg
3231	corpsHtml	img	pbs.twimg.com	http://pbs.twimg.com/media/E24pgnWWYAACQXO.jpg
3231	corpsHtml	lien	pbs.twimg.com	http://pbs.twimg.com/media/E23hk4tXMAED76T.jpg
3231	corpsHtml	lien	pbs.twimg.com	http://pbs.twimg.com/media/E23ng5MXMAIkiD2.jpg
3231	corpsHtml	lien	pbs.twimg.com	http://pbs.twimg.com/media/E24oVHLXwAUC7lq.jpg
3231	corpsHtml	lien	pbs.twimg.com	http://pbs.twimg.com/media/E24jjKxXIAMVifY.jpg
3231	corpsHtml	lien	pbs.twimg.com	http://pbs.twimg.com/media/E24kYwDWUAAHQe1.jpg
3231	corpsHtml	lien	pbs.twimg.com	http://pbs.twimg.com/media/E24ndmZXEAIfolB.jpg
3231	corpsHtml	lien	pbs.twimg.com	http://pbs.twimg.com/media/E24oWXJXIAEXpu-.jpg
3231	corpsHtml	lien	pbs.twimg.com	http://pbs.twimg.com/media/E24oVHLXwAUC7lq.jpg
3231	corpsHtml	lien	pbs.twimg.com	http://pbs.twimg.com/media/E24oXaYXEAEgWVM.jpg
3231	corpsHtml	lien	pbs.twimg.com	http://pbs.twimg.com/media/E24pgnWWYAACQXO.jpg
3232	corpsHtml	audio	operacritiques.free.fr	http://operacritiques.free.fr/css/images/carotte_scene.mp3
3232	corpsHtml	audio	operacritiques.free.fr	http://operacritiques.free.fr/css/images/carotte_glisse.mp3
3232	corpsHtml	audio	operacritiques.free.fr	http://operacritiques.free.fr/css/images/carotte_calotte.mp3
3232	corpsHtml	audio	operacritiques.free.fr	http://operacritiques.free.fr/css/images/carotte_etirer.mp3
3232	corpsHtml	audio	operacritiques.free.fr	http://operacritiques.free.fr/css/images/carotte_raide.mp3
3232	corpsHtml	audio	operacritiques.free.fr	http://operacritiques.free.fr/css/images/carotte_cheveux.mp3
3234	corpsHtml	audio	operacritiques.free.fr	http://operacritiques.free.fr/css/images/otello_marmoreo_farina_grundheber.mp3
3234	corpsHtml	audio	operacritiques.free.fr	http://operacritiques.free.fr/css/images/otello_marmoreo_antonenko_lucic.mp3
3234	corpsHtml	audio	operacritiques.free.fr	http://operacritiques.free.fr/css/images/otello_marmoreo_schock_metternich.mp3
3234	corpsHtml	audio	operacritiques.free.fr	http://operacritiques.free.fr/css/images/otello_marmoreo_hopf_metternich.mp3
3236	corpsHtml	img	pbs.twimg.com	http://pbs.twimg.com/media/E278c2CXMAAKQqh.jpg
3236	corpsHtml	img	pbs.twimg.com	http://pbs.twimg.com/media/E29VutxWYAAGeug.jpg
3236	corpsHtml	img	pbs.twimg.com	http://pbs.twimg.com/media/E2_LoxxWQAM1vPM.jpg
3236	corpsHtml	img	pbs.twimg.com	http://pbs.twimg.com/media/E2_MiF2WYAIOM5I.jpg
3236	corpsHtml	lien	pbs.twimg.com	http://pbs.twimg.com/media/E278c2CXMAAKQqh.jpg
3236	corpsHtml	lien	pbs.twimg.com	http://pbs.twimg.com/media/E29VutxWYAAGeug.jpg
3236	corpsHtml	lien	pbs.twimg.com	http://pbs.twimg.com/media/E2_LoxxWQAM1vPM.jpg
3236	corpsHtml	lien	pbs.twimg.com	http://pbs.twimg.com/media/E2_MiF2WYAIOM5I.jpg
3237	corpsHtml	img	pbs.twimg.com	http://pbs.twimg.com/media/E3BNln8X0AEnRbX.jpg
3237	corpsHtml	img	pbs.twimg.com	http://pbs.twimg.com/media/E3DJCScXEAITCmX.jpg
3237	corpsHtml	img	pbs.twimg.com	http://pbs.twimg.com/media/E3DJrPRWYAYk24j.jpg
3237	corpsHtml	img	pbs.twimg.com	http://pbs.twimg.com/media/E3DLGAeWYAIV5xV.jpg
3237	corpsHtml	iframe	www.youtube.com	http://www.youtube.com/embed/nyoUClfsiI0
3237	corpsHtml	lien	pbs.twimg.com	http://pbs.twimg.com/media/E3BNln8X0AEnRbX.jpg
3237	corpsHtml	lien	pbs.twimg.com	http://pbs.twimg.com/media/E3DJCScXEAITCmX.jpg
3237	corpsHtml	lien	pbs.twimg.com	http://pbs.twimg.com/media/E3DJrPRWYAYk24j.jpg
3237	corpsHtml	lien	pbs.twimg.com	http://pbs.twimg.com/media/E3DLGAeWYAIV5xV.jpg
3238	corpsHtml	video	operacritiques.free.fr	http://operacritiques.free.fr/css/images/pachelbel_chaise-dieu_essl_chaconne_sol.mp4
3238	corpsHtml	audio	operacritiques.free.fr	http://operacritiques.free.fr/css/images/pachelbel_simmern_essl_chaconne_sol.mp4
3238	corpsHtml	audio	operacritiques.free.fr	http://operacritiques.free.fr/css/images/balbastre_roch_chapuis_marseillais.mp3
3238	corpsHtml	audio	operacritiques.free.fr	http://operacritiques.free.fr/css/images/grigny_maximin_bardon_veni_dialogue.mp3
3238	corpsHtml	audio	operacritiques.free.fr	http://operacritiques.free.fr/css/images/grigny_seurre_lecaudey_supernum_amen.mp4
3238	corpsHtml	audio	operacritiques.free.fr	http://operacritiques.free.fr/css/images/rameau_cintegabelle_rechsteiner_rigaudon_castor.mp4
3238	corpsHtml	audio	operacritiques.free.fr	http://operacritiques.free.fr/css/images/daquin_gellone_falcioni_noel_3.mp4
3238	corpsHtml	audio	operacritiques.free.fr	http://operacritiques.free.fr/css/images/corrette_orgelet_meylan_a_minuit_fut_fait.mp4
3238	corpsHtml	audio	operacritiques.free.fr	http://operacritiques.free.fr/css/images/boyvin_champagnole_delor_dialogue_de_recit_cromorne_tierce.mp4
3239	corpsHtml	audio	operacritiques.free.fr	http://operacritiques.free.fr/css/images/schumann_etuden_5_rothkopf.mp4
3239	corpsHtml	audio	operacritiques.free.fr	http://operacritiques.free.fr/css/images/schumann_skizzen_1_rothkopf.mp4
3239	corpsHtml	audio	operacritiques.free.fr	http://operacritiques.free.fr/css/images/schumann_fugen_4_rothkopf.mp4
324	corpsHtml	img	www.klassiekemuziekgids.net	http://www.klassiekemuziekgids.net/images/componisten/takemitsu.jpg
324	chapoHtml	object	operacritiques.free.fr	http://operacritiques.free.fr/css/dewplayer.swf?son=http://musicontempo.free.fr/treelinecpl.mp3
3242	corpsHtml	audio	operacritiques.free.fr	http://operacritiques.free.fr/css/images/foroni_cristina_svezia_costringermi_sacrifizio.mp3
3242	corpsHtml	audio	operacritiques.free.fr	http://operacritiques.free.fr/css/images/foroni_cristina_svezia_materna_terra.mp3
3242	corpsHtml	audio	operacritiques.free.fr	http://operacritiques.free.fr/css/images/foroni_cristina_svezia_alma_rea.mp3
3244	corpsHtml	audio	operacritiques.free.fr	http://operacritiques.free.fr/css/images/dupuy_basson.mp4
3244	corpsHtml	audio	operacritiques.free.fr	http://operacritiques.free.fr/css/images/graener_eugen.mp4
3244	corpsHtml	audio	operacritiques.free.fr	http://operacritiques.free.fr/css/images/alfven_symphonie_3_par_alfven.mp4
3248	corpsHtml	audio	operacritiques.free.fr	http://operacritiques.free.fr/css/images/campra_requiem_malgoire_introitus.mp4
3250	corpsHtml	audio	operacritiques.free.fr	http://operacritiques.free.fr/css/images/ezechias_charpentier.mp3
3254	corpsHtml	audio	operacritiques.free.fr	http://operacritiques.free.fr/css/images/dupuy_basson.mp4
3255	corpsHtml	audio	operacritiques.free.fr	http://operacritiques.free.fr/css/images/circe_asterie.mp4
3257	corpsHtml	audio	operacritiques.free.fr	http://operacritiques.free.fr/css/images/graener_eugen.mp4
3257	corpsHtml	audio	operacritiques.free.fr	http://operacritiques.free.fr/css/images/alfven_symphonie_3_par_alfven.mp4
3260	corpsHtml	audio	operacritiques.free.fr	http://operacritiques.free.fr/css/images/arthaud_meyerbeer.mp3
3260	corpsHtml	audio	operacritiques.free.fr	http://operacritiques.free.fr/css/images/poutou_mozart.mp3
3260	corpsHtml	audio	operacritiques.free.fr	http://operacritiques.free.fr/css/images/melenchon_giordano.mp3
3260	corpsHtml	audio	operacritiques.free.fr	http://operacritiques.free.fr/css/images/roussel_prokofiev.mp3
3260	corpsHtml	audio	operacritiques.free.fr	http://operacritiques.free.fr/css/images/hidalgo_humperdinck.mp3
3260	corpsHtml	audio	operacritiques.free.fr	http://operacritiques.free.fr/css/images/taubira_strauss.mp3
3260	corpsHtml	audio	operacritiques.free.fr	http://operacritiques.free.fr/css/images/jadot_mozart.mp3
3260	corpsHtml	audio	operacritiques.free.fr	http://operacritiques.free.fr/css/images/macron_maazel.mp3
3260	corpsHtml	audio	operacritiques.free.fr	http://operacritiques.free.fr/css/images/pecresse_verdi.mp3
3260	corpsHtml	audio	operacritiques.free.fr	http://operacritiques.free.fr/css/images/lassalle_berlioz.mp3
3260	corpsHtml	audio	operacritiques.free.fr	http://operacritiques.free.fr/css/images/asselineau_chabrier.mp3
3260	corpsHtml	audio	operacritiques.free.fr	http://operacritiques.free.fr/css/images/le-pen_honegger.mp3
3260	corpsHtml	audio	operacritiques.free.fr	http://operacritiques.free.fr/css/images/zemmour_corigliano.mp3
3263	corpsHtml	audio	piloris.free.fr	http://piloris.free.fr/css/images/beethoven_russe_flute_107.mp3
3263	corpsHtml	audio	piloris.free.fr	http://piloris.free.fr/css/images/beethoven_russe_quatuor_7.mp3
3263	corpsHtml	audio	piloris.free.fr	http://piloris.free.fr/css/images/godounov_slava_soleil_semkow.mp3
3263	corpsHtml	img	piloris.free.fr	http://piloris.free.fr/css/images/lvov_prach_gloire_au_soleil.png
3263	corpsHtml	audio	piloris.free.fr	http://piloris.free.fr/css/images/arenski_soleil.mp3
3263	corpsHtml	audio	piloris.free.fr	http://piloris.free.fr/css/images/stravinski_oiseau_folklore_pin_jansons.mp4
3263	corpsHtml	audio	piloris.free.fr	http://piloris.free.fr/css/images/rimski_nuit_pin_prudenskaya_oiseau.mp4
3263	corpsHtml	audio	piloris.free.fr	http://piloris.free.fr/css/images/oneguine_folklore.mp3
3263	corpsHtml	audio	piloris.free.fr	http://piloris.free.fr/css/images/tchaikovsky_2_folklore_tonhalle.mp3
3263	corpsHtml	audio	piloris.free.fr	http://piloris.free.fr/css/images/kiev_janis.mp4
3263	corpsHtml	audio	piloris.free.fr	http://piloris.free.fr/css/images/khovanchtchina_margaritov.mp4
3263	corpsHtml	audio	piloris.free.fr	http://piloris.free.fr/css/images/kalinnikov_folklore.mp3
3263	corpsHtml	audio	piloris.free.fr	http://piloris.free.fr/css/images/roslavets_prelude_2_lazareva.mp4
3264	corpsHtml	img	piloris.free.fr	http://piloris.free.fr/css/images/arenski_tete.png
3264	corpsHtml	audio	piloris.free.fr	http://piloris.free.fr/css/images/arenski_zeliha.mp4
3265	corpsHtml	img	piloris.free.fr	http://piloris.free.fr/css/images/ecoutespubliques.png
3266	corpsHtml	img	piloris.free.fr	http://piloris.free.fr/css/images/compositeurs_ukrainiens.jpg
3266	corpsHtml	img	piloris.free.fr	http://piloris.free.fr/css/images/berezovsky.jpg
3266	corpsHtml	img	piloris.free.fr	http://piloris.free.fr/css/images/bortniansky.jpg
3266	corpsHtml	img	piloris.free.fr	http://piloris.free.fr/css/images/vedel.jpg
3267	corpsHtml	img	piloris.free.fr	http://piloris.free.fr/css/images/tce_miroir.png
3268	corpsHtml	img	piloris.free.fr	http://piloris.free.fr/css/images/sophie_gail.jpg
3269	corpsHtml	img	piloris.free.fr	http://piloris.free.fr/css/images/ukraine_pologne.png
3269	corpsHtml	img	piloris.free.fr	http://piloris.free.fr/css/images/hulak-artemovsky.jpg
3269	corpsHtml	img	piloris.free.fr	http://piloris.free.fr/css/images/kyiv_opera.jpg
3270	corpsHtml	audio	piloris.free.fr	http://piloris.free.fr/css/images/pianistes.mp3
3270	corpsHtml	img	piloris.free.fr	http://piloris.free.fr/css/images/methode_rose_.jpg
3270	corpsHtml	img	piloris.free.fr	http://piloris.free.fr/css/images/deliateur.jpg
3270	corpsHtml	img	piloris.free.fr	http://piloris.free.fr/css/images/hanon.jpg
3270	corpsHtml	audio	piloris.free.fr	http://piloris.free.fr/css/images/godowsky.mp3
3270	corpsHtml	img	piloris.free.fr	http://piloris.free.fr/css/images/salome_couv.jpg
3270	corpsHtml	img	piloris.free.fr	http://piloris.free.fr/css/images/salome_note.png
3272	corpsHtml	img	piloris.free.fr	http://piloris.free.fr/css/images/surtitres_nilsson.png
3272	corpsHtml	audio	piloris.free.fr	http://piloris.free.fr/css/images/surtitres_elektra.mp3
3272	corpsHtml	img	piloris.free.fr	http://piloris.free.fr/css/images/surtitres_netrebko.png
3272	corpsHtml	img	piloris.free.fr	http://piloris.free.fr/css/images/surtitres_sutherland.png
3274	corpsHtml	audio	piloris.free.fr	http://piloris.free.fr/css/images/lysenko_boulba.mp3
3274	corpsHtml	img	piloris.free.fr	http://piloris.free.fr/css/images/lysenko.jpg
3274	corpsHtml	img	piloris.free.fr	http://piloris.free.fr/css/images/lysenko_portrait.jpg
3275	corpsHtml	img	piloris.free.fr	http://piloris.free.fr/css/images/falstaff_ora.png
3276	corpsHtml	img	piloris.free.fr	http://piloris.free.fr/css/images/beyonce_renaissance.jpg
3277	corpsHtml	img	piloris.free.fr	http://piloris.free.fr/css/images/ecoutes_publiques/image205.png
3277	corpsHtml	img	piloris.free.fr	http://piloris.free.fr/css/images/ecoutes_publiques/image290.png
3277	corpsHtml	img	piloris.free.fr	http://piloris.free.fr/css/images/ecoutes_publiques/image181.png
3277	corpsHtml	img	piloris.free.fr	http://piloris.free.fr/css/images/ecoutes_publiques/image181.png
3277	corpsHtml	img	piloris.free.fr	http://piloris.free.fr/css/images/ecoutes_publiques/image281.png
3277	corpsHtml	img	piloris.free.fr	http://piloris.free.fr/css/images/ecoutes_publiques/image352.png
3277	corpsHtml	img	piloris.free.fr	http://piloris.free.fr/css/images/ecoutes_publiques/image206.png
3277	corpsHtml	img	piloris.free.fr	http://piloris.free.fr/css/images/ecoutes_publiques/image206.png
3277	corpsHtml	img	piloris.free.fr	http://piloris.free.fr/css/images/ecoutes_publiques/image231.png
3277	corpsHtml	img	piloris.free.fr	http://piloris.free.fr/css/images/ecoutes_publiques/image399.png
3277	corpsHtml	img	piloris.free.fr	http://piloris.free.fr/css/images/ecoutes_publiques/image116.png
3277	corpsHtml	img	piloris.free.fr	http://piloris.free.fr/css/images/ecoutes_publiques/image182.png
3277	corpsHtml	img	piloris.free.fr	http://piloris.free.fr/css/images/ecoutes_publiques/image377.png
3277	corpsHtml	img	piloris.free.fr	http://piloris.free.fr/css/images/ecoutes_publiques/image265.png
3277	corpsHtml	img	piloris.free.fr	http://piloris.free.fr/css/images/ecoutes_publiques/image49.png
3277	corpsHtml	img	piloris.free.fr	http://piloris.free.fr/css/images/ecoutes_publiques/image156.png
3277	corpsHtml	img	piloris.free.fr	http://piloris.free.fr/css/images/ecoutes_publiques/image413.png
3277	corpsHtml	img	piloris.free.fr	http://piloris.free.fr/css/images/ecoutes_publiques/image200.png
3277	corpsHtml	img	piloris.free.fr	http://piloris.free.fr/css/images/ecoutes_publiques/image181.png
3277	corpsHtml	img	piloris.free.fr	http://piloris.free.fr/css/images/ecoutes_publiques/image181.png
3277	corpsHtml	img	piloris.free.fr	http://piloris.free.fr/css/images/ecoutes_publiques/image181.png
3277	corpsHtml	img	piloris.free.fr	http://piloris.free.fr/css/images/ecoutes_publiques/ecoutes_publiques/image179.png
3277	corpsHtml	img	piloris.free.fr	http://piloris.free.fr/css/images/ecoutes_publiques/image394.png
3277	corpsHtml	img	piloris.free.fr	http://piloris.free.fr/css/images/ecoutes_publiques/image298.png
3277	corpsHtml	img	piloris.free.fr	http://piloris.free.fr/css/images/ecoutes_publiques/image68.png
3277	corpsHtml	img	piloris.free.fr	http://piloris.free.fr/css/images/ecoutes_publiques/image175.png
3277	corpsHtml	img	piloris.free.fr	http://piloris.free.fr/css/images/ecoutes_publiques/image175.png
3277	corpsHtml	img	piloris.free.fr	http://piloris.free.fr/css/images/ecoutes_publiques/image36.png
3277	corpsHtml	img	piloris.free.fr	http://piloris.free.fr/css/images/ecoutes_publiques/image36.png
3277	corpsHtml	img	piloris.free.fr	http://piloris.free.fr/css/images/ecoutes_publiques/image211.png
3277	corpsHtml	img	piloris.free.fr	http://piloris.free.fr/css/images/ecoutes_publiques/image325.png
3277	corpsHtml	img	piloris.free.fr	http://piloris.free.fr/css/images/ecoutes_publiques/image309.png
3277	corpsHtml	img	piloris.free.fr	http://piloris.free.fr/css/images/ecoutes_publiques/image309.png
3277	corpsHtml	img	piloris.free.fr	http://piloris.free.fr/css/images/ecoutes_publiques/image386.png
3277	corpsHtml	img	piloris.free.fr	http://piloris.free.fr/css/images/ecoutes_publiques/image93.png
3277	corpsHtml	img	piloris.free.fr	http://piloris.free.fr/css/images/ecoutes_publiques/image44.png
3277	corpsHtml	img	piloris.free.fr	http://piloris.free.fr/css/images/ecoutes_publiques/image312.png
3277	corpsHtml	img	piloris.free.fr	http://piloris.free.fr/css/images/ecoutes_publiques/image190.png
3277	corpsHtml	img	piloris.free.fr	http://piloris.free.fr/css/images/ecoutes_publiques/image136.png
3277	corpsHtml	img	piloris.free.fr	http://piloris.free.fr/css/images/ecoutes_publiques/image124.png
3277	corpsHtml	img	piloris.free.fr	http://piloris.free.fr/css/images/ecoutes_publiques/image177.png
3277	corpsHtml	img	piloris.free.fr	http://piloris.free.fr/css/images/ecoutes_publiques/image26.png
3277	corpsHtml	img	piloris.free.fr	http://piloris.free.fr/css/images/ecoutes_publiques/image339.png
3277	corpsHtml	img	piloris.free.fr	http://piloris.free.fr/css/images/ecoutes_publiques/image226.png
3277	corpsHtml	img	piloris.free.fr	http://piloris.free.fr/css/images/ecoutes_publiques/image73.png
3277	corpsHtml	img	piloris.free.fr	http://piloris.free.fr/css/images/ecoutes_publiques/image73.png
3277	corpsHtml	img	piloris.free.fr	http://piloris.free.fr/css/images/ecoutes_publiques/image73.png
3277	corpsHtml	img	piloris.free.fr	http://piloris.free.fr/css/images/ecoutes_publiques/image224.png
3277	corpsHtml	img	piloris.free.fr	http://piloris.free.fr/css/images/ecoutes_publiques/image328.png
3277	corpsHtml	img	piloris.free.fr	http://piloris.free.fr/css/images/ecoutes_publiques/image2.png
3277	corpsHtml	img	piloris.free.fr	http://piloris.free.fr/css/images/ecoutes_publiques/image106.png
3277	corpsHtml	img	piloris.free.fr	http://piloris.free.fr/css/images/ecoutes_publiques/image184.png
3277	corpsHtml	img	piloris.free.fr	http://piloris.free.fr/css/images/ecoutes_publiques/image15.png
3277	corpsHtml	img	piloris.free.fr	http://piloris.free.fr/css/images/ecoutes_publiques/image119.png
3277	corpsHtml	img	piloris.free.fr	http://piloris.free.fr/css/images/ecoutes_publiques/image197.png
3277	corpsHtml	img	piloris.free.fr	http://piloris.free.fr/css/images/ecoutes_publiques/image27.png
3277	corpsHtml	img	piloris.free.fr	http://piloris.free.fr/css/images/ecoutes_publiques/image186.png
3277	corpsHtml	img	piloris.free.fr	http://piloris.free.fr/css/images/ecoutes_publiques/image259.png
3277	corpsHtml	img	piloris.free.fr	http://piloris.free.fr/css/images/ecoutes_publiques/image259.png
3277	corpsHtml	img	piloris.free.fr	http://piloris.free.fr/css/images/ecoutes_publiques/image240.png
3277	corpsHtml	img	piloris.free.fr	http://piloris.free.fr/css/images/ecoutes_publiques/image368.png
3277	corpsHtml	img	piloris.free.fr	http://piloris.free.fr/css/images/ecoutes_publiques/image338.png
3277	corpsHtml	img	piloris.free.fr	http://piloris.free.fr/css/images/ecoutes_publiques/image108.png
3277	corpsHtml	img	piloris.free.fr	http://piloris.free.fr/css/images/ecoutes_publiques/image108.png
3277	corpsHtml	img	piloris.free.fr	http://piloris.free.fr/css/images/ecoutes_publiques/image108.png
3277	corpsHtml	img	piloris.free.fr	http://piloris.free.fr/css/images/ecoutes_publiques/image81.png
3277	corpsHtml	img	piloris.free.fr	http://piloris.free.fr/css/images/ecoutes_publiques/image197.png
3277	corpsHtml	img	piloris.free.fr	http://piloris.free.fr/css/images/ecoutes_publiques/image318.png
3277	corpsHtml	img	piloris.free.fr	http://piloris.free.fr/css/images/ecoutes_publiques/image30.png
3277	corpsHtml	img	piloris.free.fr	http://piloris.free.fr/css/images/ecoutes_publiques/image172.png
3277	corpsHtml	img	piloris.free.fr	http://piloris.free.fr/css/images/ecoutes_publiques/image301.png
3277	corpsHtml	img	piloris.free.fr	http://piloris.free.fr/css/images/ecoutes_publiques/image327.png
3277	corpsHtml	img	piloris.free.fr	http://piloris.free.fr/css/images/ecoutes_publiques/image359.png
3277	corpsHtml	img	piloris.free.fr	http://piloris.free.fr/css/images/ecoutes_publiques/image229.png
3277	corpsHtml	img	piloris.free.fr	http://piloris.free.fr/css/images/ecoutes_publiques/image335.png
3277	corpsHtml	img	piloris.free.fr	http://piloris.free.fr/css/images/ecoutes_publiques/image99.png
3277	corpsHtml	img	piloris.free.fr	http://piloris.free.fr/css/images/ecoutes_publiques/image221.png
3277	corpsHtml	img	piloris.free.fr	http://piloris.free.fr/css/images/ecoutes_publiques/image383.png
3277	corpsHtml	img	piloris.free.fr	http://piloris.free.fr/css/images/ecoutes_publiques/image370.png
3277	corpsHtml	img	piloris.free.fr	http://piloris.free.fr/css/images/ecoutes_publiques/image297.png
3277	corpsHtml	img	piloris.free.fr	http://piloris.free.fr/css/images/ecoutes_publiques/image326.png
3277	corpsHtml	img	piloris.free.fr	http://piloris.free.fr/css/images/ecoutes_publiques/image217.png
3277	corpsHtml	img	piloris.free.fr	http://piloris.free.fr/css/images/ecoutes_publiques/image203.png
3277	corpsHtml	img	piloris.free.fr	http://piloris.free.fr/css/images/ecoutes_publiques/image70.png
3277	corpsHtml	img	piloris.free.fr	http://piloris.free.fr/css/images/ecoutes_publiques/image364.png
3277	corpsHtml	img	piloris.free.fr	http://piloris.free.fr/css/images/ecoutes_publiques/image154.png
3277	corpsHtml	img	piloris.free.fr	http://piloris.free.fr/css/images/ecoutes_publiques/image363.png
3277	corpsHtml	img	piloris.free.fr	http://piloris.free.fr/css/images/ecoutes_publiques/image52.png
3277	corpsHtml	img	piloris.free.fr	http://piloris.free.fr/css/images/ecoutes_publiques/image222.png
3277	corpsHtml	img	piloris.free.fr	http://piloris.free.fr/css/images/ecoutes_publiques/image101.png
3277	corpsHtml	img	piloris.free.fr	http://piloris.free.fr/css/images/ecoutes_publiques/image101.png
3277	corpsHtml	img	piloris.free.fr	http://piloris.free.fr/css/images/ecoutes_publiques/image101.png
3277	corpsHtml	img	piloris.free.fr	http://piloris.free.fr/css/images/ecoutes_publiques/image194.png
3277	corpsHtml	img	piloris.free.fr	http://piloris.free.fr/css/images/ecoutes_publiques/image298.png
3277	corpsHtml	img	piloris.free.fr	http://piloris.free.fr/css/images/ecoutes_publiques/image219.png
3277	corpsHtml	img	piloris.free.fr	http://piloris.free.fr/css/images/ecoutes_publiques/image219.png
3277	corpsHtml	img	piloris.free.fr	http://piloris.free.fr/css/images/ecoutes_publiques/image18.png
3277	corpsHtml	img	piloris.free.fr	http://piloris.free.fr/css/images/ecoutes_publiques/image18.png
3277	corpsHtml	img	piloris.free.fr	http://piloris.free.fr/css/images/ecoutes_publiques/image178.png
3277	corpsHtml	img	piloris.free.fr	http://piloris.free.fr/css/images/ecoutes_publiques/image97.png
3277	corpsHtml	img	piloris.free.fr	http://piloris.free.fr/css/images/ecoutes_publiques/image97.png
3277	corpsHtml	img	piloris.free.fr	http://piloris.free.fr/css/images/ecoutes_publiques/image40.png
3277	corpsHtml	img	piloris.free.fr	http://piloris.free.fr/css/images/ecoutes_publiques/image283.png
3277	corpsHtml	img	piloris.free.fr	http://piloris.free.fr/css/images/ecoutes_publiques/image315.png
3277	corpsHtml	img	piloris.free.fr	http://piloris.free.fr/css/images/ecoutes_publiques/image332.png
3277	corpsHtml	img	piloris.free.fr	http://piloris.free.fr/css/images/ecoutes_publiques/image418.png
3277	corpsHtml	img	piloris.free.fr	http://piloris.free.fr/css/images/ecoutes_publiques/image195.png
3277	corpsHtml	img	piloris.free.fr	http://piloris.free.fr/css/images/ecoutes_publiques/image380.png
3277	corpsHtml	img	piloris.free.fr	http://piloris.free.fr/css/images/ecoutes_publiques/image305.png
3277	corpsHtml	img	piloris.free.fr	http://piloris.free.fr/css/images/ecoutes_publiques/image189.png
3277	corpsHtml	img	piloris.free.fr	http://piloris.free.fr/css/images/ecoutes_publiques/image189.png
3277	corpsHtml	img	piloris.free.fr	http://piloris.free.fr/css/images/ecoutes_publiques/image189.png
3277	corpsHtml	img	piloris.free.fr	http://piloris.free.fr/css/images/ecoutes_publiques/image189.png
3277	corpsHtml	img	piloris.free.fr	http://piloris.free.fr/css/images/ecoutes_publiques/image189.png
3277	corpsHtml	img	piloris.free.fr	http://piloris.free.fr/css/images/ecoutes_publiques/image178.png
3277	corpsHtml	img	piloris.free.fr	http://piloris.free.fr/css/images/ecoutes_publiques/image18.png
3277	corpsHtml	img	piloris.free.fr	http://piloris.free.fr/css/images/ecoutes_publiques/image18.png
3277	corpsHtml	img	piloris.free.fr	http://piloris.free.fr/css/images/ecoutes_publiques/image18.png
3277	corpsHtml	img	piloris.free.fr	http://piloris.free.fr/css/images/ecoutes_publiques/image334.png
3277	corpsHtml	img	piloris.free.fr	http://piloris.free.fr/css/images/ecoutes_publiques/image371.png
3277	corpsHtml	img	piloris.free.fr	http://piloris.free.fr/css/images/ecoutes_publiques/image112.png
3277	corpsHtml	img	piloris.free.fr	http://piloris.free.fr/css/images/ecoutes_publiques/image112.png
3277	corpsHtml	img	piloris.free.fr	http://piloris.free.fr/css/images/ecoutes_publiques/image258.png
3277	corpsHtml	img	piloris.free.fr	http://piloris.free.fr/css/images/ecoutes_publiques/image258.png
3277	corpsHtml	img	piloris.free.fr	http://piloris.free.fr/css/images/ecoutes_publiques/image258.png
3277	corpsHtml	img	piloris.free.fr	http://piloris.free.fr/css/images/ecoutes_publiques/image258.png
3277	corpsHtml	img	piloris.free.fr	http://piloris.free.fr/css/images/ecoutes_publiques/image258.png
3277	corpsHtml	img	piloris.free.fr	http://piloris.free.fr/css/images/ecoutes_publiques/image46.jpg
3277	corpsHtml	img	piloris.free.fr	http://piloris.free.fr/css/images/ecoutes_publiques/image46.jpg
3277	corpsHtml	img	piloris.free.fr	http://piloris.free.fr/css/images/ecoutes_publiques/image46.jpg
3277	corpsHtml	img	piloris.free.fr	http://piloris.free.fr/css/images/ecoutes_publiques/image46.jpg
3277	corpsHtml	img	piloris.free.fr	http://piloris.free.fr/css/images/ecoutes_publiques/image46.jpg
3277	corpsHtml	img	piloris.free.fr	http://piloris.free.fr/css/images/ecoutes_publiques/image170.png
3277	corpsHtml	img	piloris.free.fr	http://piloris.free.fr/css/images/ecoutes_publiques/image170.png
3277	corpsHtml	img	piloris.free.fr	http://piloris.free.fr/css/images/ecoutes_publiques/image170.png
3277	corpsHtml	img	piloris.free.fr	http://piloris.free.fr/css/images/ecoutes_publiques/image109.png
3277	corpsHtml	img	piloris.free.fr	http://piloris.free.fr/css/images/ecoutes_publiques/image89.png
3277	corpsHtml	img	piloris.free.fr	http://piloris.free.fr/css/images/ecoutes_publiques/image19.png
3277	corpsHtml	img	piloris.free.fr	http://piloris.free.fr/css/images/ecoutes_publiques/image19.png
3277	corpsHtml	img	piloris.free.fr	http://piloris.free.fr/css/images/ecoutes_publiques/image16.png
3277	corpsHtml	img	piloris.free.fr	http://piloris.free.fr/css/images/ecoutes_publiques/image173.png
3277	corpsHtml	img	piloris.free.fr	http://piloris.free.fr/css/images/ecoutes_publiques/image31.png
3277	corpsHtml	img	piloris.free.fr	http://piloris.free.fr/css/images/ecoutes_publiques/image31.png
3277	corpsHtml	img	piloris.free.fr	http://piloris.free.fr/css/images/ecoutes_publiques/image31.png
3277	corpsHtml	img	piloris.free.fr	http://piloris.free.fr/css/images/ecoutes_publiques/image382.png
3277	corpsHtml	img	piloris.free.fr	http://piloris.free.fr/css/images/ecoutes_publiques/image94.png
3277	corpsHtml	img	piloris.free.fr	http://piloris.free.fr/css/images/ecoutes_publiques/image401.png
3277	corpsHtml	img	piloris.free.fr	http://piloris.free.fr/css/images/ecoutes_publiques/image158.png
3277	corpsHtml	img	piloris.free.fr	http://piloris.free.fr/css/images/ecoutes_publiques/image158.png
3277	corpsHtml	img	piloris.free.fr	http://piloris.free.fr/css/images/ecoutes_publiques/image158.png
3277	corpsHtml	img	piloris.free.fr	http://piloris.free.fr/css/images/ecoutes_publiques/image170.png
3277	corpsHtml	img	piloris.free.fr	http://piloris.free.fr/css/images/ecoutes_publiques/image170.png
3277	corpsHtml	img	piloris.free.fr	http://piloris.free.fr/css/images/ecoutes_publiques/image280.png
3277	corpsHtml	img	piloris.free.fr	http://piloris.free.fr/css/images/ecoutes_publiques/image346.png
3277	corpsHtml	img	piloris.free.fr	http://piloris.free.fr/css/images/ecoutes_publiques/image193.png
3277	corpsHtml	img	piloris.free.fr	http://piloris.free.fr/css/images/ecoutes_publiques/image150.png
3277	corpsHtml	img	piloris.free.fr	http://piloris.free.fr/css/images/ecoutes_publiques/image393.png
3277	corpsHtml	img	piloris.free.fr	http://piloris.free.fr/css/images/ecoutes_publiques/image25.png
3277	corpsHtml	img	piloris.free.fr	http://piloris.free.fr/css/images/ecoutes_publiques/image25.png
3277	corpsHtml	img	piloris.free.fr	http://piloris.free.fr/css/images/ecoutes_publiques/image10.png
3277	corpsHtml	img	piloris.free.fr	http://piloris.free.fr/css/images/ecoutes_publiques/image147.png
3277	corpsHtml	img	piloris.free.fr	http://piloris.free.fr/css/images/ecoutes_publiques/image147.png
3277	corpsHtml	img	piloris.free.fr	http://piloris.free.fr/css/images/ecoutes_publiques/image147.png
3277	corpsHtml	img	piloris.free.fr	http://piloris.free.fr/css/images/ecoutes_publiques/image147.png
3277	corpsHtml	img	piloris.free.fr	http://piloris.free.fr/css/images/ecoutes_publiques/image147.png
3277	corpsHtml	img	piloris.free.fr	http://piloris.free.fr/css/images/ecoutes_publiques/image204.png
3277	corpsHtml	img	piloris.free.fr	http://piloris.free.fr/css/images/ecoutes_publiques/image204.png
3277	corpsHtml	img	piloris.free.fr	http://piloris.free.fr/css/images/ecoutes_publiques/image204.png
3277	corpsHtml	img	piloris.free.fr	http://piloris.free.fr/css/images/ecoutes_publiques/image285.png
3277	corpsHtml	img	piloris.free.fr	http://piloris.free.fr/css/images/ecoutes_publiques/image354.png
3277	corpsHtml	img	piloris.free.fr	http://piloris.free.fr/css/images/ecoutes_publiques/image392.png
3277	corpsHtml	img	piloris.free.fr	http://piloris.free.fr/css/images/ecoutes_publiques/image323.png
3277	corpsHtml	img	piloris.free.fr	http://piloris.free.fr/css/images/ecoutes_publiques/image273.png
3277	corpsHtml	img	piloris.free.fr	http://piloris.free.fr/css/images/ecoutes_publiques/image310.png
3277	corpsHtml	img	piloris.free.fr	http://piloris.free.fr/css/images/ecoutes_publiques/image225.png
3277	corpsHtml	img	piloris.free.fr	http://piloris.free.fr/css/images/ecoutes_publiques/image55.png
3277	corpsHtml	img	piloris.free.fr	http://piloris.free.fr/css/images/ecoutes_publiques/image55.png
3277	corpsHtml	img	piloris.free.fr	http://piloris.free.fr/css/images/ecoutes_publiques/image55.png
3277	corpsHtml	img	piloris.free.fr	http://piloris.free.fr/css/images/ecoutes_publiques/image298.png
3277	corpsHtml	img	piloris.free.fr	http://piloris.free.fr/css/images/ecoutes_publiques/image298.png
3277	corpsHtml	img	piloris.free.fr	http://piloris.free.fr/css/images/ecoutes_publiques/image400.png
3277	corpsHtml	img	piloris.free.fr	http://piloris.free.fr/css/images/ecoutes_publiques/image345.png
3277	corpsHtml	img	piloris.free.fr	http://piloris.free.fr/css/images/ecoutes_publiques/image185.png
3277	corpsHtml	img	piloris.free.fr	http://piloris.free.fr/css/images/ecoutes_publiques/image185.png
3277	corpsHtml	img	piloris.free.fr	http://piloris.free.fr/css/images/ecoutes_publiques/image12.png
3277	corpsHtml	img	piloris.free.fr	http://piloris.free.fr/css/images/ecoutes_publiques/image12.png
3277	corpsHtml	img	piloris.free.fr	http://piloris.free.fr/css/images/ecoutes_publiques/image12.png
3277	corpsHtml	img	piloris.free.fr	http://piloris.free.fr/css/images/ecoutes_publiques/image12.png
3277	corpsHtml	img	piloris.free.fr	http://piloris.free.fr/css/images/ecoutes_publiques/image271.png
3277	corpsHtml	img	piloris.free.fr	http://piloris.free.fr/css/images/ecoutes_publiques/image288.png
3277	corpsHtml	img	piloris.free.fr	http://piloris.free.fr/css/images/ecoutes_publiques/image38.png
3277	corpsHtml	img	piloris.free.fr	http://piloris.free.fr/css/images/ecoutes_publiques/image411.png
3277	corpsHtml	img	piloris.free.fr	http://piloris.free.fr/css/images/ecoutes_publiques/image365.png
3277	corpsHtml	img	piloris.free.fr	http://piloris.free.fr/css/images/ecoutes_publiques/image291.png
3277	corpsHtml	img	piloris.free.fr	http://piloris.free.fr/css/images/ecoutes_publiques/image102.png
3277	corpsHtml	img	piloris.free.fr	http://piloris.free.fr/css/images/ecoutes_publiques/image43.png
3277	corpsHtml	img	piloris.free.fr	http://piloris.free.fr/css/images/ecoutes_publiques/image20.png
3277	corpsHtml	img	piloris.free.fr	http://piloris.free.fr/css/images/ecoutes_publiques/image251.png
3277	corpsHtml	img	piloris.free.fr	http://piloris.free.fr/css/images/ecoutes_publiques/image251.png
3277	corpsHtml	img	piloris.free.fr	http://piloris.free.fr/css/images/ecoutes_publiques/image163.png
3277	corpsHtml	img	piloris.free.fr	http://piloris.free.fr/css/images/ecoutes_publiques/image330.png
3277	corpsHtml	img	piloris.free.fr	http://piloris.free.fr/css/images/ecoutes_publiques/image64.png
3277	corpsHtml	img	piloris.free.fr	http://piloris.free.fr/css/images/ecoutes_publiques/image64.png
3277	corpsHtml	img	piloris.free.fr	http://piloris.free.fr/css/images/ecoutes_publiques/image64.png
3277	corpsHtml	img	piloris.free.fr	http://piloris.free.fr/css/images/ecoutes_publiques/image268.png
3277	corpsHtml	img	piloris.free.fr	http://piloris.free.fr/css/images/ecoutes_publiques/image87.png
3277	corpsHtml	img	piloris.free.fr	http://piloris.free.fr/css/images/ecoutes_publiques/image87.png
3277	corpsHtml	img	piloris.free.fr	http://piloris.free.fr/css/images/ecoutes_publiques/image87.png
3277	corpsHtml	img	piloris.free.fr	http://piloris.free.fr/css/images/ecoutes_publiques/image87.png
3277	corpsHtml	img	piloris.free.fr	http://piloris.free.fr/css/images/ecoutes_publiques/image107.png
3277	corpsHtml	img	piloris.free.fr	http://piloris.free.fr/css/images/ecoutes_publiques/image191.png
3277	corpsHtml	img	piloris.free.fr	http://piloris.free.fr/css/images/ecoutes_publiques/image127.png
3277	corpsHtml	img	piloris.free.fr	http://piloris.free.fr/css/images/ecoutes_publiques/image329.png
3277	corpsHtml	img	piloris.free.fr	http://piloris.free.fr/css/images/ecoutes_publiques/image151.png
3277	corpsHtml	img	piloris.free.fr	http://piloris.free.fr/css/images/ecoutes_publiques/image134.png
3277	corpsHtml	img	piloris.free.fr	http://piloris.free.fr/css/images/ecoutes_publiques/image135.png
3277	corpsHtml	img	piloris.free.fr	http://piloris.free.fr/css/images/ecoutes_publiques/image135.png
3277	corpsHtml	img	piloris.free.fr	http://piloris.free.fr/css/images/ecoutes_publiques/image249.png
3277	corpsHtml	img	piloris.free.fr	http://piloris.free.fr/css/images/ecoutes_publiques/image249.png
3277	corpsHtml	img	piloris.free.fr	http://piloris.free.fr/css/images/ecoutes_publiques/image245.png
3277	corpsHtml	img	piloris.free.fr	http://piloris.free.fr/css/images/ecoutes_publiques/image134.png
3277	corpsHtml	img	piloris.free.fr	http://piloris.free.fr/css/images/ecoutes_publiques/image91.png
3277	corpsHtml	img	piloris.free.fr	http://piloris.free.fr/css/images/ecoutes_publiques/image91.png
3277	corpsHtml	img	piloris.free.fr	http://piloris.free.fr/css/images/ecoutes_publiques/image91.png
3277	corpsHtml	img	piloris.free.fr	http://piloris.free.fr/css/images/ecoutes_publiques/image45.png
3277	corpsHtml	img	piloris.free.fr	http://piloris.free.fr/css/images/ecoutes_publiques/image45.png
3277	corpsHtml	img	piloris.free.fr	http://piloris.free.fr/css/images/ecoutes_publiques/image72.png
3277	corpsHtml	img	piloris.free.fr	http://piloris.free.fr/css/images/ecoutes_publiques/image303.png
3277	corpsHtml	img	piloris.free.fr	http://piloris.free.fr/css/images/ecoutes_publiques/image303.png
3277	corpsHtml	img	piloris.free.fr	http://piloris.free.fr/css/images/ecoutes_publiques/image135.png
3277	corpsHtml	img	piloris.free.fr	http://piloris.free.fr/css/images/ecoutes_publiques/image210.png
3277	corpsHtml	img	piloris.free.fr	http://piloris.free.fr/css/images/ecoutes_publiques/image138.png
3277	corpsHtml	img	piloris.free.fr	http://piloris.free.fr/css/images/ecoutes_publiques/image128.png
3277	corpsHtml	img	piloris.free.fr	http://piloris.free.fr/css/images/ecoutes_publiques/image128.png
3277	corpsHtml	img	piloris.free.fr	http://piloris.free.fr/css/images/ecoutes_publiques/image128.png
3277	corpsHtml	img	piloris.free.fr	http://piloris.free.fr/css/images/ecoutes_publiques/image155.png
3277	corpsHtml	img	piloris.free.fr	http://piloris.free.fr/css/images/ecoutes_publiques/image155.png
3277	corpsHtml	img	piloris.free.fr	http://piloris.free.fr/css/images/ecoutes_publiques/image121.png
3277	corpsHtml	img	piloris.free.fr	http://piloris.free.fr/css/images/ecoutes_publiques/image57.png
3277	corpsHtml	img	piloris.free.fr	http://piloris.free.fr/css/images/ecoutes_publiques/image63.png
3277	corpsHtml	img	piloris.free.fr	http://piloris.free.fr/css/images/ecoutes_publiques/image27.png
3277	corpsHtml	img	piloris.free.fr	http://piloris.free.fr/css/images/ecoutes_publiques/image186.png
3277	corpsHtml	img	piloris.free.fr	http://piloris.free.fr/css/images/ecoutes_publiques/image360.png
3277	corpsHtml	img	piloris.free.fr	http://piloris.free.fr/css/images/ecoutes_publiques/image24.png
3277	corpsHtml	img	piloris.free.fr	http://piloris.free.fr/css/images/ecoutes_publiques/image20.png
3277	corpsHtml	img	piloris.free.fr	http://piloris.free.fr/css/images/ecoutes_publiques/image43.png
3277	corpsHtml	img	piloris.free.fr	http://piloris.free.fr/css/images/ecoutes_publiques/image102.png
3277	corpsHtml	img	piloris.free.fr	http://piloris.free.fr/css/images/ecoutes_publiques/image251.png
3277	corpsHtml	img	piloris.free.fr	http://piloris.free.fr/css/images/ecoutes_publiques/image117.png
3277	corpsHtml	img	piloris.free.fr	http://piloris.free.fr/css/images/ecoutes_publiques/image272.png
3277	corpsHtml	img	piloris.free.fr	http://piloris.free.fr/css/images/ecoutes_publiques/image163.png
3277	corpsHtml	img	piloris.free.fr	http://piloris.free.fr/css/images/ecoutes_publiques/image87.png
3277	corpsHtml	img	piloris.free.fr	http://piloris.free.fr/css/images/ecoutes_publiques/image324.png
3277	corpsHtml	img	piloris.free.fr	http://piloris.free.fr/css/images/ecoutes_publiques/image223.png
3277	corpsHtml	img	piloris.free.fr	http://piloris.free.fr/css/images/ecoutes_publiques/image45.png
3277	corpsHtml	img	piloris.free.fr	http://piloris.free.fr/css/images/ecoutes_publiques/image128.png
3277	corpsHtml	img	piloris.free.fr	http://piloris.free.fr/css/images/ecoutes_publiques/image388.png
3277	corpsHtml	img	piloris.free.fr	http://piloris.free.fr/css/images/ecoutes_publiques/image35.png
3277	corpsHtml	img	piloris.free.fr	http://piloris.free.fr/css/images/ecoutes_publiques/image121.png
3277	corpsHtml	img	piloris.free.fr	http://piloris.free.fr/css/images/ecoutes_publiques/image57.png
3277	corpsHtml	img	piloris.free.fr	http://piloris.free.fr/css/images/ecoutes_publiques/image253.png
3277	corpsHtml	img	piloris.free.fr	http://piloris.free.fr/css/images/ecoutes_publiques/image262.png
3277	corpsHtml	img	piloris.free.fr	http://piloris.free.fr/css/images/ecoutes_publiques/image163.png
3277	corpsHtml	img	piloris.free.fr	http://piloris.free.fr/css/images/ecoutes_publiques/image355.png
3277	corpsHtml	img	piloris.free.fr	http://piloris.free.fr/css/images/ecoutes_publiques/image284.png
3277	corpsHtml	img	piloris.free.fr	http://piloris.free.fr/css/images/ecoutes_publiques/image220.png
3277	corpsHtml	img	piloris.free.fr	http://piloris.free.fr/css/images/ecoutes_publiques/image110.png
3277	corpsHtml	img	piloris.free.fr	http://piloris.free.fr/css/images/ecoutes_publiques/image5.png
3277	corpsHtml	img	piloris.free.fr	http://piloris.free.fr/css/images/ecoutes_publiques/image78.png
3277	corpsHtml	img	piloris.free.fr	http://piloris.free.fr/css/images/ecoutes_publiques/image379.png
3277	corpsHtml	img	piloris.free.fr	http://piloris.free.fr/css/images/ecoutes_publiques/image75.png
3277	corpsHtml	img	piloris.free.fr	http://piloris.free.fr/css/images/ecoutes_publiques/image237.png
3277	corpsHtml	img	piloris.free.fr	http://piloris.free.fr/css/images/ecoutes_publiques/image311.png
3277	corpsHtml	img	piloris.free.fr	http://piloris.free.fr/css/images/ecoutes_publiques/image306.png
3277	corpsHtml	img	piloris.free.fr	http://piloris.free.fr/css/images/ecoutes_publiques/image22.png
3277	corpsHtml	img	piloris.free.fr	http://piloris.free.fr/css/images/ecoutes_publiques/image34.png
3277	corpsHtml	img	piloris.free.fr	http://piloris.free.fr/css/images/ecoutes_publiques/image230.png
3277	corpsHtml	img	piloris.free.fr	http://piloris.free.fr/css/images/ecoutes_publiques/image194.png
3277	corpsHtml	img	piloris.free.fr	http://piloris.free.fr/css/images/ecoutes_publiques/image194.png
3277	corpsHtml	img	piloris.free.fr	http://piloris.free.fr/css/images/ecoutes_publiques/image194.png
3277	corpsHtml	img	piloris.free.fr	http://piloris.free.fr/css/images/ecoutes_publiques/image379.png
3277	corpsHtml	img	piloris.free.fr	http://piloris.free.fr/css/images/ecoutes_publiques/image78.png
3277	corpsHtml	img	piloris.free.fr	http://piloris.free.fr/css/images/ecoutes_publiques/image5.png
3277	corpsHtml	img	piloris.free.fr	http://piloris.free.fr/css/images/ecoutes_publiques/image110.png
3277	corpsHtml	img	piloris.free.fr	http://piloris.free.fr/css/images/ecoutes_publiques/image22.png
3277	corpsHtml	img	piloris.free.fr	http://piloris.free.fr/css/images/ecoutes_publiques/image212.png
3277	corpsHtml	img	piloris.free.fr	http://piloris.free.fr/css/images/ecoutes_publiques/image153.png
3277	corpsHtml	img	piloris.free.fr	http://piloris.free.fr/css/images/ecoutes_publiques/image202.png
3277	corpsHtml	img	piloris.free.fr	http://piloris.free.fr/css/images/ecoutes_publiques/image101.png
3277	corpsHtml	img	piloris.free.fr	http://piloris.free.fr/css/images/ecoutes_publiques/image269.png
3277	corpsHtml	img	piloris.free.fr	http://piloris.free.fr/css/images/ecoutes_publiques/image39.png
3277	corpsHtml	img	piloris.free.fr	http://piloris.free.fr/css/images/ecoutes_publiques/image102.png
3277	corpsHtml	img	piloris.free.fr	http://piloris.free.fr/css/images/ecoutes_publiques/image43.png
3277	corpsHtml	img	piloris.free.fr	http://piloris.free.fr/css/images/ecoutes_publiques/image20.png
3277	corpsHtml	img	piloris.free.fr	http://piloris.free.fr/css/images/ecoutes_publiques/image251.png
3277	corpsHtml	img	piloris.free.fr	http://piloris.free.fr/css/images/ecoutes_publiques/image282.png
3277	corpsHtml	img	piloris.free.fr	http://piloris.free.fr/css/images/ecoutes_publiques/image80.png
3277	corpsHtml	img	piloris.free.fr	http://piloris.free.fr/css/images/ecoutes_publiques/image160.png
3277	corpsHtml	img	piloris.free.fr	http://piloris.free.fr/css/images/ecoutes_publiques/image161.png
3277	corpsHtml	img	piloris.free.fr	http://piloris.free.fr/css/images/ecoutes_publiques/image270.png
3277	corpsHtml	img	piloris.free.fr	http://piloris.free.fr/css/images/ecoutes_publiques/image151.png
3277	corpsHtml	img	piloris.free.fr	http://piloris.free.fr/css/images/ecoutes_publiques/image117.png
3277	corpsHtml	img	piloris.free.fr	http://piloris.free.fr/css/images/ecoutes_publiques/image272.png
3277	corpsHtml	img	piloris.free.fr	http://piloris.free.fr/css/images/ecoutes_publiques/image75.png
3277	corpsHtml	img	piloris.free.fr	http://piloris.free.fr/css/images/ecoutes_publiques/image311.png
3277	corpsHtml	img	piloris.free.fr	http://piloris.free.fr/css/images/ecoutes_publiques/image420.png
3277	corpsHtml	img	piloris.free.fr	http://piloris.free.fr/css/images/ecoutes_publiques/image101.png
3277	corpsHtml	img	piloris.free.fr	http://piloris.free.fr/css/images/ecoutes_publiques/image194.png
3277	corpsHtml	img	piloris.free.fr	http://piloris.free.fr/css/images/ecoutes_publiques/image221.png
3277	corpsHtml	img	piloris.free.fr	http://piloris.free.fr/css/images/ecoutes_publiques/image39.png
3277	corpsHtml	img	piloris.free.fr	http://piloris.free.fr/css/images/ecoutes_publiques/image269.png
3277	corpsHtml	img	piloris.free.fr	http://piloris.free.fr/css/images/ecoutes_publiques/image237.png
3277	corpsHtml	img	piloris.free.fr	http://piloris.free.fr/css/images/ecoutes_publiques/image341.png
3277	corpsHtml	img	piloris.free.fr	http://piloris.free.fr/css/images/ecoutes_publiques/image361.png
3277	corpsHtml	img	piloris.free.fr	http://piloris.free.fr/css/images/ecoutes_publiques/image159.png
3277	corpsHtml	img	piloris.free.fr	http://piloris.free.fr/css/images/ecoutes_publiques/image39.png
3277	corpsHtml	img	piloris.free.fr	http://piloris.free.fr/css/images/ecoutes_publiques/image269.png
3277	corpsHtml	img	piloris.free.fr	http://piloris.free.fr/css/images/ecoutes_publiques/image101.png
3277	corpsHtml	img	piloris.free.fr	http://piloris.free.fr/css/images/ecoutes_publiques/image194.png
3277	corpsHtml	img	piloris.free.fr	http://piloris.free.fr/css/images/ecoutes_publiques/image320.png
3277	corpsHtml	img	piloris.free.fr	http://piloris.free.fr/css/images/ecoutes_publiques/image66.png
3277	corpsHtml	img	piloris.free.fr	http://piloris.free.fr/css/images/ecoutes_publiques/image376.png
3277	corpsHtml	img	piloris.free.fr	http://piloris.free.fr/css/images/ecoutes_publiques/image215.png
3277	corpsHtml	img	piloris.free.fr	http://piloris.free.fr/css/images/ecoutes_publiques/image142.png
3277	corpsHtml	img	piloris.free.fr	http://piloris.free.fr/css/images/ecoutes_publiques/image295.png
3277	corpsHtml	img	piloris.free.fr	http://piloris.free.fr/css/images/ecoutes_publiques/image47.png
3277	corpsHtml	img	piloris.free.fr	http://piloris.free.fr/css/images/ecoutes_publiques/image402.png
3277	corpsHtml	img	piloris.free.fr	http://piloris.free.fr/css/images/ecoutes_publiques/image42.png
3277	corpsHtml	img	piloris.free.fr	http://piloris.free.fr/css/images/ecoutes_publiques/image381.png
3277	corpsHtml	img	piloris.free.fr	http://piloris.free.fr/css/images/ecoutes_publiques/image412.png
3277	corpsHtml	img	piloris.free.fr	http://piloris.free.fr/css/images/ecoutes_publiques/image316.png
3277	corpsHtml	img	piloris.free.fr	http://piloris.free.fr/css/images/ecoutes_publiques/image409.png
3277	corpsHtml	img	piloris.free.fr	http://piloris.free.fr/css/images/ecoutes_publiques/image353.png
3277	corpsHtml	img	piloris.free.fr	http://piloris.free.fr/css/images/ecoutes_publiques/image331.png
3277	corpsHtml	img	piloris.free.fr	http://piloris.free.fr/css/images/ecoutes_publiques/image149.png
3277	corpsHtml	img	piloris.free.fr	http://piloris.free.fr/css/images/ecoutes_publiques/image279.png
3277	corpsHtml	img	piloris.free.fr	http://piloris.free.fr/css/images/ecoutes_publiques/image300.png
3277	corpsHtml	img	piloris.free.fr	http://piloris.free.fr/css/images/ecoutes_publiques/image293.png
3277	corpsHtml	img	piloris.free.fr	http://piloris.free.fr/css/images/ecoutes_publiques/image27.png
3277	corpsHtml	img	piloris.free.fr	http://piloris.free.fr/css/images/ecoutes_publiques/image186.png
3277	corpsHtml	img	piloris.free.fr	http://piloris.free.fr/css/images/ecoutes_publiques/image137.png
3277	corpsHtml	img	piloris.free.fr	http://piloris.free.fr/css/images/ecoutes_publiques/image77.png
3277	corpsHtml	img	piloris.free.fr	http://piloris.free.fr/css/images/ecoutes_publiques/image374.png
3277	corpsHtml	img	piloris.free.fr	http://piloris.free.fr/css/images/ecoutes_publiques/image145.png
3277	corpsHtml	img	piloris.free.fr	http://piloris.free.fr/css/images/ecoutes_publiques/image333.png
3277	corpsHtml	img	piloris.free.fr	http://piloris.free.fr/css/images/ecoutes_publiques/image199.png
3277	corpsHtml	img	piloris.free.fr	http://piloris.free.fr/css/images/ecoutes_publiques/image255.png
3277	corpsHtml	img	piloris.free.fr	http://piloris.free.fr/css/images/ecoutes_publiques/image51.png
3277	corpsHtml	img	piloris.free.fr	http://piloris.free.fr/css/images/ecoutes_publiques/image174.png
3277	corpsHtml	img	piloris.free.fr	http://piloris.free.fr/css/images/ecoutes_publiques/image105.png
3277	corpsHtml	img	piloris.free.fr	http://piloris.free.fr/css/images/ecoutes_publiques/image105.png
3277	corpsHtml	img	piloris.free.fr	http://piloris.free.fr/css/images/ecoutes_publiques/image404.png
3277	corpsHtml	img	piloris.free.fr	http://piloris.free.fr/css/images/ecoutes_publiques/image188.png
3277	corpsHtml	img	piloris.free.fr	http://piloris.free.fr/css/images/ecoutes_publiques/image185.png
3277	corpsHtml	img	piloris.free.fr	http://piloris.free.fr/css/images/ecoutes_publiques/image257.png
3277	corpsHtml	img	piloris.free.fr	http://piloris.free.fr/css/images/ecoutes_publiques/image164.png
3277	corpsHtml	img	piloris.free.fr	http://piloris.free.fr/css/images/ecoutes_publiques/image209.png
3277	corpsHtml	img	piloris.free.fr	http://piloris.free.fr/css/images/ecoutes_publiques/image405.png
3277	corpsHtml	img	piloris.free.fr	http://piloris.free.fr/css/images/ecoutes_publiques/image233.png
3277	corpsHtml	img	piloris.free.fr	http://piloris.free.fr/css/images/ecoutes_publiques/image373.png
3277	corpsHtml	img	piloris.free.fr	http://piloris.free.fr/css/images/ecoutes_publiques/image152.png
3277	corpsHtml	img	piloris.free.fr	http://piloris.free.fr/css/images/ecoutes_publiques/image358.png
3277	corpsHtml	img	piloris.free.fr	http://piloris.free.fr/css/images/ecoutes_publiques/image6.png
3277	corpsHtml	img	piloris.free.fr	http://piloris.free.fr/css/images/ecoutes_publiques/image83.png
3277	corpsHtml	img	piloris.free.fr	http://piloris.free.fr/css/images/ecoutes_publiques/image96.png
3277	corpsHtml	img	piloris.free.fr	http://piloris.free.fr/css/images/ecoutes_publiques/image139.png
3277	corpsHtml	img	piloris.free.fr	http://piloris.free.fr/css/images/ecoutes_publiques/image267.png
3277	corpsHtml	img	piloris.free.fr	http://piloris.free.fr/css/images/ecoutes_publiques/image76.png
3277	corpsHtml	img	piloris.free.fr	http://piloris.free.fr/css/images/ecoutes_publiques/image254.png
3277	corpsHtml	img	piloris.free.fr	http://piloris.free.fr/css/images/ecoutes_publiques/image105.png
3277	corpsHtml	img	piloris.free.fr	http://piloris.free.fr/css/images/ecoutes_publiques/image286.png
3277	corpsHtml	img	piloris.free.fr	http://piloris.free.fr/css/images/ecoutes_publiques/image8.jpg
3277	corpsHtml	img	piloris.free.fr	http://piloris.free.fr/css/images/ecoutes_publiques/image208.png
3277	corpsHtml	img	piloris.free.fr	http://piloris.free.fr/css/images/ecoutes_publiques/image208.png
3277	corpsHtml	img	piloris.free.fr	http://piloris.free.fr/css/images/ecoutes_publiques/image314.png
3277	corpsHtml	img	piloris.free.fr	http://piloris.free.fr/css/images/ecoutes_publiques/image234.png
3277	corpsHtml	img	piloris.free.fr	http://piloris.free.fr/css/images/ecoutes_publiques/image53.png
3277	corpsHtml	img	piloris.free.fr	http://piloris.free.fr/css/images/ecoutes_publiques/image132.png
3277	corpsHtml	img	piloris.free.fr	http://piloris.free.fr/css/images/ecoutes_publiques/image410.png
3277	corpsHtml	img	piloris.free.fr	http://piloris.free.fr/css/images/ecoutes_publiques/image168.png
3277	corpsHtml	img	piloris.free.fr	http://piloris.free.fr/css/images/ecoutes_publiques/image238.png
3277	corpsHtml	img	piloris.free.fr	http://piloris.free.fr/css/images/ecoutes_publiques/image11.png
3277	corpsHtml	img	piloris.free.fr	http://piloris.free.fr/css/images/ecoutes_publiques/image375.png
3277	corpsHtml	img	piloris.free.fr	http://piloris.free.fr/css/images/ecoutes_publiques/image296.png
3277	corpsHtml	img	piloris.free.fr	http://piloris.free.fr/css/images/ecoutes_publiques/image343.png
3277	corpsHtml	img	piloris.free.fr	http://piloris.free.fr/css/images/ecoutes_publiques/image395.png
3277	corpsHtml	img	piloris.free.fr	http://piloris.free.fr/css/images/ecoutes_publiques/image299.png
3277	corpsHtml	img	piloris.free.fr	http://piloris.free.fr/css/images/ecoutes_publiques/image342.png
3277	corpsHtml	img	piloris.free.fr	http://piloris.free.fr/css/images/ecoutes_publiques/image396.png
3277	corpsHtml	img	piloris.free.fr	http://piloris.free.fr/css/images/ecoutes_publiques/image289.png
3277	corpsHtml	img	piloris.free.fr	http://piloris.free.fr/css/images/ecoutes_publiques/image143.png
3277	corpsHtml	img	piloris.free.fr	http://piloris.free.fr/css/images/ecoutes_publiques/image207.png
3277	corpsHtml	img	piloris.free.fr	http://piloris.free.fr/css/images/ecoutes_publiques/image207.png
3277	corpsHtml	img	piloris.free.fr	http://piloris.free.fr/css/images/ecoutes_publiques/image169.png
3277	corpsHtml	img	piloris.free.fr	http://piloris.free.fr/css/images/ecoutes_publiques/image84.png
3277	corpsHtml	img	piloris.free.fr	http://piloris.free.fr/css/images/ecoutes_publiques/image84.png
3277	corpsHtml	img	piloris.free.fr	http://piloris.free.fr/css/images/ecoutes_publiques/image21.png
3277	corpsHtml	img	piloris.free.fr	http://piloris.free.fr/css/images/ecoutes_publiques/image21.png
3277	corpsHtml	img	piloris.free.fr	http://piloris.free.fr/css/images/ecoutes_publiques/image13.png
3277	corpsHtml	img	piloris.free.fr	http://piloris.free.fr/css/images/ecoutes_publiques/image140.png
3277	corpsHtml	img	piloris.free.fr	http://piloris.free.fr/css/images/ecoutes_publiques/image8.jpg
3277	corpsHtml	img	piloris.free.fr	http://piloris.free.fr/css/images/ecoutes_publiques/image8.jpg
3277	corpsHtml	img	piloris.free.fr	http://piloris.free.fr/css/images/ecoutes_publiques/image8.jpg
3277	corpsHtml	img	piloris.free.fr	http://piloris.free.fr/css/images/ecoutes_publiques/image8.jpg
3277	corpsHtml	img	piloris.free.fr	http://piloris.free.fr/css/images/ecoutes_publiques/image8.jpg
3277	corpsHtml	img	piloris.free.fr	http://piloris.free.fr/css/images/ecoutes_publiques/image8.jpg
3277	corpsHtml	img	piloris.free.fr	http://piloris.free.fr/css/images/ecoutes_publiques/image8.jpg
3277	corpsHtml	img	piloris.free.fr	http://piloris.free.fr/css/images/ecoutes_publiques/image8.jpg
3277	corpsHtml	img	piloris.free.fr	http://piloris.free.fr/css/images/ecoutes_publiques/image8.jpg
3277	corpsHtml	img	piloris.free.fr	http://piloris.free.fr/css/images/ecoutes_publiques/image8.jpg
3277	corpsHtml	img	piloris.free.fr	http://piloris.free.fr/css/images/ecoutes_publiques/image247.png
3277	corpsHtml	img	piloris.free.fr	http://piloris.free.fr/css/images/ecoutes_publiques/image247.png
3277	corpsHtml	img	piloris.free.fr	http://piloris.free.fr/css/images/ecoutes_publiques/image1.png
3277	corpsHtml	img	piloris.free.fr	http://piloris.free.fr/css/images/ecoutes_publiques/image419.png
3277	corpsHtml	img	piloris.free.fr	http://piloris.free.fr/css/images/ecoutes_publiques/image95.png
3277	corpsHtml	img	piloris.free.fr	http://piloris.free.fr/css/images/ecoutes_publiques/image95.png
3277	corpsHtml	img	piloris.free.fr	http://piloris.free.fr/css/images/ecoutes_publiques/image95.png
3277	corpsHtml	img	piloris.free.fr	http://piloris.free.fr/css/images/ecoutes_publiques/image239.png
3277	corpsHtml	img	piloris.free.fr	http://piloris.free.fr/css/images/ecoutes_publiques/image390.png
3277	corpsHtml	img	piloris.free.fr	http://piloris.free.fr/css/images/ecoutes_publiques/image8.jpg
3277	corpsHtml	img	piloris.free.fr	http://piloris.free.fr/css/images/ecoutes_publiques/image8.jpg
3277	corpsHtml	img	piloris.free.fr	http://piloris.free.fr/css/images/ecoutes_publiques/image8.jpg
3277	corpsHtml	img	piloris.free.fr	http://piloris.free.fr/css/images/ecoutes_publiques/image8.jpg
3277	corpsHtml	img	piloris.free.fr	http://piloris.free.fr/css/images/ecoutes_publiques/image8.jpg
3277	corpsHtml	img	piloris.free.fr	http://piloris.free.fr/css/images/ecoutes_publiques/image8.jpg
3277	corpsHtml	img	piloris.free.fr	http://piloris.free.fr/css/images/ecoutes_publiques/image192.png
3277	corpsHtml	img	piloris.free.fr	http://piloris.free.fr/css/images/ecoutes_publiques/image157.png
3277	corpsHtml	img	piloris.free.fr	http://piloris.free.fr/css/images/ecoutes_publiques/image111.png
3277	corpsHtml	img	piloris.free.fr	http://piloris.free.fr/css/images/ecoutes_publiques/image111.png
3277	corpsHtml	img	piloris.free.fr	http://piloris.free.fr/css/images/ecoutes_publiques/image111.png
3277	corpsHtml	img	piloris.free.fr	http://piloris.free.fr/css/images/ecoutes_publiques/image23.png
3277	corpsHtml	img	piloris.free.fr	http://piloris.free.fr/css/images/ecoutes_publiques/image23.png
3277	corpsHtml	img	piloris.free.fr	http://piloris.free.fr/css/images/ecoutes_publiques/image228.png
3277	corpsHtml	img	piloris.free.fr	http://piloris.free.fr/css/images/ecoutes_publiques/image228.png
3277	corpsHtml	img	piloris.free.fr	http://piloris.free.fr/css/images/ecoutes_publiques/image261.png
3277	corpsHtml	img	piloris.free.fr	http://piloris.free.fr/css/images/ecoutes_publiques/image261.png
3277	corpsHtml	img	piloris.free.fr	http://piloris.free.fr/css/images/ecoutes_publiques/image261.png
3277	corpsHtml	img	piloris.free.fr	http://piloris.free.fr/css/images/ecoutes_publiques/image141.png
3277	corpsHtml	img	piloris.free.fr	http://piloris.free.fr/css/images/ecoutes_publiques/image141.png
3277	corpsHtml	img	piloris.free.fr	http://piloris.free.fr/css/images/ecoutes_publiques/image167.png
3277	corpsHtml	img	piloris.free.fr	http://piloris.free.fr/css/images/ecoutes_publiques/image366.png
3277	corpsHtml	img	piloris.free.fr	http://piloris.free.fr/css/images/ecoutes_publiques/image98.png
3277	corpsHtml	img	piloris.free.fr	http://piloris.free.fr/css/images/ecoutes_publiques/image162.png
3277	corpsHtml	img	piloris.free.fr	http://piloris.free.fr/css/images/ecoutes_publiques/image69.png
3277	corpsHtml	img	piloris.free.fr	http://piloris.free.fr/css/images/ecoutes_publiques/image69.png
3277	corpsHtml	img	piloris.free.fr	http://piloris.free.fr/css/images/ecoutes_publiques/image69.png
3277	corpsHtml	img	piloris.free.fr	http://piloris.free.fr/css/images/ecoutes_publiques/image69.png
3277	corpsHtml	img	piloris.free.fr	http://piloris.free.fr/css/images/ecoutes_publiques/image277.png
3277	corpsHtml	img	piloris.free.fr	http://piloris.free.fr/css/images/ecoutes_publiques/image60.png
3277	corpsHtml	img	piloris.free.fr	http://piloris.free.fr/css/images/ecoutes_publiques/image336.png
3277	corpsHtml	img	piloris.free.fr	http://piloris.free.fr/css/images/ecoutes_publiques/image362.png
3277	corpsHtml	img	piloris.free.fr	http://piloris.free.fr/css/images/ecoutes_publiques/image357.png
3277	corpsHtml	img	piloris.free.fr	http://piloris.free.fr/css/images/ecoutes_publiques/image302.png
3277	corpsHtml	img	piloris.free.fr	http://piloris.free.fr/css/images/ecoutes_publiques/image389.png
3277	corpsHtml	img	piloris.free.fr	http://piloris.free.fr/css/images/ecoutes_publiques/image235.png
3277	corpsHtml	img	piloris.free.fr	http://piloris.free.fr/css/images/ecoutes_publiques/image235.png
3277	corpsHtml	img	piloris.free.fr	http://piloris.free.fr/css/images/ecoutes_publiques/image398.png
3277	corpsHtml	img	piloris.free.fr	http://piloris.free.fr/css/images/ecoutes_publiques/image56.png
3277	corpsHtml	img	piloris.free.fr	http://piloris.free.fr/css/images/ecoutes_publiques/image407.png
3277	corpsHtml	img	piloris.free.fr	http://piloris.free.fr/css/images/ecoutes_publiques/image220.png
3277	corpsHtml	img	piloris.free.fr	http://piloris.free.fr/css/images/ecoutes_publiques/image122.png
3277	corpsHtml	img	piloris.free.fr	http://piloris.free.fr/css/images/ecoutes_publiques/image171.png
3277	corpsHtml	img	piloris.free.fr	http://piloris.free.fr/css/images/ecoutes_publiques/image171.png
3277	corpsHtml	img	piloris.free.fr	http://piloris.free.fr/css/images/ecoutes_publiques/image171.png
3277	corpsHtml	img	piloris.free.fr	http://piloris.free.fr/css/images/ecoutes_publiques/image214.png
3277	corpsHtml	img	piloris.free.fr	http://piloris.free.fr/css/images/ecoutes_publiques/image247.png
3277	corpsHtml	img	piloris.free.fr	http://piloris.free.fr/css/images/ecoutes_publiques/image7.png
3277	corpsHtml	img	piloris.free.fr	http://piloris.free.fr/css/images/ecoutes_publiques/image7.png
3277	corpsHtml	img	piloris.free.fr	http://piloris.free.fr/css/images/ecoutes_publiques/image340.png
3277	corpsHtml	img	piloris.free.fr	http://piloris.free.fr/css/images/ecoutes_publiques/image61.png
3277	corpsHtml	img	piloris.free.fr	http://piloris.free.fr/css/images/ecoutes_publiques/image406.png
3277	corpsHtml	img	piloris.free.fr	http://piloris.free.fr/css/images/ecoutes_publiques/image48.png
3277	corpsHtml	img	piloris.free.fr	http://piloris.free.fr/css/images/ecoutes_publiques/image337.png
3277	corpsHtml	img	piloris.free.fr	http://piloris.free.fr/css/images/ecoutes_publiques/image252.png
3277	corpsHtml	img	piloris.free.fr	http://piloris.free.fr/css/images/ecoutes_publiques/image349.png
3277	corpsHtml	img	piloris.free.fr	http://piloris.free.fr/css/images/ecoutes_publiques/image252.png
3277	corpsHtml	img	piloris.free.fr	http://piloris.free.fr/css/images/ecoutes_publiques/image243.png
3277	corpsHtml	img	piloris.free.fr	http://piloris.free.fr/css/images/ecoutes_publiques/image14.png
3277	corpsHtml	img	piloris.free.fr	http://piloris.free.fr/css/images/ecoutes_publiques/image130.png
3277	corpsHtml	img	piloris.free.fr	http://piloris.free.fr/css/images/ecoutes_publiques/image130.png
3277	corpsHtml	img	piloris.free.fr	http://piloris.free.fr/css/images/ecoutes_publiques/image113.png
3277	corpsHtml	img	piloris.free.fr	http://piloris.free.fr/css/images/ecoutes_publiques/image48.png
3277	corpsHtml	img	piloris.free.fr	http://piloris.free.fr/css/images/ecoutes_publiques/image48.png
3277	corpsHtml	img	piloris.free.fr	http://piloris.free.fr/css/images/ecoutes_publiques/image220.png
3277	corpsHtml	img	piloris.free.fr	http://piloris.free.fr/css/images/ecoutes_publiques/image139.png
3277	corpsHtml	img	piloris.free.fr	http://piloris.free.fr/css/images/ecoutes_publiques/image139.png
3277	corpsHtml	img	piloris.free.fr	http://piloris.free.fr/css/images/ecoutes_publiques/image276.png
3277	corpsHtml	img	piloris.free.fr	http://piloris.free.fr/css/images/ecoutes_publiques/image103.png
3277	corpsHtml	img	piloris.free.fr	http://piloris.free.fr/css/images/ecoutes_publiques/image180.png
3277	corpsHtml	img	piloris.free.fr	http://piloris.free.fr/css/images/ecoutes_publiques/image180.png
3277	corpsHtml	img	piloris.free.fr	http://piloris.free.fr/css/images/ecoutes_publiques/image61.png
3277	corpsHtml	img	piloris.free.fr	http://piloris.free.fr/css/images/ecoutes_publiques/image248.png
3277	corpsHtml	img	piloris.free.fr	http://piloris.free.fr/css/images/ecoutes_publiques/image48.png
3277	corpsHtml	img	piloris.free.fr	http://piloris.free.fr/css/images/ecoutes_publiques/image176.png
3277	corpsHtml	img	piloris.free.fr	http://piloris.free.fr/css/images/ecoutes_publiques/image322.png
3277	corpsHtml	img	piloris.free.fr	http://piloris.free.fr/css/images/ecoutes_publiques/image274.png
3277	corpsHtml	img	piloris.free.fr	http://piloris.free.fr/css/images/ecoutes_publiques/image104.png
3277	corpsHtml	img	piloris.free.fr	http://piloris.free.fr/css/images/ecoutes_publiques/image9.png
3277	corpsHtml	img	piloris.free.fr	http://piloris.free.fr/css/images/ecoutes_publiques/image218.png
3277	corpsHtml	img	piloris.free.fr	http://piloris.free.fr/css/images/ecoutes_publiques/image236.png
3277	corpsHtml	img	piloris.free.fr	http://piloris.free.fr/css/images/ecoutes_publiques/image278.png
3277	corpsHtml	img	piloris.free.fr	http://piloris.free.fr/css/images/ecoutes_publiques/image118.png
3277	corpsHtml	img	piloris.free.fr	http://piloris.free.fr/css/images/ecoutes_publiques/image118.png
3277	corpsHtml	img	piloris.free.fr	http://piloris.free.fr/css/images/ecoutes_publiques/image33.png
3277	corpsHtml	img	piloris.free.fr	http://piloris.free.fr/css/images/ecoutes_publiques/image387.png
3277	corpsHtml	img	piloris.free.fr	http://piloris.free.fr/css/images/ecoutes_publiques/image348.png
3277	corpsHtml	img	piloris.free.fr	http://piloris.free.fr/css/images/ecoutes_publiques/image414.png
3277	corpsHtml	img	piloris.free.fr	http://piloris.free.fr/css/images/ecoutes_publiques/image131.png
3277	corpsHtml	img	piloris.free.fr	http://piloris.free.fr/css/images/ecoutes_publiques/image351.png
3277	corpsHtml	img	piloris.free.fr	http://piloris.free.fr/css/images/ecoutes_publiques/image88.png
3277	corpsHtml	img	piloris.free.fr	http://piloris.free.fr/css/images/ecoutes_publiques/image86.png
3277	corpsHtml	img	piloris.free.fr	http://piloris.free.fr/css/images/ecoutes_publiques/image146.png
3277	corpsHtml	img	piloris.free.fr	http://piloris.free.fr/css/images/ecoutes_publiques/image319.png
3277	corpsHtml	img	piloris.free.fr	http://piloris.free.fr/css/images/ecoutes_publiques/image114.png
3277	corpsHtml	img	piloris.free.fr	http://piloris.free.fr/css/images/ecoutes_publiques/image114.png
3277	corpsHtml	img	piloris.free.fr	http://piloris.free.fr/css/images/ecoutes_publiques/image114.png
3277	corpsHtml	img	piloris.free.fr	http://piloris.free.fr/css/images/ecoutes_publiques/image82.png
3277	corpsHtml	img	piloris.free.fr	http://piloris.free.fr/css/images/ecoutes_publiques/image71.jpg
3277	corpsHtml	img	piloris.free.fr	http://piloris.free.fr/css/images/ecoutes_publiques/image372.png
3277	corpsHtml	img	piloris.free.fr	http://piloris.free.fr/css/images/ecoutes_publiques/image85.png
3277	corpsHtml	img	piloris.free.fr	http://piloris.free.fr/css/images/ecoutes_publiques/image85.png
3277	corpsHtml	img	piloris.free.fr	http://piloris.free.fr/css/images/ecoutes_publiques/image347.png
3277	corpsHtml	img	piloris.free.fr	http://piloris.free.fr/css/images/ecoutes_publiques/image65.png
3277	corpsHtml	img	piloris.free.fr	http://piloris.free.fr/css/images/ecoutes_publiques/image65.png
3277	corpsHtml	img	piloris.free.fr	http://piloris.free.fr/css/images/ecoutes_publiques/image126.png
3277	corpsHtml	img	piloris.free.fr	http://piloris.free.fr/css/images/ecoutes_publiques/image126.png
3277	corpsHtml	img	piloris.free.fr	http://piloris.free.fr/css/images/ecoutes_publiques/image244.png
3277	corpsHtml	img	piloris.free.fr	http://piloris.free.fr/css/images/ecoutes_publiques/image187.png
3277	corpsHtml	img	piloris.free.fr	http://piloris.free.fr/css/images/ecoutes_publiques/image275.png
3277	corpsHtml	img	piloris.free.fr	http://piloris.free.fr/css/images/ecoutes_publiques/image275.png
3277	corpsHtml	img	piloris.free.fr	http://piloris.free.fr/css/images/ecoutes_publiques/image275.png
3277	corpsHtml	img	piloris.free.fr	http://piloris.free.fr/css/images/ecoutes_publiques/image100.png
3277	corpsHtml	img	piloris.free.fr	http://piloris.free.fr/css/images/ecoutes_publiques/image100.png
3277	corpsHtml	img	piloris.free.fr	http://piloris.free.fr/css/images/ecoutes_publiques/image125.png
3277	corpsHtml	img	piloris.free.fr	http://piloris.free.fr/css/images/ecoutes_publiques/image125.png
3277	corpsHtml	img	piloris.free.fr	http://piloris.free.fr/css/images/ecoutes_publiques/image3.png
3277	corpsHtml	img	piloris.free.fr	http://piloris.free.fr/css/images/ecoutes_publiques/image313.png
3277	corpsHtml	img	piloris.free.fr	http://piloris.free.fr/css/images/ecoutes_publiques/image403.png
3277	corpsHtml	img	piloris.free.fr	http://piloris.free.fr/css/images/ecoutes_publiques/image213.png
3277	corpsHtml	img	piloris.free.fr	http://piloris.free.fr/css/images/ecoutes_publiques/image213.png
3277	corpsHtml	img	piloris.free.fr	http://piloris.free.fr/css/images/ecoutes_publiques/image74.png
3277	corpsHtml	img	piloris.free.fr	http://piloris.free.fr/css/images/ecoutes_publiques/image74.png
3277	corpsHtml	img	piloris.free.fr	http://piloris.free.fr/css/images/ecoutes_publiques/image74.png
3277	corpsHtml	img	piloris.free.fr	http://piloris.free.fr/css/images/ecoutes_publiques/image74.png
3277	corpsHtml	img	piloris.free.fr	http://piloris.free.fr/css/images/ecoutes_publiques/image74.png
3277	corpsHtml	img	piloris.free.fr	http://piloris.free.fr/css/images/ecoutes_publiques/image123.png
3277	corpsHtml	img	piloris.free.fr	http://piloris.free.fr/css/images/ecoutes_publiques/image369.png
3277	corpsHtml	img	piloris.free.fr	http://piloris.free.fr/css/images/ecoutes_publiques/image144.png
3277	corpsHtml	img	piloris.free.fr	http://piloris.free.fr/css/images/ecoutes_publiques/image232.png
3277	corpsHtml	img	piloris.free.fr	http://piloris.free.fr/css/images/ecoutes_publiques/image367.png
3277	corpsHtml	img	piloris.free.fr	http://piloris.free.fr/css/images/ecoutes_publiques/image391.png
3277	corpsHtml	img	piloris.free.fr	http://piloris.free.fr/css/images/ecoutes_publiques/image264.png
3277	corpsHtml	img	piloris.free.fr	http://piloris.free.fr/css/images/ecoutes_publiques/image216.png
3277	corpsHtml	img	piloris.free.fr	http://piloris.free.fr/css/images/ecoutes_publiques/image28.png
3277	corpsHtml	img	piloris.free.fr	http://piloris.free.fr/css/images/ecoutes_publiques/image41.png
3277	corpsHtml	img	piloris.free.fr	http://piloris.free.fr/css/images/ecoutes_publiques/image350.png
3277	corpsHtml	img	piloris.free.fr	http://piloris.free.fr/css/images/ecoutes_publiques/image250.png
3277	corpsHtml	img	piloris.free.fr	http://piloris.free.fr/css/images/ecoutes_publiques/image378.png
3277	corpsHtml	img	piloris.free.fr	http://piloris.free.fr/css/images/ecoutes_publiques/image165.png
3277	corpsHtml	img	piloris.free.fr	http://piloris.free.fr/css/images/ecoutes_publiques/image133.png
3277	corpsHtml	img	piloris.free.fr	http://piloris.free.fr/css/images/ecoutes_publiques/image385.png
3277	corpsHtml	img	piloris.free.fr	http://piloris.free.fr/css/images/ecoutes_publiques/image294.png
3277	corpsHtml	img	piloris.free.fr	http://piloris.free.fr/css/images/ecoutes_publiques/image115.png
3277	corpsHtml	img	piloris.free.fr	http://piloris.free.fr/css/images/ecoutes_publiques/image344.png
3277	corpsHtml	img	piloris.free.fr	http://piloris.free.fr/css/images/ecoutes_publiques/image92.png
3277	corpsHtml	img	piloris.free.fr	http://piloris.free.fr/css/images/ecoutes_publiques/image17.png
3277	corpsHtml	img	piloris.free.fr	http://piloris.free.fr/css/images/ecoutes_publiques/image256.png
3277	corpsHtml	img	piloris.free.fr	http://piloris.free.fr/css/images/ecoutes_publiques/image59.png
3277	corpsHtml	img	piloris.free.fr	http://piloris.free.fr/css/images/ecoutes_publiques/image317.png
3277	corpsHtml	img	piloris.free.fr	http://piloris.free.fr/css/images/ecoutes_publiques/image58.png
3277	corpsHtml	img	piloris.free.fr	http://piloris.free.fr/css/images/ecoutes_publiques/image58.png
3277	corpsHtml	img	piloris.free.fr	http://piloris.free.fr/css/images/ecoutes_publiques/image50.png
3277	corpsHtml	img	piloris.free.fr	http://piloris.free.fr/css/images/ecoutes_publiques/image62.png
3277	corpsHtml	img	piloris.free.fr	http://piloris.free.fr/css/images/ecoutes_publiques/image266.png
3277	corpsHtml	img	piloris.free.fr	http://piloris.free.fr/css/images/ecoutes_publiques/image58.png
3277	corpsHtml	img	piloris.free.fr	http://piloris.free.fr/css/images/ecoutes_publiques/image32.png
3277	corpsHtml	img	piloris.free.fr	http://piloris.free.fr/css/images/ecoutes_publiques/image417.png
3277	corpsHtml	img	piloris.free.fr	http://piloris.free.fr/css/images/ecoutes_publiques/image356.png
3277	corpsHtml	img	piloris.free.fr	http://piloris.free.fr/css/images/ecoutes_publiques/image183.png
3277	corpsHtml	img	piloris.free.fr	http://piloris.free.fr/css/images/ecoutes_publiques/image120.png
3277	corpsHtml	img	piloris.free.fr	http://piloris.free.fr/css/images/ecoutes_publiques/image408.png
3277	corpsHtml	img	piloris.free.fr	http://piloris.free.fr/css/images/ecoutes_publiques/image263.png
3277	corpsHtml	img	piloris.free.fr	http://piloris.free.fr/css/images/ecoutes_publiques/image67.png
3277	corpsHtml	img	piloris.free.fr	http://piloris.free.fr/css/images/ecoutes_publiques/image260.png
3277	corpsHtml	img	piloris.free.fr	http://piloris.free.fr/css/images/ecoutes_publiques/image241.png
3277	corpsHtml	img	piloris.free.fr	http://piloris.free.fr/css/images/ecoutes_publiques/image198.png
3277	corpsHtml	img	piloris.free.fr	http://piloris.free.fr/css/images/ecoutes_publiques/image79.png
3277	corpsHtml	img	piloris.free.fr	http://piloris.free.fr/css/images/ecoutes_publiques/image397.png
3277	corpsHtml	img	piloris.free.fr	http://piloris.free.fr/css/images/ecoutes_publiques/image37.png
3277	corpsHtml	img	piloris.free.fr	http://piloris.free.fr/css/images/ecoutes_publiques/image321.png
3277	corpsHtml	img	piloris.free.fr	http://piloris.free.fr/css/images/ecoutes_publiques/image307.png
3277	corpsHtml	img	piloris.free.fr	http://piloris.free.fr/css/images/ecoutes_publiques/image148.png
3277	corpsHtml	img	piloris.free.fr	http://piloris.free.fr/css/images/ecoutes_publiques/image287.png
3277	corpsHtml	img	piloris.free.fr	http://piloris.free.fr/css/images/ecoutes_publiques/image308.png
3277	corpsHtml	img	piloris.free.fr	http://piloris.free.fr/css/images/ecoutes_publiques/image201.png
3277	corpsHtml	img	piloris.free.fr	http://piloris.free.fr/css/images/ecoutes_publiques/image196.png
3277	corpsHtml	img	piloris.free.fr	http://piloris.free.fr/css/images/ecoutes_publiques/image246.png
3277	corpsHtml	img	piloris.free.fr	http://piloris.free.fr/css/images/ecoutes_publiques/image304.png
3277	corpsHtml	img	piloris.free.fr	http://piloris.free.fr/css/images/ecoutes_publiques/image129.png
3277	corpsHtml	img	piloris.free.fr	http://piloris.free.fr/css/images/ecoutes_publiques/image421.png
3277	corpsHtml	img	piloris.free.fr	http://piloris.free.fr/css/images/ecoutes_publiques/image242.png
3277	corpsHtml	img	piloris.free.fr	http://piloris.free.fr/css/images/ecoutes_publiques/image416.png
3277	corpsHtml	img	piloris.free.fr	http://piloris.free.fr/css/images/ecoutes_publiques/image29.png
3277	corpsHtml	img	piloris.free.fr	http://piloris.free.fr/css/images/ecoutes_publiques/image166.png
3277	corpsHtml	img	piloris.free.fr	http://piloris.free.fr/css/images/ecoutes_publiques/image227.png
3277	corpsHtml	img	piloris.free.fr	http://piloris.free.fr/css/images/ecoutes_publiques/image90.png
3277	corpsHtml	img	piloris.free.fr	http://piloris.free.fr/css/images/ecoutes_publiques/image4.png
3277	corpsHtml	img	piloris.free.fr	http://piloris.free.fr/css/images/ecoutes_publiques/image384.png
3277	corpsHtml	img	piloris.free.fr	http://piloris.free.fr/css/images/ecoutes_publiques/image54.png
3277	corpsHtml	img	piloris.free.fr	http://piloris.free.fr/css/images/ecoutes_publiques/image415.png
3277	corpsHtml	img	piloris.free.fr	http://piloris.free.fr/css/images/ecoutes_publiques/image292.png
3277	chapoHtml	img	piloris.free.fr	http://piloris.free.fr/css/images/2022_nouveautes.jpg
3277	chapoHtml	img	piloris.free.fr	http://piloris.free.fr/css/images/2022_interpretations.jpg
3277	chapoHtml	img	piloris.free.fr	http://piloris.free.fr/css/images/2022_decouvertes.jpg
3277	chapoHtml	img	piloris.free.fr	http://piloris.free.fr/css/images/2022_doudous.jpg
3278	corpsHtml	img	piloris.free.fr	http://piloris.free.fr/css/images/pelleas_navire.png
3279	corpsHtml	img	piloris.free.fr	http://piloris.free.fr/css/images/gunsbourg_monte-carlo.png
3279	corpsHtml	img	piloris.free.fr	http://piloris.free.fr/css/images/gunsbourg_parsifal.png
3279	corpsHtml	img	piloris.free.fr	http://piloris.free.fr/css/images/opera_de_monte_carlo_interieur.jpg
3279	corpsHtml	img	piloris.free.fr	http://piloris.free.fr/css/images/Camille-Saint-Saens-Raoul-Gunsbourg-et-les-interpretes-de-l-Ancetre.jpg
3279	corpsHtml	img	piloris.free.fr	http://piloris.free.fr/css/images/Scene-de-Venise-Gunsbourg-acte-II.jpg
3279	corpsHtml	img	piloris.free.fr	http://piloris.free.fr/css/images/gunsbourg_aigle.png
3279	corpsHtml	img	piloris.free.fr	http://piloris.free.fr/css/images/gunsbourg_cormatin.jpg
3279	corpsHtml	img	piloris.free.fr	http://piloris.free.fr/css/images/gunsbourg_ivan_le_terrible_kremlin.png
3279	corpsHtml	img	piloris.free.fr	http://piloris.free.fr/css/images/gunsbourg_ivan.png
3279	corpsHtml	img	piloris.free.fr	http://piloris.free.fr/css/images/gunsbourg_annales.png
3279	corpsHtml	img	piloris.free.fr	http://piloris.free.fr/css/images/gunsbourg_chaliapine.jpg
3279	corpsHtml	img	piloris.free.fr	http://piloris.free.fr/css/images/gunsbourg_ivan_modes_russes.png
3279	corpsHtml	img	piloris.free.fr	http://piloris.free.fr/css/images/gunsbourg_ivan_motif_tsar.png
3279	corpsHtml	img	piloris.free.fr	http://piloris.free.fr/css/images/Raoul-Gunsbourg-caricature-de-Sem.jpg
3279	corpsHtml	img	piloris.free.fr	http://piloris.free.fr/css/images/Raoul-Gunsbourg-par-Sem.jpg
3279	corpsHtml	img	piloris.free.fr	http://piloris.free.fr/css/images/Le-grand-prix-de-l-Opera-caricature-de-Sem.jpg
3281	corpsHtml	img	piloris.free.fr	http://piloris.free.fr/css/images/robert_cloitre.jpg
3281	corpsHtml	audio	piloris.free.fr	http://piloris.free.fr/css/images/robert_viol.mp3
3281	corpsHtml	img	piloris.free.fr	http://piloris.free.fr/css/images/robert_lind.jpg
3281	corpsHtml	img	piloris.free.fr	http://piloris.free.fr/css/images/robert_irene.jpg
3282	corpsHtml	img	piloris.free.fr	http://piloris.free.fr/css/images/anniversaires_hausegger.jpg
3284	corpsHtml	img	piloris.free.fr	http://piloris.free.fr/css/images/bastille_mordor.png
3285	corpsHtml	img	piloris.free.fr	http://piloris.free.fr/css/images/anniversaires_6.png
3286	corpsHtml	img	piloris.free.fr	http://piloris.free.fr/css/images/catarina_fascistes.jpg
3287	corpsHtml	img	piloris.free.fr	http://piloris.free.fr/css/images/schatzgraeber.png
3288	corpsHtml	img	piloris.free.fr	http://piloris.free.fr/css/images/rhino_rose.png
3288	corpsHtml	img	piloris.free.fr	http://piloris.free.fr/css/images/stockhausen_freitag.jpg
3288	corpsHtml	img	piloris.free.fr	http://piloris.free.fr/css/images/sto_kaino.png
3289	corpsHtml	img	piloris.free.fr	http://piloris.free.fr/css/images/methodes_chant_xixe_2.png
3289	corpsHtml	img	piloris.free.fr	http://piloris.free.fr/css/images/methodes_chant_xixe_1.png
329	corpsHtml	img	www.diploweb.com	http://www.diploweb.com/cartes/otbalt1945.JPG
3290	corpsHtml	img	piloris.free.fr	http://piloris.free.fr/css/images/ecoutes_2022.png
3291	corpsHtml	img	piloris.free.fr	http://piloris.free.fr/css/images/semperoper.jpg
3292	corpsHtml	img	piloris.free.fr	http://piloris.free.fr/css/images/kaufmann_glotte.jpg
3293	corpsHtml	img	piloris.free.fr	http://piloris.free.fr/css/images/mantova_specchio.jpg
3295	corpsHtml	img	piloris.free.fr	http://piloris.free.fr/css/images/rosenkavalier_schenk.jpg
3296	corpsHtml	img	piloris.free.fr	http://piloris.free.fr/css/images/dufranne_samson.jpg
3296	corpsHtml	img	piloris.free.fr	http://piloris.free.fr/css/images/boheme_guth.png
3297	corpsHtml	img	piloris.free.fr	http://piloris.free.fr/css/images/cpo_krug.jpg
3297	corpsHtml	img	piloris.free.fr	http://piloris.free.fr/css/images/aparte_paien.jpg
3297	corpsHtml	img	piloris.free.fr	http://piloris.free.fr/css/images/timpani_polypheme.jpg
3297	corpsHtml	img	piloris.free.fr	http://piloris.free.fr/css/images/naxos_howells.jpg
3298	corpsHtml	img	piloris.free.fr	http://piloris.free.fr/css/images/ercole_amante.jpg
3299	corpsHtml	img	piloris.free.fr	http://piloris.free.fr/css/images/castrato_micro.png
330	corpsHtml	object	operacritiques.free.fr	http://operacritiques.free.fr/css/dewplayer.swf?son=http://musicontempo.free.fr/capecod.mp3
3301	corpsHtml	img	piloris.free.fr	http://piloris.free.fr/css/images/vignette_chef.jpg
3303	corpsHtml	img	piloris.free.fr	http://piloris.free.fr/css/images/ibsen_dame_mer_martineau_colombier.jpg
3304	corpsHtml	img	piloris.free.fr	http://piloris.free.fr/css/images/ibsen_photo.jpg
3304	corpsHtml	img	piloris.free.fr	http://piloris.free.fr/css/images/ibsen_rocking.jpg
3305	corpsHtml	img	piloris.free.fr	http://piloris.free.fr/css/images/eiffel_frontispice.png
3305	corpsHtml	img	piloris.free.fr	http://piloris.free.fr/css/images/adolphe_david_menestrel_1900.jpg
3305	corpsHtml	img	piloris.free.fr	http://piloris.free.fr/css/images/adolphe_david_statue_commandeur.png
3305	corpsHtml	img	piloris.free.fr	http://piloris.free.fr/css/images/eiffel_montage.jpg
3306	corpsHtml	img	piloris.free.fr	http://piloris.free.fr/css/images/tana_baculewski.jpg
3306	corpsHtml	img	piloris.free.fr	http://piloris.free.fr/css/images/tana_volts.jpg
3306	corpsHtml	img	piloris.free.fr	http://piloris.free.fr/css/images/tana_lenot.jpg
3306	corpsHtml	img	piloris.free.fr	http://piloris.free.fr/css/images/tana_glass.jpg
3308	corpsHtml	img	piloris.free.fr	http://piloris.free.fr/css/images/versailles_vue.jpg
3309	corpsHtml	img	piloris.free.fr	http://piloris.free.fr/css/images/obikhod.jpg
3309	corpsHtml	audio	piloris.free.fr	http://piloris.free.fr/css/images/berezovsky_sonate_mvt_1_dlm.mp3
3309	corpsHtml	audio	piloris.free.fr	http://piloris.free.fr/css/images/berezovsky_sonate_mvt_2_dlm.mp3
3309	corpsHtml	audio	piloris.free.fr	http://piloris.free.fr/css/images/berezovsky_communion_par_dlm.mp3
3309	corpsHtml	audio	piloris.free.fr	http://piloris.free.fr/css/images/bortniansky_concerto_pour_clavecin_dlm.mp3
3309	corpsHtml	audio	piloris.free.fr	http://piloris.free.fr/css/images/bortniansky_hymne_par_dlm.mp3
3309	corpsHtml	audio	piloris.free.fr	http://piloris.free.fr/css/images/vedel_hymne_dramatique_dlm.mp3
3309	corpsHtml	audio	piloris.free.fr	http://piloris.free.fr/css/images/vedel_hymne_homorythmique_dlm.mp3
331	corpsHtml	object	operacritiques.free.fr	http://operacritiques.free.fr/css/dewplayer.swf?son=http://musicontempo.free.fr/PM_I,1b.mp3
3310	corpsHtml	img	piloris.free.fr	http://piloris.free.fr/css/images/hulak_medaille.jpg
3310	corpsHtml	audio	piloris.free.fr	http://piloris.free.fr/css/images/hulak_prelude.flac
3310	corpsHtml	audio	piloris.free.fr	http://piloris.free.fr/css/images/hulak_marche.flac
3310	corpsHtml	audio	piloris.free.fr	http://piloris.free.fr/css/images/hulak_andrei.flac
3310	corpsHtml	audio	piloris.free.fr	http://piloris.free.fr/css/images/hulak_sultan.flac
3310	corpsHtml	audio	piloris.free.fr	http://piloris.free.fr/css/images/hulak_danse.flac
3311	corpsHtml	img	piloris.free.fr	http://piloris.free.fr/css/images/agenda_mai.png
3312	corpsHtml	img	piloris.free.fr	http://piloris.free.fr/css/images/playlist_op_fr_1.png
3312	corpsHtml	img	piloris.free.fr	http://piloris.free.fr/css/images/playlist_op_fr_2.png
3312	corpsHtml	img	piloris.free.fr	http://piloris.free.fr/css/images/playlist_op_fr_3.png
3312	corpsHtml	img	piloris.free.fr	http://piloris.free.fr/css/images/playlist_op_fr_4.png
3312	corpsHtml	img	piloris.free.fr	http://piloris.free.fr/css/images/playlist_op_fr_5.png
3312	corpsHtml	img	piloris.free.fr	http://piloris.free.fr/css/images/playlist_op_fr_6.png
3312	corpsHtml	img	piloris.free.fr	http://piloris.free.fr/css/images/playlist_op_fr_7.png
3312	corpsHtml	img	piloris.free.fr	http://piloris.free.fr/css/images/playlist_op_fr_8.png
3312	corpsHtml	img	piloris.free.fr	http://piloris.free.fr/css/images/playlist_op_fr_9.png
3312	corpsHtml	img	piloris.free.fr	http://piloris.free.fr/css/images/playlist_op_fr_10.png
3312	corpsHtml	img	piloris.free.fr	http://piloris.free.fr/css/images/playlist_op_fr_11.png
3312	corpsHtml	img	piloris.free.fr	http://piloris.free.fr/css/images/playlist_op_fr_12.png
3312	corpsHtml	img	piloris.free.fr	http://piloris.free.fr/css/images/playlist_op_fr_13.png
3312	corpsHtml	img	piloris.free.fr	http://piloris.free.fr/css/images/playlist_op_fr_14.png
3313	corpsHtml	img	piloris.free.fr	http://piloris.free.fr/css/images/ettinger.jpg
3314	corpsHtml	img	piloris.free.fr	http://piloris.free.fr/css/images/hercule_plafond.png
3314	corpsHtml	img	piloris.free.fr	http://piloris.free.fr/css/images/chapelle_royale_versailles_couchant.jpg
3314	corpsHtml	img	piloris.free.fr	http://piloris.free.fr/css/images/gloires_france.jpg
3314	corpsHtml	img	piloris.free.fr	http://piloris.free.fr/css/images/hercule_grisaille.png
3314	corpsHtml	img	piloris.free.fr	http://piloris.free.fr/css/images/versailles_couloir.jpg
3314	corpsHtml	img	piloris.free.fr	http://piloris.free.fr/css/images/versailles_escalier.jpg
3314	corpsHtml	img	piloris.free.fr	http://piloris.free.fr/css/images/orleans_delivree.jpg
3315	corpsHtml	img	piloris.free.fr	http://piloris.free.fr/css/images/krimmel_muellerin.png
3315	corpsHtml	img	piloris.free.fr	http://piloris.free.fr/css/images/kalinnikov_alld.jpg
3315	corpsHtml	img	piloris.free.fr	http://piloris.free.fr/css/images/words_fade.jpg
3315	corpsHtml	img	piloris.free.fr	http://piloris.free.fr/css/images/ornstein_weber.jpg
3315	corpsHtml	img	piloris.free.fr	http://piloris.free.fr/css/images/rauberbraut.png
3315	corpsHtml	img	piloris.free.fr	http://piloris.free.fr/css/images/dubois_romantique.jpg
3315	corpsHtml	img	piloris.free.fr	http://piloris.free.fr/css/images/mendelssohn_bernius.jpg
3315	corpsHtml	img	piloris.free.fr	http://piloris.free.fr/css/images/hicks14.png
3315	corpsHtml	img	piloris.free.fr	http://piloris.free.fr/css/images/dorukhan.png
3316	corpsHtml	img	piloris.free.fr	http://piloris.free.fr/css/images/orff_enfants.png
3317	chapoHtml	img	piloris.free.fr	http://piloris.free.fr/css/images/pimelles_anon.jpg
3318	corpsHtml	img	piloris.free.fr	http://piloris.free.fr/css/images/solomon_knot.png
333	corpsHtml	object	operacritiques.free.fr	http://operacritiques.free.fr/css/dewplayer.swf?son=http://musicontempo.free.fr/d192.mp3
333	chapoHtml	object	operacritiques.free.fr	http://operacritiques.free.fr/css/dewplayer.swf?son=http://musicontempo.free.fr/PM_I,1c.mp3
3333	corpsHtml	img	piloris.free.fr	http://piloris.free.fr/css/images/schubert_14.png
3334	corpsHtml	img	piloris.free.fr	http://piloris.free.fr/css/images/ingwelde.jpg
3352	corpsHtml	img	piloris.free.fr	http://piloris.free.fr/css/images/duni_oeillet.png
3352	corpsHtml	img	piloris.free.fr	http://piloris.free.fr/css/images/greuze_cruche.jpg
3353	corpsHtml	img	piloris.free.fr	http://piloris.free.fr/css/images/rungis_piano.jpg
3353	corpsHtml	img	piloris.free.fr	http://piloris.free.fr/css/images/sceaux_festival.png
3354	corpsHtml	img	piloris.free.fr	http://piloris.free.fr/css/images/edelweiss_creuzevault.png
3356	corpsHtml	img	piloris.free.fr	http://piloris.free.fr/css/images/wilma_1.jpg
3356	corpsHtml	img	piloris.free.fr	http://piloris.free.fr/css/images/bly_1.jpg
3356	corpsHtml	img	piloris.free.fr	http://piloris.free.fr/css/images/bly_oie.jpg
3356	corpsHtml	img	piloris.free.fr	http://piloris.free.fr/css/images/wilma_2.jpg
3357	corpsHtml	img	piloris.free.fr	http://piloris.free.fr/css/images/wieck_strande.png
3359	corpsHtml	img	piloris.free.fr	http://piloris.free.fr/css/images/woodruff.jpg
3359	corpsHtml	img	piloris.free.fr	http://piloris.free.fr/css/images/alliance_theatre_coca_cola.jpg
3359	corpsHtml	img	piloris.free.fr	http://piloris.free.fr/css/images/atlanta_symphony_hall_0.jpg
3359	corpsHtml	img	piloris.free.fr	http://piloris.free.fr/css/images/fox_theatre.jpg
3359	corpsHtml	img	piloris.free.fr	http://piloris.free.fr/css/images/boisfeuillet.jpg
3359	corpsHtml	img	piloris.free.fr	http://piloris.free.fr/css/images/cobb.jpg
3359	corpsHtml	img	piloris.free.fr	http://piloris.free.fr/css/images/cobb_energy.jpg
3359	corpsHtml	img	piloris.free.fr	http://piloris.free.fr/css/images/kennesaw.png
3359	corpsHtml	img	piloris.free.fr	http://piloris.free.fr/css/images/morehouse_1.png
3359	corpsHtml	img	piloris.free.fr	http://piloris.free.fr/css/images/morehouse_2.jpg
3362	corpsHtml	img	piloris.free.fr	http://piloris.free.fr/css/images/neopompeien.jpg
3362	corpsHtml	img	piloris.free.fr	http://piloris.free.fr/css/images/ancien_conservatoire_scene_longueur.jpg
3362	corpsHtml	img	piloris.free.fr	http://piloris.free.fr/css/images/ancien_conservatoire_encorbellement_medaillons.jpg
3362	corpsHtml	img	piloris.free.fr	http://piloris.free.fr/css/images/boulanger_jury.png
3362	corpsHtml	img	piloris.free.fr	http://piloris.free.fr/css/images/boulanger_tour.png
3363	corpsHtml	img	piloris.free.fr	http://piloris.free.fr/css/images/boulanger_laureats.jpg
3364	corpsHtml	img	piloris.free.fr	http://piloris.free.fr/css/images/cendrillon2.jpg
3365	corpsHtml	img	piloris.free.fr	http://piloris.free.fr/css/images/campra_haim.png
3365	corpsHtml	img	piloris.free.fr	http://piloris.free.fr/css/images/isabellefaust.png
3365	corpsHtml	img	piloris.free.fr	http://piloris.free.fr/css/images/legros.png
3365	corpsHtml	img	piloris.free.fr	http://piloris.free.fr/css/images/duni.png
3365	corpsHtml	img	piloris.free.fr	http://piloris.free.fr/css/images/godecharle.png
3365	corpsHtml	img	piloris.free.fr	http://piloris.free.fr/css/images/mauceri.png
3365	corpsHtml	img	piloris.free.fr	http://piloris.free.fr/css/images/reger_einsiedler.png
3365	corpsHtml	img	piloris.free.fr	http://piloris.free.fr/css/images/reger_coffret.png
3365	corpsHtml	img	piloris.free.fr	http://piloris.free.fr/css/images/coleridge-taylor.png
337	corpsHtml	img	musicontempo.free.fr	http://musicontempo.free.fr/toru_orch-a_petit.jpg
337	corpsHtml	img	musicontempo.free.fr	http://musicontempo.free.fr/toru_orchb_petit.jpg
337	corpsHtml	img	musicontempo.free.fr	http://musicontempo.free.fr/toru_tra-d_petit.jpg
337	corpsHtml	img	musicontempo.free.fr	http://musicontempo.free.fr/toru_chb_petit.jpg
337	corpsHtml	img	musicontempo.free.fr	http://musicontempo.free.fr/toru_piano_petit.jpg
337	corpsHtml	img	musicontempo.free.fr	http://musicontempo.free.fr/toru_electro_petit.jpg
337	corpsHtml	img	musicontempo.free.fr	http://musicontempo.free.fr/toru_films_petit.jpg
337	corpsHtml	img	musicontempo.free.fr	http://musicontempo.free.fr/toru_non_petit.jpg
3386	corpsHtml	audio	operacritiques.free.fr	http://operacritiques.free.fr/css/images/czerny_lawrence.mp3
3387	corpsHtml	img	piloris.free.fr	http://piloris.free.fr/css/images/dusapin_macbeth.jpg
339	corpsHtml	img	images.amazon.com	http://images.amazon.com/images/P/B0006VXF3C.01._SCMZZZZZZZ_.jpg
339	corpsHtml	img	ec1.images-amazon.com	http://ec1.images-amazon.com/images/P/B000066I9B.08._SCMZZZZZZZ_.jpg
339	corpsHtml	img	images.amazon.com	http://images.amazon.com/images/P/B00004SDNY.01._SCMZZZZZZZ_.jpg
339	corpsHtml	img	images.amazon.com	http://images.amazon.com/images/P/B00006C1TL.01._SCMZZZZZZZ_V62639787_.jpg
339	corpsHtml	img	images.amazon.com	http://images.amazon.com/images/P/B00000G5QC.01._AA130_SCMZZZZZZZ_V1056645491_.jpg
339	corpsHtml	img	images.amazon.com	http://images.amazon.com/images/P/B000003789.01._SCMZZZZZZZ_.jpg
339	corpsHtml	img	ec1.images-amazon.com	http://ec1.images-amazon.com/images/P/B00005QHQ9.08._SCMZZZZZZZ_.jpg
339	corpsHtml	img	musicontempo.free.fr	http://musicontempo.free.fr/takenaxos.jpg
339	corpsHtml	img	images.amazon.com	http://images.amazon.com/images/P/B0000060B1.08._SCMZZZZZZZ_.jpg
339	corpsHtml	img	ec1.images-amazon.com	http://ec1.images-amazon.com/images/P/B00000DNUA.01._AA240_SCLZZZZZZZ_.jpg
339	corpsHtml	img	www.jpc.de	http://www.jpc.de/image/cover/front/0/5222670.jpg
339	corpsHtml	img	images.amazon.com	http://images.amazon.com/images/P/B000003IVQ.01._SCMZZZZZZZ_.jpg
339	corpsHtml	img	ec1.images-amazon.com	http://ec1.images-amazon.com/images/P/B0000016NE.01._AA130_SCMZZZZZZZ_V1056629215_.jpg
339	corpsHtml	img	musicontempo.free.fr	http://musicontempo.free.fr/quotationdream.jpg
339	corpsHtml	img	musicontempo.free.fr	http://musicontempo.free.fr/coral.JPG
339	corpsHtml	img	images.amazon.com	http://images.amazon.com/images/P/B00018H05Y.08._SCMZZZZZZZ_.jpg
339	corpsHtml	img	www.rondomagazin.de	http://www.rondomagazin.de/klassik/t/takemitsu/cover/tt03.gif
339	corpsHtml	img	images.amazon.com	http://images.amazon.com/images/P/B00005ALI2.01._SCMZZZZZZZ_.jpg
339	corpsHtml	img	images.amazon.com	http://images.amazon.com/images/P/B0000016OB.01._SCMZZZZZZZ_.jpg
339	corpsHtml	img	images.amazon.com	http://images.amazon.com/images/P/B00005HTL9.01._SCMZZZZZZZ_.jpg
339	corpsHtml	img	www.abeplan.com	http://www.abeplan.com/2003CD/03takemitsu_omotejyake_S.gif
339	corpsHtml	img	ec1.images-amazon.com	http://ec1.images-amazon.com/images/P/B00005QHQ9.08._SCMZZZZZZZ_.jpg
339	corpsHtml	img	musicontempo.free.fr	http://musicontempo.free.fr/takenaxos.jpg
339	corpsHtml	img	images.amazon.com	http://images.amazon.com/images/P/B00005ALI2.01._SCMZZZZZZZ_.jpg
339	corpsHtml	img	images.amazon.com	http://images.amazon.com/images/P/B00018H05Y.08._SCMZZZZZZZ_.jpg
339	corpsHtml	img	musicontempo.free.fr	http://musicontempo.free.fr/takenaxos.jpg
339	corpsHtml	img	images.amazon.com	http://images.amazon.com/images/P/B00005ALI2.01._SCMZZZZZZZ_.jpg
339	corpsHtml	img	images.amazon.com	http://images.amazon.com/images/P/B00018H05Y.08._SCMZZZZZZZ_.jpg
339	corpsHtml	img	ec1.images-amazon.com	http://ec1.images-amazon.com/images/P/B00005QHQ9.08._SCMZZZZZZZ_.jpg
339	corpsHtml	img	musicontempo.free.fr	http://musicontempo.free.fr/coral.JPG
339	corpsHtml	img	musicontempo.free.fr	http://musicontempo.free.fr/takenaxos.jpg
339	corpsHtml	img	ec1.images-amazon.com	http://ec1.images-amazon.com/images/P/B00005QHQ9.08._SCMZZZZZZZ_.jpg
339	corpsHtml	img	images.amazon.com	http://images.amazon.com/images/P/B00005ALI2.01._SCMZZZZZZZ_.jpg
339	corpsHtml	img	images.amazon.com	http://images.amazon.com/images/P/B000003789.01._SCMZZZZZZZ_.jpg
339	corpsHtml	img	www.rondomagazin.de	http://www.rondomagazin.de/klassik/t/takemitsu/cover/tt03.gif
339	corpsHtml	img	musicontempo.free.fr	http://musicontempo.free.fr/coral.JPG
339	corpsHtml	img	www.abeplan.com	http://www.abeplan.com/2003CD/03takemitsu_omotejyake_S.gif
339	corpsHtml	img	images.amazon.com	http://images.amazon.com/images/P/B00018H05Y.08._SCMZZZZZZZ_.jpg
339	corpsHtml	img	images.amazon.com	http://images.amazon.com/images/P/B00000G5QC.01._AA130_SCMZZZZZZZ_V1056645491_.jpg
339	corpsHtml	img	musicontempo.free.fr	http://musicontempo.free.fr/quotationdream.jpg
339	corpsHtml	img	images.amazon.com	http://images.amazon.com/images/P/B000003IVQ.01._SCMZZZZZZZ_.jpg
339	corpsHtml	img	images.amazon.com	http://images.amazon.com/images/P/B00005HTL9.01._SCMZZZZZZZ_.jpg
3433	corpsHtml	source	carnetsol.fr	http://carnetsol.fr/css/images/les_satyres_sont_morts.mp3
3433	corpsHtml	img	carnetsol.fr	http://carnetsol.fr/css/images/les_satyres_sont_morts.png
3433	corpsHtml	lien	carnetsol.fr	http://carnetsol.fr/css/images/les_satyres_sont_morts.mp3
3434	corpsHtml	lien	carnetsol.fr	http://carnetsol.fr/css/images/agenda_2027_carnets_sur_sol.pdf
3446	corpsHtml	lien	carnetsol.fr	http://carnetsol.fr/css/images/agenda_2027_carnets_sur_sol.pdf
345	chapoHtml	img	cover6.cduniverse.com	http://cover6.cduniverse.com/MuzeAudioArt/040/47987.jpg
350	corpsHtml	object	operacritiques.free.fr	http://operacritiques.free.fr/css/dewplayer.swf?son=http://musicontempo.free.fr/goerne_clarinette.mp3
350	corpsHtml	embed	www.youtube.com	http://www.youtube.com/v/5gl4hV5b1U0&hl=fr&fs=1
350	chapoHtml	object	operacritiques.free.fr	http://operacritiques.free.fr/css/dewplayer.swf?son=http://musicontempo.free.fr/goerne_urlicht.mp3
366	chapoHtml	object	operacritiques.free.fr	http://operacritiques.free.fr/css/dewplayer.swf?son=http://musicontempo.free.fr/goerne_clarinette.mp3
382	chapoHtml	object	operacritiques.free.fr	http://operacritiques.free.fr/css/dewplayer.swf?son=http://musicontempo.free.fr/debussy_haies.mp3
382	chapoHtml	object	operacritiques.free.fr	http://operacritiques.free.fr/css/dewplayer.swf?son=http://musicontempo.free.fr/debussy_danslejardin.mp3
388	corpsHtml	img	www.jonge-khabar.com	http://www.jonge-khabar.com/klasick/marx_engels.jpg
388	corpsHtml	img	pageperso.aol.fr	http://pageperso.aol.fr/florian%20tala/faucille.jpg
389	corpsHtml	img	ec1.images-amazon.com	http://ec1.images-amazon.com/images/P/B000A0HFZS.08._SCMZZZZZZZ_V56201835_.jpg
389	corpsHtml	img	images.amazon.com	http://images.amazon.com/images/P/B000GCG8Y4.01._SCMZZZZZZZ_V60536914_.jpg
393	corpsHtml	object	operacritiques.free.fr	http://operacritiques.free.fr/css/dewplayer.swf?son=http://musicontempo.free.fr/deluso.mp3
393	corpsHtml	object	operacritiques.free.fr	http://operacritiques.free.fr/css/dewplayer.swf?son=http://musicontempo.free.fr/sesto.mp3
393	corpsHtml	img	www.dlib.indiana.edu	http://www.dlib.indiana.edu/variations/scores/bhq9391/large/sco10020.gif
393	corpsHtml	img	www.dlib.indiana.edu	http://www.dlib.indiana.edu/variations/scores/bhq9391/large/sco10086.gif
393	notesHtml	object	operacritiques.free.fr	http://operacritiques.free.fr/css/dewplayer.swf?son=http://musicontempo.free.fr/debussy_haies.mp3
405	corpsHtml	object	operacritiques.free.fr	http://operacritiques.free.fr/css/dewplayer.swf?son=http://musicontempo.free.fr/chosta1.mp3
405	corpsHtml	object	operacritiques.free.fr	http://operacritiques.free.fr/css/dewplayer.swf?son=http://musicontempo.free.fr/chosta4.mp3
405	corpsHtml	object	operacritiques.free.fr	http://operacritiques.free.fr/css/dewplayer.swf?son=http://musicontempo.free.fr/chosta2.mp3
405	corpsHtml	object	operacritiques.free.fr	http://operacritiques.free.fr/css/dewplayer.swf?son=http://musicontempo.free.fr/chosta3.mp3
405	corpsHtml	object	operacritiques.free.fr	http://operacritiques.free.fr/css/dewplayer.swf?son=http://musicontempo.free.fr/chosta5.mp3
405	corpsHtml	object	operacritiques.free.fr	http://operacritiques.free.fr/css/dewplayer.swf?son=http://musicontempo.free.fr/chosta6.mp3
412	chapoHtml	object	operacritiques.free.fr	http://operacritiques.free.fr/css/dewplayer.swf?son=http://musicontempo.free.fr/rzeka.mp3
412	chapoHtml	object	operacritiques.free.fr	http://operacritiques.free.fr/css/dewplayer.swf?son=http://musicontempo.free.fr/lad.mp3
412	notesHtml	object	operacritiques.free.fr	http://operacritiques.free.fr/css/dewplayer.swf?son=http://musicontempo.free.fr/rzeka.mp3
413	corpsHtml	object	operacritiques.free.fr	http://operacritiques.free.fr/css/dewplayer.swf?son=http://musicontempo.free.fr/galbraith.mp3
427	corpsHtml	img	www.hyperion-records.co.uk	http://www.hyperion-records.co.uk/jpegs/33051.jpg
427	chapoHtml	img	www.hyperion-records.co.uk	http://www.hyperion-records.co.uk/jpegs/44201.jpg
427	chapoHtml	img	www.hyperion-records.co.uk	http://www.hyperion-records.co.uk/jpegs/33004.jpg
427	chapoHtml	img	www.hyperion-records.co.uk	http://www.hyperion-records.co.uk/jpegs/33009.jpg
427	chapoHtml	img	www.hyperion-records.co.uk	http://www.hyperion-records.co.uk/jpegs/33007.jpg
427	chapoHtml	img	www.hyperion-records.co.uk	http://www.hyperion-records.co.uk/jpegs/33014.jpg
431	chapoHtml	object	operacritiques.free.fr	http://operacritiques.free.fr/css/dewplayer.swf?son=http://musicontempo.free.fr/mantoautre.mp3
431	chapoHtml	object	operacritiques.free.fr	http://operacritiques.free.fr/css/dewplayer.swf?son=http://musicontempo.free.fr/martinuju.mp3
437	corpsHtml	object	operacritiques.free.fr	http://operacritiques.free.fr/css/dewplayer.swf?son=http://musicontempo.free.fr/incanto.mp3
437	chapoHtml	object	operacritiques.free.fr	http://operacritiques.free.fr/css/dewplayer.swf?son=http://musicontempo.free.fr/incanto.mp3
437	chapoHtml	object	operacritiques.free.fr	http://operacritiques.free.fr/css/dewplayer.swf?son=http://musicontempo.free.fr/parto.mp3
450	chapoHtml	object	operacritiques.free.fr	http://operacritiques.free.fr/css/dewplayer.swf?son=http://musicontempo.free.fr/debpardeb.mp3
451	corpsHtml	object	operacritiques.free.fr	http://operacritiques.free.fr/css/dewplayer.swf?son=http://musicontempo.free.fr/zampa_aria.mp3
451	notesHtml	object	operacritiques.free.fr	http://operacritiques.free.fr/css/dewplayer.swf?son=http://musicontempo.free.fr/zampa_aria.mp3
453	corpsHtml	object	operacritiques.free.fr	http://operacritiques.free.fr/css/dewplayer.swf?son=http://musicontempo.free.fr/salome_neterejouis.mp3
453	notesHtml	object	operacritiques.free.fr	http://operacritiques.free.fr/css/dewplayer.swf?son=http://musicontempo.free.fr/debpardeb.mp3
469	corpsHtml	img	ec1.images-amazon.com	http://ec1.images-amazon.com/images/P/B00000464Y.01._AA130_SCMZZZZZZZ_V1057209484_.jpg
469	chapoHtml	img	ec2.images-amazon.com	http://ec2.images-amazon.com/images/P/B0000AKPNW.08._AA240_SCLZZZZZZZ_.jpg
469	chapoHtml	img	ec2.images-amazon.com	http://ec2.images-amazon.com/images/P/B00005LNJD.01._AA240_SCLZZZZZZZ_.jpg
469	chapoHtml	img	ec1.images-amazon.com	http://ec1.images-amazon.com/images/P/B0000045Z9.01._AA130_SCMZZZZZZZ_V1056635859_.jpg
469	chapoHtml	img	ec1.images-amazon.com	http://ec1.images-amazon.com/images/P/B00000464Y.01._AA130_SCMZZZZZZZ_V1057209484_.jpg
469	chapoHtml	img	g-ec2.images-amazon.com	http://g-ec2.images-amazon.com/images/G/01/ciu/ce/5f/aca17220eca00f62bd8c7010._AA240_.L.jpg
469	chapoHtml	img	ec2.images-amazon.com	http://ec2.images-amazon.com/images/P/B00005S7X1.01._AA130_SCMZZZZZZZ_V1056702263_.jpg
472	corpsHtml	object	operacritiques.free.fr	http://operacritiques.free.fr/css/dewplayer.swf?mp3=http://musicontempo.free.fr/keller_kurtag.mp3
472	chapoHtml	img	www.jpc.de	http://www.jpc.de/image/cover/front/0/1393031.jpg
474	corpsHtml	object	operacritiques.free.fr	http://operacritiques.free.fr/css/dewplayer.swf?mp3=http://musicontempo.free.fr/schoeckschoeck.mp3
480	corpsHtml	lien	musicontempo.free.fr	http://musicontempo.free.fr/spaun.pdf
487	corpsHtml	lien	musicontempo.free.fr	http://musicontempo.free.fr/goetterdaemmerung_funebre_furtie.mp3
487	corpsHtml	lien	musicontempo.free.fr	http://musicontempo.free.fr/immolation_inbal_secunde.mp3
492	corpsHtml	object	operacritiques.free.fr	http://operacritiques.free.fr/css/dewplayer.swf?mp3=http://musicontempo.free.fr/robert_holl_zwischenspiel_interlude_fruehlingsreise.mp3
492	corpsHtml	img	www.robertholl.at	http://www.robertholl.at/Inhalte/Diskographie/low/Sonderedition%201.jpg
492	corpsHtml	img	www.robertholl.at	http://www.robertholl.at/Inhalte/Diskographie/low/Sonderedition%202.jpg
492	corpsHtml	img	www.robertholl.at	http://www.robertholl.at/Inhalte/Diskographie/low/Sonderedition%203.jpg
492	corpsHtml	object	operacritiques.free.fr	http://operacritiques.free.fr/css/dewplayer.swf?mp3=http://musicontempo.free.fr/vendredi_holl.mp3
492	chapoHtml	img	www.robertholl.at	http://www.robertholl.at/Inhalte/Fotos/low/057_20041007_holl.jpg
496	corpsHtml	lien	musicontempo.free.fr	http://musicontempo.free.fr/3fanny.pdf
498	corpsHtml	img	www.cathares.org	http://www.cathares.org/PBM-01-05-bram.jpg
500	corpsHtml	lien	www.inha.fr	http://www.inha.fr/musica/000001_E_1/PE_MUSICA_001_190210_006_004_P4BIBMUS_zoom.jpg
502	chapoHtml	img	ec2.images-amazon.com	http://ec2.images-amazon.com/images/P/B000FI9058.01._AA240_SCLZZZZZZZ_V66957821_.jpg
506	corpsHtml	img	www.csharpmedia.com	http://www.csharpmedia.com/Library/jacket/alpha024.jpg
506	corpsHtml	img	www.cantabile-subito.de	http://www.cantabile-subito.de/Sopranos/Steber__Eleanor/a_steber1937.jpg
514	corpsHtml	object	operacritiques.free.fr	http://operacritiques.free.fr/css/dewplayer.swf?son=http://musicontempo.free.fr/jerome_correas_aureole.mp3
514	corpsHtml	object	operacritiques.free.fr	http://operacritiques.free.fr/css/dewplayer.swf?son=http://musicontempo.free.fr/jerome_correas_lune_blanche.mp3
514	corpsHtml	object	operacritiques.free.fr	http://operacritiques.free.fr/css/dewplayer.swf?son=http://musicontempo.free.fr/jerome_correas_belle_voyageuse.mp3
514	corpsHtml	object	operacritiques.free.fr	http://operacritiques.free.fr/css/dewplayer.swf?son=http://musicontempo.free.fr/jerome_correas_phinee.mp3
514	chapoHtml	img	www.concertclassic.com	http://www.concertclassic.com/photos/Portrait/Correas.JPG
522	corpsHtml	lien	icking-music-archive.org	http://icking-music-archive.org/scores/vivaldi/rv684/Cb.pdf
523	corpsHtml	img	www.dlib.indiana.edu	http://www.dlib.indiana.edu/variations/scores/abu7619/large/sco10136.gif
523	corpsHtml	img	www.dlib.indiana.edu	http://www.dlib.indiana.edu/variations/scores/abu7619/large/sco10137.gif
523	corpsHtml	img	www.dlib.indiana.edu	http://www.dlib.indiana.edu/variations/scores/abu7619/large/sco10138.gif
523	corpsHtml	img	www.dlib.indiana.edu	http://www.dlib.indiana.edu/variations/scores/abu7619/large/sco10139.gif
524	corpsHtml	img	www.jpc.de	http://www.jpc.de/image/middle/front/0/7344531.jpg
524	corpsHtml	img	www.jpc.de	http://www.jpc.de/image/middle/front/0/8185963.jpg
524	corpsHtml	img	ec1.images-amazon.com	http://ec1.images-amazon.com/images/I/4192NRW37RL._AA240_.jpg
524	corpsHtml	img	ec1.images-amazon.com	http://ec1.images-amazon.com/images/P/B00004S4O6.03._AA240_SCLZZZZZZZ_.jpg
524	corpsHtml	img	ec1.images-amazon.com	http://ec1.images-amazon.com/images/P/B000EBGF54.01._AA240_SCLZZZZZZZ_.jpg
524	corpsHtml	img	ec1.images-amazon.com	http://ec1.images-amazon.com/images/P/B000025Q05.03._AA240_SCLZZZZZZZ_.jpg
524	corpsHtml	img	www.jpc.de	http://www.jpc.de/image/middle/front/0/3788473.jpg
524	corpsHtml	img	www.jpc.de	http://www.jpc.de/image/middle/front/0/8831821.jpg
524	corpsHtml	img	ec1.images-amazon.com	http://ec1.images-amazon.com/images/P/B00005N8EA.01._AA240_SCLZZZZZZZ_.jpg
524	corpsHtml	img	www.jpc.de	http://www.jpc.de/image/middle/front/0/1466337.jpg
524	corpsHtml	img	www.jpc.de	http://www.jpc.de/image/middle/front/0/5290990.jpg
524	chapoHtml	img	www.klassika.info	http://www.klassika.info/Komponisten/Schreker/Bild.jpg
526	corpsHtml	img	ec1.images-amazon.com	http://ec1.images-amazon.com/images/P/B0001XPY16.08._AA240_SCLZZZZZZZ_.jpg
526	corpsHtml	img	ec1.images-amazon.com	http://ec1.images-amazon.com/images/P/B000003EXT.01._AA240_SCLZZZZZZZ_.jpg
526	corpsHtml	img	ec2.images-amazon.com	http://ec2.images-amazon.com/images/P/B000001GHY.01._AA240_SCLZZZZZZZ_.jpg
539	corpsHtml	lien	cantabile-subito.de	http://cantabile-subito.de/Bass-Baritones/Dufranne__Hector/dufrannegolaud.jpg
541	corpsHtml	img	piloris.free.fr	http://piloris.free.fr/PM_III_a.jpg
541	corpsHtml	img	piloris.free.fr	http://piloris.free.fr/PM_III_b.jpg
541	corpsHtml	img	piloris.free.fr	http://piloris.free.fr/PM_III_c.jpg
541	corpsHtml	lien	piloris.free.fr	http://piloris.free.fr/PM_III_d.mp3
541	corpsHtml	lien	piloris.free.fr	http://piloris.free.fr/PM_III_e.mp3
553	corpsHtml	img	questionscritiques.free.fr	http://questionscritiques.free.fr/edito/NouvelObs/lj.jpg
556	corpsHtml	object	operacritiques.free.fr	http://operacritiques.free.fr/css/dewplayer.swf?son=http://piloris.free.fr/ta_leopold.mp3
556	corpsHtml	object	operacritiques.free.fr	http://operacritiques.free.fr/css/dewplayer.swf?son=http://piloris.free.fr/hc_phaeton.mp3
556	corpsHtml	object	operacritiques.free.fr	http://operacritiques.free.fr/css/dewplayer.swf?son=http://piloris.free.fr/hc_atys.mp3
556	corpsHtml	object	operacritiques.free.fr	http://operacritiques.free.fr/css/dewplayer.swf?son=http://piloris.free.fr/air_athlete.mp3
556	corpsHtml	object	operacritiques.free.fr	http://operacritiques.free.fr/css/dewplayer.swf?son=http://piloris.free.fr/ta_arnold.mp3
556	corpsHtml	object	operacritiques.free.fr	http://operacritiques.free.fr/css/dewplayer.swf?son=http://piloris.free.fr/ta_ituriel.mp3
556	corpsHtml	object	operacritiques.free.fr	http://operacritiques.free.fr/css/dewplayer.swf?son=http://piloris.free.fr/noe_deb_ii.mp3
566	corpsHtml	img	musicontempo.free.fr	http://musicontempo.free.fr/holderlin_rihm.jpg
573	corpsHtml	img	piloris.free.fr	http://piloris.free.fr/lerche1.jpg
573	corpsHtml	img	piloris.free.fr	http://piloris.free.fr/lerche2.jpg
573	corpsHtml	img	ec2.images-amazon.com	http://ec2.images-amazon.com/images/P/B000001GZK.01._AA130_SCMZZZZZZZ_.jpg
573	corpsHtml	img	www.crotchet.co.uk	http://www.crotchet.co.uk/images/4765286.jpg
573	corpsHtml	img	utopia.midiblogs.com	http://utopia.midiblogs.com/images/medium_assort.ndl.blanche.ag.jpg
574	corpsHtml	object	operacritiques.free.fr	http://operacritiques.free.fr/css/dewplayer.swf?son=http://piloris.free.fr/mystg1.mp3
574	corpsHtml	object	operacritiques.free.fr	http://operacritiques.free.fr/css/dewplayer.swf?son=http://piloris.free.fr/mystg3.mp3
574	notesHtml	object	operacritiques.free.fr	http://operacritiques.free.fr/css/dewplayer.swf?son=http://piloris.free.fr/mystg2.mp3
576	corpsHtml	audio	piloris.free.fr	http://piloris.free.fr/Nimsgern_1.mp3
576	corpsHtml	audio	piloris.free.fr	http://piloris.free.fr/Nimsgern_2.mp3
576	corpsHtml	audio	piloris.free.fr	http://piloris.free.fr/Nimsgern_3.mp3
576	corpsHtml	audio	piloris.free.fr	http://piloris.free.fr/Nimsgern_4.mp3
576	corpsHtml	audio	piloris.free.fr	http://piloris.free.fr/Nimsgern_5.mp3
576	corpsHtml	audio	piloris.free.fr	http://piloris.free.fr/Nimsgern_6.mp3
576	corpsHtml	audio	piloris.free.fr	http://piloris.free.fr/Nimsgern_7.mp3
576	notesHtml	object	operacritiques.free.fr	http://operacritiques.free.fr/css/dewplayer.swf?son=http://piloris.free.fr/Nimsgern_1.mp3
576	notesHtml	object	operacritiques.free.fr	http://operacritiques.free.fr/css/dewplayer.swf?son=http://piloris.free.fr/Nimsgern_2.mp3
576	notesHtml	object	operacritiques.free.fr	http://operacritiques.free.fr/css/dewplayer.swf?son=http://piloris.free.fr/Nimsgern_3.mp3
576	notesHtml	object	operacritiques.free.fr	http://operacritiques.free.fr/css/dewplayer.swf?son=http://piloris.free.fr/Nimsgern_4.mp3
576	notesHtml	object	operacritiques.free.fr	http://operacritiques.free.fr/css/dewplayer.swf?son=http://piloris.free.fr/Nimsgern_5.mp3
576	notesHtml	object	operacritiques.free.fr	http://operacritiques.free.fr/css/dewplayer.swf?son=http://piloris.free.fr/Nimsgern_6.mp3
576	notesHtml	object	operacritiques.free.fr	http://operacritiques.free.fr/css/dewplayer.swf?son=http://piloris.free.fr/Nimsgern_7.mp3
579	corpsHtml	object	operacritiques.free.fr	http://operacritiques.free.fr/css/dewplayer.swf?son=http://piloris.free.fr/fantaisie_foret.mp3
579	chapoHtml	object	operacritiques.free.fr	http://operacritiques.free.fr/css/dewplayer.swf?son=http://piloris.free.fr/mystg1b.mp3
579	chapoHtml	object	operacritiques.free.fr	http://operacritiques.free.fr/css/dewplayer.swf?son=http://piloris.free.fr/mystg2.mp3
581	corpsHtml	img	www.langgaard.dk	http://www.langgaard.dk/kbscan/tryksag/kar1.jpg
581	corpsHtml	img	www.langgaard.dk	http://www.langgaard.dk/kbscan/tryksag/kar2a.jpg
581	corpsHtml	img	www.langgaard.dk	http://www.langgaard.dk/kbscan/tryksag/kar2b.jpg
581	corpsHtml	object	operacritiques.free.fr	http://operacritiques.free.fr/css/dewplayer.swf?son=http://piloris.free.fr/lang_quat5a.mp3
581	chapoHtml	object	operacritiques.free.fr	http://operacritiques.free.fr/css/dewplayer.swf?son=http://piloris.free.fr/lang_quat5d.mp3
582	corpsHtml	lien	www.kcl.ac.uk	http://www.kcl.ac.uk/kis/schools/hums/music/ksa/2EA_13750-2.mp3
582	corpsHtml	lien	www.kcl.ac.uk	http://www.kcl.ac.uk/kis/schools/hums/music/ksa/2EA_13751-1.mp3
584	corpsHtml	img	ec1.images-amazon.com	http://ec1.images-amazon.com/images/P/B000A0HFZS.08._SCMZZZZZZZ_V56201835_.jpg
584	corpsHtml	img	images.amazon.com	http://images.amazon.com/images/P/B000GCG8Y4.01._SCMZZZZZZZ_V60536914_.jpg
584	corpsHtml	img	ec2.images-amazon.com	http://ec2.images-amazon.com/images/P/B000JJRAZ0.01._SCLZZZZZZZ_V44537842_AA240_.jpg
584	corpsHtml	img	multimedia.fnac.com	http://multimedia.fnac.com/multimedia//images_produits/grandes/4/2/6/0028945637624.gif
584	corpsHtml	img	ec2.images-amazon.com	http://ec2.images-amazon.com/images/P/B0000028U6.01._SCTHUMBZZZ_AA90_.jpg
584	corpsHtml	img	ec1.images-amazon.com	http://ec1.images-amazon.com/images/P/B00002DEHE.01._SCTHUMBZZZ_AA90_.jpg
584	corpsHtml	img	ec1.images-amazon.com	http://ec1.images-amazon.com/images/P/B000027R7U.08._SCLZZZZZZZ_AA240_.jpg
588	notesHtml	object	operacritiques.free.fr	http://operacritiques.free.fr/css/dewplayer.swf?mp3=http://piloris.free.fr/dfd_mendel.mp3
589	corpsHtml	lien	www.myoperatoday.com	http://www.myoperatoday.com/music/marschner/vampyr/Ouverture.mp3
589	corpsHtml	lien	www.myoperatoday.com	http://www.myoperatoday.com/music/marschner/vampyr/Act_I.mp3
589	corpsHtml	lien	www.myoperatoday.com	http://www.myoperatoday.com/music/marschner/vampyr/Act_II.mp3
590	corpsHtml	lien	piloris.free.fr	http://piloris.free.fr/loreley1.mp3
590	corpsHtml	lien	piloris.free.fr	http://piloris.free.fr/loreley2.mp3
598	corpsHtml	img	ec1.images-amazon.com	http://ec1.images-amazon.com/images/I/51RQ8E2NM6L._AA240_.jpg
599	corpsHtml	lien	musicontempo.free.fr	http://musicontempo.free.fr/accostar.pdf
600	corpsHtml	object	operacritiques.free.fr	http://operacritiques.free.fr/css/dewplayer.swf?son=http://piloris.free.fr/leipziger.mp3
600	chapoHtml	img	www.jpc.de	http://www.jpc.de/image/cover/front/0/4258696.jpg
606	corpsHtml	lien	piloris.free.fr	http://piloris.free.fr/unpeubas.mp3
606	chapoHtml	lien	piloris.free.fr	http://piloris.free.fr/treshaut.mp3
607	corpsHtml	img	ec1.images-amazon.com	http://ec1.images-amazon.com/images/I/31S23RMY9FL._AA240_.jpg
609	corpsHtml	object	operacritiques.free.fr	http://operacritiques.free.fr/css/dewplayer.swf?son=http://piloris.free.fr/balletgossec.mp3
611	corpsHtml	img	ec1.images-amazon.com	http://ec1.images-amazon.com/images/I/21E286Y05PL._AA130_.jpg
611	corpsHtml	img	ec1.images-amazon.com	http://ec1.images-amazon.com/images/I/21JpSlEDwCL._AA130_.jpg
611	corpsHtml	img	ec1.images-amazon.com	http://ec1.images-amazon.com/images/I/21AWFVAXDPL._AA130_.jpg
612	corpsHtml	img	www.carniolan.com	http://www.carniolan.com/images/11lovcev_pogreb.jpg
618	corpsHtml	embed	www.youtube.com	http://www.youtube.com/v/eM0ly2WTSlw
619	corpsHtml	object	operacritiques.free.fr	http://operacritiques.free.fr/css/dewplayer.swf?son=http://piloris.free.fr/gamme_peri.mp3
619	corpsHtml	object	operacritiques.free.fr	http://operacritiques.free.fr/css/dewplayer.swf?son=http://piloris.free.fr/gamme_farnace.mp3
623	corpsHtml	object	operacritiques.free.fr	http://operacritiques.free.fr/css/dewplayer.swf?son=http://piloris.free.fr/winterahnung_may.mp3
623	corpsHtml	object	operacritiques.free.fr	http://operacritiques.free.fr/css/dewplayer.swf?son=http://piloris.free.fr/alma_stadt.mp3
623	corpsHtml	object	operacritiques.free.fr	http://operacritiques.free.fr/css/dewplayer.swf?son=http://piloris.free.fr/winterahnung_vermillion.mp3
627	corpsHtml	img	ec1.images-amazon.com	http://ec1.images-amazon.com/images/I/61QGCCQFWDL._AA240_.gif
627	corpsHtml	img	ec1.images-amazon.com	http://ec1.images-amazon.com/images/I/51EBVJ176PL._AA240_.jpg
627	corpsHtml	img	g-ec2.images-amazon.com	http://g-ec2.images-amazon.com/images/I/211BDSZP6ZL._AA131_.jpg
641	corpsHtml	img	www.tamsquare.net	http://www.tamsquare.net/thumbnail/W/John-William-Waterhouse-Thisbe-.jpg
641	chapoHtml	object	operacritiques.free.fr	http://operacritiques.free.fr/css/dewplayer.swf?son=http://piloris.free.fr/pyrame.mp3
644	chapoHtml	object	operacritiques.free.fr	http://operacritiques.free.fr/css/dewplayer.swf?son=http://piloris.free.fr/pyrame.mp3
658	corpsHtml	lien	www.carducciquartet.co.uk	http://www.carducciquartet.co.uk/media-files/4thmvt_fifths_carducci_cd.mp3
664	corpsHtml	img	www.latribunedelart.com	http://www.latribunedelart.com/Expositions_2005/Poussin_-_Pyrame_et_Thisbe.JPG
665	corpsHtml	img	www.classiquenews.com	http://www.classiquenews.com/images/lire/chroniques/ssnWascmOl_pyrame.jpg
669	corpsHtml	object	operacritiques.free.fr	http://operacritiques.free.fr/css/dewplayer.swf?son=http://piloris.free.fr/letzte_fruehling_stemme_pappano.mp3
669	notesHtml	object	operacritiques.free.fr	http://operacritiques.free.fr/css/dewplayer.swf?son=http://piloris.free.fr/letzte_fruehling_stemme_pappano.mp3
672	corpsHtml	object	operacritiques.free.fr	http://operacritiques.free.fr/css/dewplayer.swf?son=http://piloris.free.fr/zagreb_en_roumanie_2.mp3
672	chapoHtml	object	operacritiques.free.fr	http://operacritiques.free.fr/css/dewplayer.swf?son=http://piloris.free.fr/zagreb_en_roumanie.mp3
68	chapoHtml	lien	operacritiques.free.fr	http://operacritiques.free.fr/dotclear/mimi.mp3
692	corpsHtml	img	piloris.free.fr	http://piloris.free.fr/phototest/13.jpg
692	corpsHtml	img	piloris.free.fr	http://piloris.free.fr/phototest/24.jpg
692	corpsHtml	img	piloris.free.fr	http://piloris.free.fr/phototest/29.jpg
692	corpsHtml	img	piloris.free.fr	http://piloris.free.fr/phototest/26.jpg
692	corpsHtml	img	piloris.free.fr	http://piloris.free.fr/phototest/27.jpg
692	corpsHtml	img	www.accommodationinczech.com	http://www.accommodationinczech.com/info_files/photos/stav_d.jpg
692	corpsHtml	img	voyageprague.com	http://voyageprague.com/var/voyageprague/foto-culture/stavovske.d01_thumb.gif
703	corpsHtml	img	piloris.free.fr	http://piloris.free.fr/lhote/1999_faust_1_01.jpg
703	corpsHtml	img	piloris.free.fr	http://piloris.free.fr/lhote/lhote - nature morte cubiste, 1917.jpg
703	chapoHtml	img	www.aittouares.com	http://www.aittouares.com/Editions_d_art/Andre_Lhote_l_Oeuvre_peint_I/LHOTE-portrait-1.jpg
704	corpsHtml	lien	piloris.free.fr	http://piloris.free.fr/nilsson_entre.mp3
704	corpsHtml	lien	piloris.free.fr	http://piloris.free.fr/met_silence.mp3
704	chapoHtml	lien	piloris.free.fr	http://piloris.free.fr/ocaso_kubelik_fin.mp3
706	corpsHtml	object	operacritiques.free.fr	http://operacritiques.free.fr/css/dewplayer.swf?son=http://piloris.free.fr/gmyria.mp3
707	corpsHtml	img	cover.universal-music.de	http://cover.universal-music.de/classics/graphics/150/028947158127.jpg
707	corpsHtml	img	www.diverdi.com	http://www.diverdi.com/files/ag/16277/OP-30413_B.jpg
707	corpsHtml	img	www.wdrshop.de	http://www.wdrshop.de/images/product_images/info_images/2162_0.jpg
707	corpsHtml	img	ec1.images-amazon.com	http://ec1.images-amazon.com/images/I/51KKQ9GdTNL._AA240_.jpg
707	corpsHtml	object	operacritiques.free.fr	http://operacritiques.free.fr/css/dewplayer.swf?son=http://piloris.free.fr/kozena_asie.mp3
707	corpsHtml	object	operacritiques.free.fr	http://operacritiques.free.fr/css/dewplayer.swf?son=http://piloris.free.fr/kozena_louches2.mp3
707	chapoHtml	img	piloris.free.fr	http://piloris.free.fr/kozena02-09-2007-18.37.51.jpg
707	notesHtml	object	operacritiques.free.fr	http://operacritiques.free.fr/css/dewplayer.swf?son=http://piloris.free.fr/kozena_scherza.mp3
707	notesHtml	object	operacritiques.free.fr	http://operacritiques.free.fr/css/dewplayer.swf?son=http://piloris.free.fr/kozena_scherza.mp3
709	corpsHtml	object	operacritiques.free.fr	http://operacritiques.free.fr/css/dewplayer.swf?son=http://piloris.free.fr/crespin_flamme.mp3
713	corpsHtml	object	operacritiques.free.fr	http://operacritiques.free.fr/css/dewplayer.swf?son=http://piloris.free.fr/PM_III_4.mp3
713	corpsHtml	object	operacritiques.free.fr	http://operacritiques.free.fr/css/dewplayer.swf?son=http://piloris.free.fr/polypheme_yniold_2.mp3
713	corpsHtml	img	g-ec2.images-amazon.com	http://g-ec2.images-amazon.com/images/I/41NX7C9GFML._AA240_.jpg
713	corpsHtml	lien	www.bedope.com	http://www.bedope.com/storyart/lala.jpg
713	notesHtml	object	operacritiques.free.fr	http://operacritiques.free.fr/css/dewplayer.swf?son=http://piloris.free.fr/PM_III_4.mp3
713	notesHtml	object	operacritiques.free.fr	http://operacritiques.free.fr/css/dewplayer.swf?son=http://piloris.free.fr/polypheme_yniold_2.mp3
717	corpsHtml	img	piloris.free.fr	http://piloris.free.fr/mordant.jpg
721	corpsHtml	lien	www.bedope.com	http://www.bedope.com/storyart/lala.jpg
722	corpsHtml	lien	www.myoperatoday.com	http://www.myoperatoday.com/music/wagner/tristan/karajan_1952/Act_I.mp3
722	corpsHtml	lien	www.myoperatoday.com	http://www.myoperatoday.com/music/wagner/tristan/karajan_1952/Act_II.mp3
722	corpsHtml	lien	www.myoperatoday.com	http://www.myoperatoday.com/music/wagner/tristan/karajan_1952/Act_I.mp3
726	corpsHtml	img	musicontempo.free.fr	http://musicontempo.free.fr/lutin_css.jpg
726	chapoHtml	lien	www.rosaponselle.com	http://www.rosaponselle.com/music/La_Forza_Del_Destino_La%20Vergine_degli_Angeli.mp3
727	corpsHtml	object	operacritiques.free.fr	http://operacritiques.free.fr/css/dewplayer.swf?son=http://musicontempo.free.fr/le_meilleurs.mp3
727	corpsHtml	object	operacritiques.free.fr	http://operacritiques.free.fr/css/dewplayer.swf?son=http://musicontempo.free.fr/individualistes_en_meute.mp3
727	corpsHtml	object	operacritiques.free.fr	http://operacritiques.free.fr/css/dewplayer.swf?son=http://musicontempo.free.fr/et_e_t.mp3
727	corpsHtml	object	operacritiques.free.fr	http://operacritiques.free.fr/css/dewplayer.swf?son=http://musicontempo.free.fr/apres.mp3
735	corpsHtml	object	operacritiques.free.fr	http://operacritiques.free.fr/css/dewplayer.swf?son=http://musicontempo.free.fr/mauss_wallat.mp3
735	corpsHtml	object	operacritiques.free.fr	http://operacritiques.free.fr/css/dewplayer.swf?son=http://musicontempo.free.fr/mauss_zagro.mp3
735	corpsHtml	object	operacritiques.free.fr	http://operacritiques.free.fr/css/dewplayer.swf?son=http://musicontempo.free.fr/mauss_metzmacher.mp3
742	corpsHtml	lien	musicontempo.free.fr	http://musicontempo.free.fr/harold_toscanini.mp3
743	corpsHtml	object	operacritiques.free.fr	http://operacritiques.free.fr/css/dewplayer.swf?son=http://musicontempo.free.fr/faust/puce_beethoven.mp3
743	corpsHtml	object	operacritiques.free.fr	http://operacritiques.free.fr/css/dewplayer.swf?son=http://musicontempo.free.fr/faust/puce_wagner.mp3
743	notesHtml	object	operacritiques.free.fr	http://operacritiques.free.fr/css/dewplayer.swf?son=http://musicontempo.free.fr/faust/puce_radziwill.mp3
743	notesHtml	object	operacritiques.free.fr	http://operacritiques.free.fr/css/dewplayer.swf?son=http://musicontempo.free.fr/faust/puce_berlioz.mp3
743	notesHtml	object	operacritiques.free.fr	http://operacritiques.free.fr/css/dewplayer.swf?son=http://musicontempo.free.fr/faust/puce_gounod.mp3
746	corpsHtml	lien	musicontempo.free.fr	http://musicontempo.free.fr/deux_faust_nerval.pdf
746	corpsHtml	lien	musicontempo.free.fr	http://musicontempo.free.fr/deux_faust_porchat.pdf
746	corpsHtml	lien	musicontempo.free.fr	http://musicontempo.free.fr/faust_I_versifie.pdf
746	corpsHtml	lien	www3.turku.fi	http://www3.turku.fi/orkesteri/faust_teksti.pdf
749	corpsHtml	object	operacritiques.free.fr	http://operacritiques.free.fr/css/dewplayer.swf?son=http://musicontempo.free.fr/faust/puce_radziwill.mp3
752	corpsHtml	img	ecx.images-amazon.com	http://ecx.images-amazon.com/images/I/41KZ7PWDK2L._AA240_.jpg
755	corpsHtml	img	www.simphonie-du-marais.org	http://www.simphonie-du-marais.org/IMG/arton1.jpg
755	corpsHtml	lien	musicontempo.free.fr	http://musicontempo.free.fr/Ulysse_Rebel_Guichard.pdf
756	chapoHtml	img	ecx.images-amazon.com	http://ecx.images-amazon.com/images/I/51Tu5c3ysTL._AA240_.jpg
758	corpsHtml	lien	rapidshare.com	http://rapidshare.com/files/19445736/1949_BernM2_CD1_-_01_-_Track__1.mp3
758	corpsHtml	lien	rapidshare.com	http://rapidshare.com/files/20561158/Mahler_8th_Zillig_NDR_1954_part_1.mp3
758	corpsHtml	lien	rapidshare.com	http://rapidshare.com/files/20560411/Mahler_8th_Zillig_NDR_1954_part_2.mp3
760	corpsHtml	object	operacritiques.free.fr	http://operacritiques.free.fr/css/dewplayer.swf?son=http://musicontempo.free.fr/amen.mp3
760	chapoHtml	object	operacritiques.free.fr	http://operacritiques.free.fr/css/dewplayer.swf?son=http://musicontempo.free.fr/noirsattentats.mp3
762	chapoHtml	object	operacritiques.free.fr	http://operacritiques.free.fr/css/dewplayer.swf?son=http://musicontempo.free.fr/puce_berlioz.mp3
762	notesHtml	object	operacritiques.free.fr	http://operacritiques.free.fr/css/dewplayer.swf?son=http://musicontempo.free.fr/puce_gounod1930.mp3
763	corpsHtml	object	operacritiques.free.fr	http://operacritiques.free.fr/css/dewplayer.swf?son=http://musicontempo.free.fr/tucci.mp3
765	corpsHtml	audio	musicontempo.free.fr	http://musicontempo.free.fr/melisande_enfant.mp3
765	corpsHtml	audio	musicontempo.free.fr	http://musicontempo.free.fr/melisande_tragique.mp3
765	corpsHtml	audio	musicontempo.free.fr	http://musicontempo.free.fr/melisande_feminine.mp3
765	corpsHtml	audio	musicontempo.free.fr	http://musicontempo.free.fr/melisande_oiseau.mp3
765	corpsHtml	audio	musicontempo.free.fr	http://musicontempo.free.fr/melisande_allumeuse.mp3
765	corpsHtml	img	ecx.images-amazon.com	http://ecx.images-amazon.com/images/I/21DRRWCTVRL._AA115_.jpg
765	corpsHtml	img	ecx.images-amazon.com	http://ecx.images-amazon.com/images/I/31M2PHJ04PL._AA115_.jpg
765	corpsHtml	img	ecx.images-amazon.com	http://ecx.images-amazon.com/images/I/117PDRV7ZRL._AA115_.jpg
765	corpsHtml	lien	musicontempo.free.fr	http://musicontempo.free.fr/chacunsongout.mp3
765	notesHtml	object	operacritiques.free.fr	http://operacritiques.free.fr/css/dewplayer.swf?son=http://musicontempo.free.fr/melisande_enfant.mp3
765	notesHtml	object	operacritiques.free.fr	http://operacritiques.free.fr/css/dewplayer.swf?son=http://musicontempo.free.fr/melisande_tragique.mp3
765	notesHtml	object	operacritiques.free.fr	http://operacritiques.free.fr/css/dewplayer.swf?son=http://musicontempo.free.fr/melisande_feminine.mp3
765	notesHtml	object	operacritiques.free.fr	http://operacritiques.free.fr/css/dewplayer.swf?son=http://musicontempo.free.fr/melisande_oiseau.mp3
765	notesHtml	object	operacritiques.free.fr	http://operacritiques.free.fr/css/dewplayer.swf?son=http://musicontempo.free.fr/melisande_allumeuse.mp3
769	corpsHtml	object	operacritiques.free.fr	http://operacritiques.free.fr/css/dewplayer.swf?son=http://musicontempo.free.fr/attaque_martha.mp3
769	corpsHtml	object	operacritiques.free.fr	http://operacritiques.free.fr/css/dewplayer.swf?son=http://musicontempo.free.fr/renee_contre_attaque.mp3
769	corpsHtml	object	operacritiques.free.fr	http://operacritiques.free.fr/css/dewplayer.swf?son=http://musicontempo.free.fr/portamento_tebaldi.mp3
772	corpsHtml	object	operacritiques.free.fr	http://operacritiques.free.fr/css/dewplayer.swf?son=http://musicontempo.free.fr/dupont_effares.mp3
772	corpsHtml	img	ecx.images-amazon.com	http://ecx.images-amazon.com/images/I/51Z23NQVCGL._AA240_.jpg
772	corpsHtml	img	www.timpani-records.com	http://www.timpani-records.com/img/CD_pochette/1C1089.jpg
772	chapoHtml	img	mapage.noos.fr	http://mapage.noos.fr/shv2/g_dupont.jpg
776	corpsHtml	object	operacritiques.free.fr	http://operacritiques.free.fr/css/dewplayer.swf?son=http://musicontempo.free.fr/ballade_enfants_nuit.mp3
776	corpsHtml	img	ecx.images-amazon.com	http://ecx.images-amazon.com/images/I/41RPQFEPX4L._AA240_.jpg
778	corpsHtml	lien	rapidshare.com	http://rapidshare.com/files/5618745/Parsifal531.mp3
778	corpsHtml	lien	rapidshare.com	http://rapidshare.com/files/5616027/Parsifal532.mp3
778	corpsHtml	lien	rapidshare.com	http://rapidshare.com/files/5614576/Parsifal533.mp3
778	chapoHtml	lien	wwws.mmjbdata.com	http://wwws.mmjbdata.com/graphics/www.mmguide.musicmatch.com/album_image/amg_classical/cl300/l360/l360069xu4o.jpg
780	corpsHtml	lien	musicontempo.free.fr	http://musicontempo.free.fr/pastropbien.mp3
784	corpsHtml	lien	musicontempo.free.fr	http://musicontempo.free.fr/pastropbien.mp3
786	corpsHtml	object	operacritiques.free.fr	http://operacritiques.free.fr/css/dewplayer.swf?son=http://musicontempo.free.fr/windie_ah.mp3
788	chapoHtml	img	www.karadar.com	http://www.karadar.com/Jpg/Busoni_image_01.jpg
795	corpsHtml	lien	www.operatoday.com	http://www.operatoday.com/documents/Hans_Heiling.pdf
811	corpsHtml	lien	musicontempo.free.fr	http://musicontempo.free.fr/beinum_tchaikovsky_4_a.mp3
811	corpsHtml	lien	musicontempo.free.fr	http://musicontempo.free.fr/beinum_tchaikovsky_4_b.mp3
811	corpsHtml	lien	musicontempo.free.fr	http://musicontempo.free.fr/beinum_tchaikovsky_4_c.mp3
811	corpsHtml	lien	musicontempo.free.fr	http://musicontempo.free.fr/beinum_tchaikovsky_4_d.mp3
816	corpsHtml	object	operacritiques.free.fr	http://operacritiques.free.fr/css/dewplayer.swf?son=http://musicontempo.free.fr/rebel/marins.mp3
816	corpsHtml	object	operacritiques.free.fr	http://operacritiques.free.fr/css/dewplayer.swf?son=http://musicontempo.free.fr/rebel/vaterland.mp3
816	chapoHtml	img	musicontempo.free.fr	http://musicontempo.free.fr/rebel/guichard_ii.jpg
816	chapoHtml	lien	musicontempo.free.fr	http://musicontempo.free.fr/Rebel_Guichard.pdf
822	corpsHtml	img	musicontempo.free.fr	http://musicontempo.free.fr/imperatrice.jpg
822	corpsHtml	lien	musicontempo.free.fr	http://musicontempo.free.fr/electricite.mp3
825	chapoHtml	img	www.hyperion-records.co.uk	http://www.hyperion-records.co.uk/jpegs/33034.jpg
829	corpsHtml	img	media.npr.org	http://media.npr.org/programs/atc/features/2007/apr/tristan/lamps540.jpg
830	corpsHtml	img	ecx.images-amazon.com	http://ecx.images-amazon.com/images/I/614bJ0D4CsL._AA240_.jpg
831	chapoHtml	lien	www.kunstundkultur.org	http://www.kunstundkultur.org/fileadmin/images/wissenschaft_forschung/goethezeit/schnellkurs_goethe/werther_04.jpg
832	corpsHtml	object	operacritiques.free.fr	http://operacritiques.free.fr/css/dewplayer.swf?son=http://musicontempo.free.fr/navarre_ouv.mp3
832	corpsHtml	object	operacritiques.free.fr	http://operacritiques.free.fr/css/dewplayer.swf?son=http://musicontempo.free.fr/dardanus_ouverture.mp3
832	corpsHtml	object	operacritiques.free.fr	http://operacritiques.free.fr/css/dewplayer.swf?son=http://musicontempo.free.fr/navarre_guerrier.mp3
832	corpsHtml	object	operacritiques.free.fr	http://operacritiques.free.fr/css/dewplayer.swf?son=http://piloris.free.fr/air_athlete.mp3
832	corpsHtml	object	operacritiques.free.fr	http://operacritiques.free.fr/css/dewplayer.swf?son=http://musicontempo.free.fr/navarre_quadrilles.mp3
832	corpsHtml	object	operacritiques.free.fr	http://operacritiques.free.fr/css/dewplayer.swf?son=http://musicontempo.free.fr/dardanus_tambourins.mp3
832	corpsHtml	object	operacritiques.free.fr	http://operacritiques.free.fr/css/dewplayer.swf?son=http://operacritiques.free.fr/css/images/indescontredanse.mp3
832	corpsHtml	object	operacritiques.free.fr	http://operacritiques.free.fr/css/dewplayer.swf?son=http://musicontempo.free.fr/navarre_musette.mp3
832	corpsHtml	object	operacritiques.free.fr	http://operacritiques.free.fr/css/dewplayer.swf?son=http://musicontempo.free.fr/navarre_musette.mp3
834	corpsHtml	img	ecx.images-amazon.com	http://ecx.images-amazon.com/images/I/61RMKPER6QL._AA240_.gif
834	corpsHtml	img	ecx.images-amazon.com	http://ecx.images-amazon.com/images/I/41RF86714KL._AA240_.jpg
834	corpsHtml	img	ecx.images-amazon.com	http://ecx.images-amazon.com/images/I/41HBZ655K2L._AA240_.jpg
834	corpsHtml	img	ecx.images-amazon.com	http://ecx.images-amazon.com/images/I/41ZDHNA70AL._AA240_.jpg
834	corpsHtml	img	cover6.cduniverse.com	http://cover6.cduniverse.com/MuzeAudioArt/020/29983.jpg
834	corpsHtml	img	ecx.images-amazon.com	http://ecx.images-amazon.com/images/I/3103HQD0W6L._AA240_.jpg
834	corpsHtml	object	operacritiques.free.fr	http://operacritiques.free.fr/css/dewplayer.swf?son=http://musicontempo.free.fr/gilles_introit.mp3
834	corpsHtml	img	ecx.images-amazon.com	http://ecx.images-amazon.com/images/I/512DCZ8A3PL._AA240_.jpg
834	corpsHtml	lien	musicontempo.free.fr	http://musicontempo.free.fr/pastropbien.mp3
834	chapoHtml	img	ecx.images-amazon.com	http://ecx.images-amazon.com/images/I/4183DVPBP4L._AA240_.jpg
836	chapoHtml	img	musicontempo.free.fr	http://musicontempo.free.fr/spielwerk.jpg
840	corpsHtml	object	operacritiques.free.fr	http://operacritiques.free.fr/css/dewplayer.swf?son=http://musicontempo.free.fr/bicicleta.mp3
840	corpsHtml	img	www.mondomix.com	http://www.mondomix.com/Publish/album/949/Serenata_63.jpg
848	corpsHtml	img	ecx.images-amazon.com	http://ecx.images-amazon.com/images/I/41imdgC9XrL._AA240_.jpg
848	corpsHtml	object	operacritiques.free.fr	http://operacritiques.free.fr/css/dewplayer.swf?son=http://musicontempo.free.fr/dec07/tichtchenko.mp3
848	corpsHtml	object	operacritiques.free.fr	http://operacritiques.free.fr/css/dewplayer.swf?son=http://musicontempo.free.fr/tichtchenko_6.mp3
849	corpsHtml	lien	musicontempo.free.fr	http://musicontempo.free.fr/stephan_violon.mp3
850	corpsHtml	img	www.classiquenews.com	http://www.classiquenews.com/images/ecouter/chroniques/PjyezD4sKQ_Florez_Arias_For_Rubini_cd.jpg
850	chapoHtml	object	operacritiques.free.fr	http://operacritiques.free.fr/css/dewplayer.swf?son=http://musicontempo.free.fr/consternation.mp3
851	corpsHtml	img	www.lesseguindamerique.ca	http://www.lesseguindamerique.ca/images/armoirie/armoirieancienne.gif
854	corpsHtml	object	operacritiques.free.fr	http://operacritiques.free.fr/css/dewplayer.swf?son=http://musicontempo.free.fr/stig.mp3
856	corpsHtml	object	operacritiques.free.fr	http://operacritiques.free.fr/css/dewplayer.swf?son=http://musicontempo.free.fr/sigurd_reveil.mp3
856	corpsHtml	object	operacritiques.free.fr	http://operacritiques.free.fr/css/dewplayer.swf?son=http://musicontempo.free.fr/siegfried_fin.mp3
868	corpsHtml	lien	musicontempo.free.fr	http://musicontempo.free.fr/loup.mp3
869	corpsHtml	object	operacritiques.free.fr	http://operacritiques.free.fr/css/dewplayer.swf?son=http://musicontempo.free.fr/webern_tief_von_fern.mp3
869	corpsHtml	lien	musicontempo.free.fr	http://musicontempo.free.fr/pastropbien.mp3
875	corpsHtml	object	operacritiques.free.fr	http://operacritiques.free.fr/css/dewplayer.swf?son=http://musicontempo.free.fr/colloque.mp3
876	corpsHtml	object	operacritiques.free.fr	http://operacritiques.free.fr/css/dewplayer.swf?son=http://musicontempo.free.fr/bruckner_eisler.mp3
876	chapoHtml	img	www.jpc.de	http://www.jpc.de/image/w600/front/0/0760623131320.jpg
880	chapoHtml	img	www.cite-musique.fr	http://www.cite-musique.fr/images/_af194.jpg
885	corpsHtml	lien	www.leipzigquartet.com	http://www.leipzigquartet.com/Fuge.mp4
887	corpsHtml	lien	musicontempo.free.fr	http://musicontempo.free.fr/pastropbien.mp3
889	chapoHtml	img	musicontempo.free.fr	http://musicontempo.free.fr/spielwerk.jpg
889	chapoHtml	img	musicontempo.free.fr	http://musicontempo.free.fr/spielwerk.jpg
893	chapoHtml	img	www.codaex.com	http://www.codaex.com/news/johannette2.gif
901	corpsHtml	object	operacritiques.free.fr	http://operacritiques.free.fr/css/dewplayer.swf?son=http://musicontempo.free.fr/dec07/arlesienne.mp3
901	chapoHtml	img	musicontempo.free.fr	http://musicontempo.free.fr/arlesienne_minkowski.jpeg
902	corpsHtml	object	operacritiques.free.fr	http://operacritiques.free.fr/css/dewplayer.swf?son=http://musicontempo.free.fr/prelude_1_tharaud.mp3
902	corpsHtml	object	operacritiques.free.fr	http://operacritiques.free.fr/css/dewplayer.swf?son=http://musicontempo.free.fr/prelude_2_tharaud.mp3
902	chapoHtml	img	ecx.images-amazon.com	http://ecx.images-amazon.com/images/I/51gR2ANx3qL._AA240_.jpg
905	corpsHtml	lien	musicontempo.free.fr	http://musicontempo.free.fr/pastropbien.mp3
906	corpsHtml	object	operacritiques.free.fr	http://operacritiques.free.fr/css/dewplayer.swf?son=http://musicontempo.free.fr/suicidio.mp3
906	corpsHtml	embed	www.youtube.com	http://www.youtube.com/v/Yrxx73Y_iM4&hl=fr
906	corpsHtml	img	www.cfgallery.com	http://www.cfgallery.com/artist/images/thumb_magritte_cecinestpas.jpg
906	corpsHtml	img	wp.logenationalefrancaise.org	http://wp.logenationalefrancaise.org/Iconographie/Rosslyn/jean-baptiste-vinci.jpg
906	corpsHtml	img	www.theartwolf.com	http://www.theartwolf.com/imagenestAW/Leonardo_Madonna_Child_Saint_Anne_back.JPG
906	corpsHtml	img	piloris.free.fr	http://piloris.free.fr/lhote/P1010061.JPG
906	corpsHtml	img	piloris.free.fr	http://piloris.free.fr/lhote/P1010060.JPG
908	chapoHtml	object	operacritiques.free.fr	http://operacritiques.free.fr/css/dewplayer.swf?son=http://musicontempo.free.fr/bacchanale.mp3
916	corpsHtml	img	musicontempo.free.fr	http://musicontempo.free.fr/aout.jpg
916	corpsHtml	object	operacritiques.free.fr	http://operacritiques.free.fr/css/dewplayer.swf?son=http://musicontempo.free.fr/aoutd.mp3
916	corpsHtml	object	operacritiques.free.fr	http://operacritiques.free.fr/css/dewplayer.swf?son=http://musicontempo.free.fr/aoutb.mp3
916	corpsHtml	img	ecx.images-amazon.com	http://ecx.images-amazon.com/images/I/41BDAQ4EZ3L._SL500_AA240_.jpg
920	corpsHtml	lien	musicontempo.free.fr	http://musicontempo.free.fr/franck_variations_symphoniques_beinum.mp3
923	corpsHtml	img	ecx.images-amazon.com	http://ecx.images-amazon.com/images/I/51ZE82HS0FL._SL500_AA240_.jpg
923	chapoHtml	img	ecx.images-amazon.com	http://ecx.images-amazon.com/images/I/51VM2-0HtHL._SL500_AA240_.jpg
923	chapoHtml	img	ecx.images-amazon.com	http://ecx.images-amazon.com/images/I/21G07N79NHL._SL500_AA130_.jpg
923	chapoHtml	img	ecx.images-amazon.com	http://ecx.images-amazon.com/images/I/41XV413A0WL._SL500_AA240_.jpg
923	chapoHtml	img	ecx.images-amazon.com	http://ecx.images-amazon.com/images/I/511H1H565WL._SL500_AA240_.jpg
924	corpsHtml	img	ecx.images-amazon.com	http://ecx.images-amazon.com/images/I/411508YE8KL._SL500_AA240_.jpg
924	corpsHtml	img	ecx.images-amazon.com	http://ecx.images-amazon.com/images/I/41BV4ZF8SVL._SL500_AA240_.jpg
924	corpsHtml	img	ecx.images-amazon.com	http://ecx.images-amazon.com/images/I/21045A19RHL._SL500_AA130_.jpg
924	corpsHtml	img	ecx.images-amazon.com	http://ecx.images-amazon.com/images/I/41RG0N7V6ZL._SL500_AA240_.jpg
925	corpsHtml	object	operacritiques.free.fr	http://operacritiques.free.fr/css/dewplayer.swf?son=http://musicontempo.free.fr/auric_aragon.mp3
929	corpsHtml	img	ecx.images-amazon.com	http://ecx.images-amazon.com/images/I/412J2M7XVSL._SL500_AA240_.jpg
929	corpsHtml	img	alapage.com	http://alapage.com/resize.php?ref=922358&type=2&r=0.4&s=0.6
929	corpsHtml	img	www.prestoclassical.co.uk	http://www.prestoclassical.co.uk/images/records/testamentsbt1291.jpg
929	corpsHtml	img	www.francoisleroux.net	http://www.francoisleroux.net/img/discographie/faure1.jpg
929	corpsHtml	img	www.selections.com	http://www.selections.com/images/products/picture1zoom/BX565.jpg
929	chapoHtml	img	musicontempo.free.fr	http://musicontempo.free.fr/Macdonough.jpg
930	corpsHtml	object	operacritiques.free.fr	http://operacritiques.free.fr/css/dewplayer.swf?son=http://musicontempo.free.fr/france_2_prometheen.mp3
931	chapoHtml	img	operachic.typepad.com	http://operachic.typepad.com/photos/uncategorized/henri_duparc.jpg
931	notesHtml	img	ecx.images-amazon.com	http://ecx.images-amazon.com/images/I/41SHMW7R46L._SL500_AA240_.jpg
931	notesHtml	img	www.arion-music.com	http://www.arion-music.com/images/covers/PV793061.jpg
931	notesHtml	img	ecx.images-amazon.com	http://ecx.images-amazon.com/images/I/41X2RRPH42L._SL500_AA240_.jpg
932	corpsHtml	img	ecx.images-amazon.com	http://ecx.images-amazon.com/images/I/217BCXPEB1L._SL500_AA130_.jpg
937	corpsHtml	img	ecx.images-amazon.com	http://ecx.images-amazon.com/images/I/41RACNB7TJL._SL500_AA240_.jpg
937	corpsHtml	img	www.arion-music.com	http://www.arion-music.com/images/covers/PV793061.jpg
937	corpsHtml	img	ecx.images-amazon.com	http://ecx.images-amazon.com/images/I/51Y3E2D4MSL._SL500_AA240_.jpg
937	corpsHtml	img	ecx.images-amazon.com	http://ecx.images-amazon.com/images/I/41iUxHn7xxL._SL500_AA240_.jpg
937	corpsHtml	img	ecx.images-amazon.com	http://ecx.images-amazon.com/images/I/41TRCGJFA1L._SL500_AA240_.jpg
937	corpsHtml	img	beta.bordersstores.com	http://beta.bordersstores.com/ProductImages/products/00/54/92/a/54922429_a.jpg
937	corpsHtml	img	ecx.images-amazon.com	http://ecx.images-amazon.com/images/I/41RACNB7TJL._SL500_AA240_.jpg
937	corpsHtml	img	ecx.images-amazon.com	http://ecx.images-amazon.com/images/I/41X2RRPH42L._SL500_AA240_.jpg
937	corpsHtml	img	ecx.images-amazon.com	http://ecx.images-amazon.com/images/I/41iUxHn7xxL._SL500_AA240_.jpg
937	corpsHtml	img	beta.bordersstores.com	http://beta.bordersstores.com/ProductImages/products/00/54/92/a/54922429_a.jpg
937	corpsHtml	img	ecx.images-amazon.com	http://ecx.images-amazon.com/images/I/41X2RRPH42L._SL500_AA240_.jpg
937	corpsHtml	img	www.arion-music.com	http://www.arion-music.com/images/covers/PV793061.jpg
937	corpsHtml	img	ecx.images-amazon.com	http://ecx.images-amazon.com/images/I/41iUxHn7xxL._SL500_AA240_.jpg
937	chapoHtml	img	ecx.images-amazon.com	http://ecx.images-amazon.com/images/I/41SHMW7R46L._SL500_AA240_.jpg
937	chapoHtml	img	ecx.images-amazon.com	http://ecx.images-amazon.com/images/I/41X2RRPH42L._SL500_AA240_.jpg
942	corpsHtml	object	operacritiques.free.fr	http://operacritiques.free.fr/css/dewplayer.swf?son=http://musicontempo.free.fr/wieck_schumann_lorelei.mp3
942	chapoHtml	object	operacritiques.free.fr	http://operacritiques.free.fr/css/dewplayer.swf?son=http://musicontempo.free.fr/wieck_schumann_lorelei.mp3
942	chapoHtml	object	operacritiques.free.fr	http://operacritiques.free.fr/css/dewplayer.swf?son=http://musicontempo.free.fr/liquide.mp3
942	chapoHtml	object	operacritiques.free.fr	http://operacritiques.free.fr/css/dewplayer.swf?son=http://musicontempo.free.fr/martelement.mp3
942	chapoHtml	object	operacritiques.free.fr	http://operacritiques.free.fr/css/dewplayer.swf?son=http://musicontempo.free.fr/chanson.mp3
942	chapoHtml	object	operacritiques.free.fr	http://operacritiques.free.fr/css/dewplayer.swf?son=http://musicontempo.free.fr/chanson_voix.mp3
942	chapoHtml	object	operacritiques.free.fr	http://operacritiques.free.fr/css/dewplayer.swf?son=http://musicontempo.free.fr/martelement.mp3
945	corpsHtml	img	ecx.images-amazon.com	http://ecx.images-amazon.com/images/I/41R1ECWCPBL._SL500_AA240_.jpg
945	corpsHtml	img	ecx.images-amazon.com	http://ecx.images-amazon.com/images/I/41N20CJSPVL._SL500_AA240_.jpg
945	corpsHtml	img	musicontempo.free.fr	http://musicontempo.free.fr/clara_lan_rao.jpg
945	corpsHtml	img	ecx.images-amazon.com	http://ecx.images-amazon.com/images/I/51h5Nlq87qL._SL500_AA240_.jpg
945	corpsHtml	img	ecx.images-amazon.com	http://ecx.images-amazon.com/images/I/41NRHBGRPML._SL500_AA240_.jpg
945	corpsHtml	img	ecx.images-amazon.com	http://ecx.images-amazon.com/images/I/515YHCB5CDL._SL500_AA240_.jpg
945	corpsHtml	img	ecx.images-amazon.com	http://ecx.images-amazon.com/images/I/41KECY6F4BL._SL500_AA240_.jpg
959	chapoHtml	object	operacritiques.free.fr	http://operacritiques.free.fr/css/dewplayer.swf?son=http://musicontempo.free.fr/gezeichneten/deb_III.mp3
959	notesHtml	object	operacritiques.free.fr	http://operacritiques.free.fr/css/dewplayer.swf?son=http://musicontempo.free.fr/gezeichneten/deb_III.mp3
960	corpsHtml	object	operacritiques.free.fr	http://operacritiques.free.fr/css/dewplayer.swf?son=http://musicontempo.free.fr/damase_pira.mp3
960	corpsHtml	object	operacritiques.free.fr	http://operacritiques.free.fr/css/dewplayer.swf?son=http://musicontempo.free.fr/damase_pira_d.mp3
960	corpsHtml	object	operacritiques.free.fr	http://operacritiques.free.fr/css/dewplayer.swf?son=http://musicontempo.free.fr/damase_meyerbeer_d.mp3
960	corpsHtml	object	operacritiques.free.fr	http://operacritiques.free.fr/css/dewplayer.swf?son=http://musicontempo.free.fr/damase_tulasdit.mp3
960	corpsHtml	object	operacritiques.free.fr	http://operacritiques.free.fr/css/dewplayer.swf?son=http://musicontempo.free.fr/damase_dalila.mp3
960	corpsHtml	object	operacritiques.free.fr	http://operacritiques.free.fr/css/dewplayer.swf?son=http://musicontempo.free.fr/damase_didon.mp3
960	corpsHtml	object	operacritiques.free.fr	http://operacritiques.free.fr/css/dewplayer.swf?son=http://musicontempo.free.fr/damase_meyerbeer_2_d.mp3
960	corpsHtml	object	operacritiques.free.fr	http://operacritiques.free.fr/css/dewplayer.swf?son=http://musicontempo.free.fr/damase_bellini.mp3
960	corpsHtml	object	operacritiques.free.fr	http://operacritiques.free.fr/css/dewplayer.swf?son=http://musicontempo.free.fr/damase_halevy.mp3
960	chapoHtml	object	operacritiques.free.fr	http://operacritiques.free.fr/css/dewplayer.swf?son=http://musicontempo.free.fr/opera_dans_colombe.mp3
961	corpsHtml	object	operacritiques.free.fr	http://operacritiques.free.fr/css/dewplayer.swf?son=http://musicontempo.free.fr/gezeichneten/deb_III.mp3
961	chapoHtml	img	www.nebraskahistory.org	http://www.nebraskahistory.org/images/exhibits/doll_show/31.jpg
963	corpsHtml	img	www.dacapo-records.dk	http://www.dacapo-records.dk/images/covers/8_224076.jpg
965	chapoHtml	lien	musicontempo.free.fr	http://musicontempo.free.fr/h.mp3
966	corpsHtml	object	operacritiques.free.fr	http://operacritiques.free.fr/css/dewplayer.swf?son=http://musicontempo.free.fr/schumann_quintette_c.mp3
966	chapoHtml	img	musicontempo.free.fr	http://musicontempo.free.fr/schumann_epoque_2.jpg
966	chapoHtml	object	operacritiques.free.fr	http://operacritiques.free.fr/css/dewplayer.swf?son=http://musicontempo.free.fr/schumann_quintette_a.mp3
967	chapoHtml	img	image.evene.fr	http://image.evene.fr/img/agenda/evt/g/11169.jpg
970	corpsHtml	lien	musicontempo.free.fr	http://musicontempo.free.fr/pasbien.mp3
973	corpsHtml	img	www.resonances-bretagne.org	http://www.resonances-bretagne.org/spip2005/00/FCKeditorFiles/Image/compositeurs_bretons/cras.jpg
975	corpsHtml	object	operacritiques.free.fr	http://operacritiques.free.fr/css/dewplayer.swf?son=http://musicontempo.free.fr/herold_zampa_romance.mp3
975	chapoHtml	object	operacritiques.free.fr	http://operacritiques.free.fr/css/dewplayer.swf?son=http://musicontempo.free.fr/herold_zampa_ouverture.mp3
977	chapoHtml	object	operacritiques.free.fr	http://operacritiques.free.fr/css/dewplayer.swf?son=http://musicontempo.free.fr/herold_zampa_engloutissement.mp3
977	chapoHtml	object	operacritiques.free.fr	http://operacritiques.free.fr/css/dewplayer.swf?son=http://musicontempo.free.fr/herold_zampa_trio_et_quatuor.mp3
979	chapoHtml	img	musicontempo.free.fr	http://musicontempo.free.fr/weininger.jpg
979	chapoHtml	object	operacritiques.free.fr	http://operacritiques.free.fr/css/dewplayer.swf?son=http://musicontempo.free.fr/gezeichneten/deb_III.mp3
982	corpsHtml	img	lh6.ggpht.com	http://lh6.ggpht.com/men.in.full/SAP_qS1pRJI/AAAAAAAAAX4/mCvKQcgVhdI/s800/Boecklin%20im%20spiel%20der%20wellen.jpg
982	corpsHtml	img	www.bocklin.net	http://www.bocklin.net/Bocklin_index01.jpg
982	corpsHtml	img	www.zeno.org	http://www.zeno.org/Kunstwerke.images/I/1660018a.jpg
982	corpsHtml	img	content.answers.com	http://content.answers.com/main/content/wp/en/thumb/1/17/120px-Bocklin_isle_of_the_dead_NY.jpg
982	corpsHtml	lien	musicontempo.free.fr	http://musicontempo.free.fr/reger_boecklin_abendroth/reger_boecklin_abendroth.mp3
982	chapoHtml	img	www.societyofcontrol.com	http://www.societyofcontrol.com/x404/web_eremitage/images/boecklin_arnold%201827_der%20einsiedler_der%20geigende%20eremit_1884.jpg
987	chapoHtml	img	www.thebricktestament.com	http://www.thebricktestament.com/the_law/proof_of_virginity/dt22_15-17.jpg
988	corpsHtml	img	musicontempo.free.fr	http://musicontempo.free.fr/saintes_panneau.jpg
988	corpsHtml	img	musicontempo.free.fr	http://musicontempo.free.fr/saintes_habitat.jpg
988	corpsHtml	img	musicontempo.free.fr	http://musicontempo.free.fr/saintes_temple_protestant.jpg
988	corpsHtml	img	musicontempo.free.fr	http://musicontempo.free.fr/bordeaux_synagogue_exterieur.jpg
988	corpsHtml	img	musicontempo.free.fr	http://musicontempo.free.fr/bordeaux_synagogue_entree_2.jpg
988	corpsHtml	img	staticblog.hi-pi.com	http://staticblog.hi-pi.com/gisblogMnt-musicblog/elduende/images/mn/1195391663.jpg
988	corpsHtml	img	musicontempo.free.fr	http://musicontempo.free.fr/saintes_plan_amphitheatre.jpg
989	corpsHtml	img	musicontempo.free.fr	http://musicontempo.free.fr/saintes_thermes_saint_saloine.jpg
989	corpsHtml	img	www.ville-saintes.fr	http://www.ville-saintes.fr/typo3temp/pics/0cb19b16b2.jpg
989	corpsHtml	img	musicontempo.free.fr	http://musicontempo.free.fr/germanicus_2.jpg
989	corpsHtml	img	musicontempo.free.fr	http://musicontempo.free.fr/amphi_eutrope.jpg
989	corpsHtml	img	musicontempo.free.fr	http://musicontempo.free.fr/amphi_plain.jpg
989	corpsHtml	img	musicontempo.free.fr	http://musicontempo.free.fr/amphi_ensemble.jpg
989	corpsHtml	img	musicontempo.free.fr	http://musicontempo.free.fr/amphi_arene.jpg
989	corpsHtml	img	musicontempo.free.fr	http://musicontempo.free.fr/lapidaire1.jpg
989	corpsHtml	img	musicontempo.free.fr	http://musicontempo.free.fr/lapidaire2.jpg
989	corpsHtml	img	musicontempo.free.fr	http://musicontempo.free.fr/lapidaire3.jpg
991	chapoHtml	img	musicontempo.free.fr	http://musicontempo.free.fr/saintes_dames_scene.jpg
991	chapoHtml	img	musicontempo.free.fr	http://musicontempo.free.fr/saintes_dames_plat.jpg
995	chapoHtml	img	espagne.aquitaine.fr	http://espagne.aquitaine.fr/IMG/jpg/mably.jpg
995	chapoHtml	lien	www.hyperion-records.co.uk	http://www.hyperion-records.co.uk/mp3_extr/GBAJY9925614x.mp3
996	corpsHtml	object	operacritiques.free.fr	http://operacritiques.free.fr/css/dewplayer.swf?son=http://operacritiques.free.fr/css/images/reyer_salammbo_dlm.mp3
997	chapoHtml	img	musicontempo.free.fr	http://musicontempo.free.fr/lully_armide_1900.jpg
97003	corpsHtml	lien	operacritiques.free.fr	http://operacritiques.free.fr/css/images/betharram_1.pdf
97003	corpsHtml	lien	operacritiques.free.fr	http://operacritiques.free.fr/css/images/betharram_2.pdf
3360	corpsHtml	img	carnetsol.fr	http://carnetsol.fr/css/images/atys_rousset_versailles_2024.jpg
3379	corpsHtml	lien	carnetsol.fr	http://carnetsol.fr/css/images/tce_2024-2025.pdf
3398	corpsHtml	audio	operacritiques.free.fr	http://operacritiques.free.fr/css/images/rubinstein_prelude_53-5_dlm.flac
3402	corpsHtml	audio	operacritiques.free.fr	http://operacritiques.free.fr/css/images/rubinstein_christus_1_prelude.flac
3402	corpsHtml	audio	operacritiques.free.fr	http://operacritiques.free.fr/css/images/rubinstein_christus_2_mages.flac
3402	corpsHtml	audio	operacritiques.free.fr	http://operacritiques.free.fr/css/images/rubinstein_christus_3_wueste.flac
3430	corpsHtml	img	carnetsol.fr	http://carnetsol.fr/css/images/dassoucy_satyre.png
